Term,PosScore,NegScore,hindi
direct,0.75,0.0,प्रत्यक्ष
adoptable,0.75,0.0,ग्रहणीय
due,0.75,0.0,देय
ravishing,0.75,0.0,सुंदर
benefic,0.75,0.0,फायदेमंद
unsurpassable,1.0,0.0,unsurpassable
thorough,0.75,0.0,संपूर्ण
cautious,0.75,0.0,सतर्क
competent,0.75,0.0,सक्षम
workmanlike,0.75,0.0,कारीगर जैसे
competent,0.75,0.0,सक्षम
full-blown,0.75,0.0,प्रफुल्ल
conspicuous,0.75,0.0,विशिष्ट
differentiable,0.75,0.0,विभेदक
constant,0.75,0.125,स्थिर
incorrupt,0.75,0.25,ईमानदार
corn-fed,0.75,0.0,मक्का खिलाया
decorous,0.75,0.0,शिष्ट
definite,0.75,0.0,निश्चित
importunate,0.75,0.125,हठी
plummy,0.75,0.0,किशमिश से भरा हुआ
discerning,0.875,0.0,विवेकी
incisive,0.75,0.0,काटा हुआ
metal-cutting,0.75,0.0,धातु को काटना
bounden,0.875,0.0,परम
disenchanted,0.875,0.0,मोहभंग
exportable,0.75,0.0,निर्यात
enlightened,0.75,0.0,प्रबुद्ध
estimable,1.0,0.0,आदर लायक़
exchangeable,0.75,0.0,बदलानेवाला
expendable,0.75,0.0,उपभोजित
extricable,0.75,0.0,extricable
fit,0.75,0.0,फिट
pleasant-smelling,0.75,0.0,सुखद महक
goodish,0.75,0.0,goodish
goody-goody,0.875,0.0,पाखंडी
white,0.75,0.0,सफेद
good-natured,0.75,0.0,नेकदिल
gainly,0.875,0.0,Gainly
bouncing,0.75,0.0,उछाल वाली
firm,0.875,0.0,दृढ़
hearty,0.75,0.0,हार्दिक
well-preserved,0.75,0.0,अच्छी तरह से संरक्षित
laureate,0.75,0.0,पुरस्कार विजेता
droll,0.75,0.0,हंसी उड़ाना
measurable,0.75,0.0,औसत दर्जे का
intellectual,0.875,0.0,बौद्धिक
inviting,0.75,0.0,आमंत्रित
gladsome,0.75,0.0,ख़ुश
singable,0.75,0.0,singable
moralistic,0.75,0.125,नैतिक
incorrupt,0.75,0.25,ईमानदार
licit,0.75,0.0,बोली
incumbent,0.875,0.0,निर्भर
unimpassioned,0.75,0.0,unimpassioned
finished,0.75,0.0,ख़त्म होना
microscopic,0.75,0.0,सूक्ष्म
halal,0.75,0.0,वैध
kosher,0.75,0.0,कोषेर
disarming,0.75,0.125,निरस्त्रीकरण
white,0.75,0.125,सफेद
ladylike,0.75,0.0,स्रीवत
unprintable,0.75,0.25,गंदा
diffident,0.875,0.0,संकोची
answerable,0.875,0.0,जवाबदेह
emancipative,0.75,0.125,emancipative
danceable,0.75,0.0,danceable
opposite,0.75,0.125,सामने
antiseptic,0.75,0.25,सड़न रोकनेवाली दबा
shapely,0.75,0.0,सुडौल
well-proportioned,0.75,0.0,अच्छी तरह से सानुपातिक
sound,0.75,0.0,ध्वनि
straightarrow,0.875,0.125,सीधा तीर
upper,0.75,0.0,ऊपरी
banner,0.875,0.0,बैनर
gilt-edged,0.75,0.0,पहली श्रेणी का
premium,0.75,0.0,प्रीमियम
shining,0.75,0.0,चमकदार
spiffing,0.875,0.0,spiffing
choice,0.75,0.125,पसंद
serviceable,0.75,0.0,फ़ायदेमंद
sacred,0.75,0.0,धार्मिक
constitutional,0.75,0.0,संवैधानिक
deliverable,0.75,0.0,प्रदेय
ducal,0.75,0.0,Ducal
masterstroke,0.75,0.0,मास्टरस्ट्रोक
pleasantry,0.75,0.0,हँसी
indignity,0.75,0.0,रोष
props,0.875,0.0,रंगमंच की सामग्री
titillation,0.75,0.0,गुदगुदाना
beatification,0.75,0.0,परम सुख
rambouillet,0.75,0.0,Rambouillet
character,0.875,0.0,चरित्र
drama,0.75,0.0,नाटक
chirpiness,0.75,0.0,chirpiness
vivacity,0.75,0.25,चुस्ती
mettlesomeness,0.75,0.0,mettlesomeness
bluffness,0.875,0.0,bluffness
picturesqueness,0.875,0.0,सरसता
pleasingness,0.75,0.0,pleasingness
attractiveness,0.75,0.0,आकर्षण
innateness,0.75,0.25,innateness
totality,0.75,0.0,समग्रता
looseness,0.75,0.25,ढील
wholesomeness,0.875,0.0,स्वास्थ्य-प्रदाता
healthfulness,0.875,0.0,healthfulness
trueness,0.75,0.0,सच्चाई
tastefulness,0.875,0.0,tastefulness
urbanity,0.875,0.0,शिष्टता
conscientiousness,0.75,0.0,कर्त्तव्य निष्ठां
safeness,0.75,0.25,निश्चिंतता
scrupulousness,0.75,0.0,परिशुद्धता
integrity,0.875,0.125,अखंडता
probity,0.75,0.0,ईमानदारी
artfulness,0.75,0.0,चलाकी
dedication,0.875,0.0,निष्ठा
urbanity,0.875,0.0,शिष्टता
crispness,0.875,0.0,करारापन
extremeness,0.75,0.25,ज़्यादती
reasonableness,0.75,0.0,तर्कसंगतता
affirmativeness,0.75,0.0,affirmativeness
importance,0.75,0.125,महत्त्व
account,0.875,0.125,लेखा
meaningfulness,0.75,0.125,सार्थकता
shrillness,0.75,0.25,कर्कशता
eye,0.75,0.0,आंख
logic,0.75,0.0,तर्क
judiciousness,0.875,0.0,judiciousness
ear,0.75,0.0,कान
balletomania,0.75,0.0,balletomania
mastering,0.75,0.0,मास्टरिंग
principle,0.75,0.0,सिद्धांत
hedonism,0.75,0.0,हेडोनिजम
courtesy,0.75,0.0,के सौजन्य से
topper,0.75,0.0,टोपर
divination,0.875,0.0,अटकल
moralism,0.75,0.125,नीतिज्ञता
bonheur,0.875,0.0,ख़ुशी
beneficence,0.75,0.0,उपकार
criollo,0.75,0.0,क्रियोल
amoralist,0.75,0.0,amoralist
brick,0.75,0.0,ईंट
first-rater,1.0,0.0,पहली दर निर्धारित करने वाला
out-and-outer,0.75,0.0,एकाकी
pleaser,0.75,0.0,pleaser
possible,0.75,0.0,मुमकिन
serendipity,0.75,0.125,नसीब
antithesis,0.75,0.0,विलोम
contrary,0.75,0.0,विरोध
algidity,0.75,0.25,algidity
pathology,0.75,0.125,विकृति विज्ञान
character,0.875,0.0,चरित्र
fettle,0.75,0.0,अवस्था
time,0.75,0.0,समय
simply,0.75,0.0,केवल
downright,0.75,0.0,सर्वथा
recuperate,0.75,0.0,स्वस्थ हो जाना
redound,0.75,0.0,सहायता देना
enervate,0.75,0.0,कमज़ोर
delouse,0.75,0.0,delouse
think,0.75,0.0,सोच
receive,0.75,0.0,प्राप्त करना
consider,0.75,0.0,विचार करें
give,0.75,0.125,देना
filigree,0.875,0.0,चांदी के महीन
stultify,0.75,0.125,मूर्ख बनाना
see,0.75,0.0,देख
vest,0.875,0.0,बनियान
agree,0.875,0.0,इस बात से सहमत
suit,0.875,0.0,सूट
belong,0.75,0.0,संबंधित
make,0.875,0.0,बनाना
sensation,0.9,0.0,सनसनी
thriving,0.9,0.0,संपन्न
marvels,0.9,0.0,चमत्कार
vibrant,0.9,0.0,जीवंत
fragrant,0.9,0.0,सुगंधित
enthusiast,0.9,0.0,सरगर्म
successfully,0.9,0.0,सफलतापूर्वक
gifted,0.9,0.0,प्रतिभाशाली
unequivocal,0.9,0.0,स्पष्ट
readily,0.9,0.0,आसानी से
solicitously,0.9,0.0,उत्सुकतापूर्वक
enchantingly,0.9,0.0,मोहित करते हुए
gold,0.9,0.0,सोना
comforting,0.9,0.0,आराम देते
portable,0.9,0.0,पोर्टेबल
sensations,0.9,0.0,उत्तेजना
truthful,0.9,0.0,ईमानदार
notably,0.9,0.0,विशेष रूप से
bonny,0.9,0.0,स्वास्थ
adulate,0.9,0.0,झूठी प्रशंसा करना
jolly,0.9,0.0,विनोदी
supurb,0.9,0.0,supurb
aspiration,0.9,0.0,आकांक्षा
venerate,0.9,0.0,सम्मानित करना
liking,0.9,0.0,पसंद
sweeping,0.9,0.0,झाड़ू मारना
flexible,0.9,0.0,लचीला
liberty,0.9,0.0,स्वतंत्रता
refresh,0.9,0.0,ताज़ा करना
vivacious,0.9,0.0,गरमागरम
gem,0.9,0.0,मणि
impress,0.9,0.0,Impress
trumpet,0.9,0.0,तुरही
entrust,0.9,0.0,सौंपना
catchy,0.9,0.0,आकर्षक
talents,0.9,0.0,प्रतिभा
retractable,0.9,0.0,त्याग देने योग्य
passionate,0.9,0.0,उत्साही के
triumph,0.9,0.0,विजय
afordable,0.9,0.0,Afordable
congratulations,0.9,0.0,बधाई हो
bargain,0.9,0.0,मोल तोल
glad,0.9,0.0,प्रसन्न
rejuvenated,0.9,0.0,फिर से जवान
top,0.9,0.0,ऊपर
gladden,0.9,0.0,प्रसन्न करना
energize,0.9,0.0,Energize
humane,0.9,0.0,दयालु
swank,0.9,0.0,डींग
insightfully,0.9,0.0,insightfully
courageousness,0.9,0.0,साहस
fancinating,0.9,0.0,fancinating
maturity,0.9,0.0,परिपक्वता
energy-efficient,0.9,0.0,ऊर्जा से भरपूर
calm,0.9,0.0,शांत
desirable,0.9,0.0,वांछित
poeticize,0.9,0.0,कविता का रूप देना
easiest,0.9,0.0,सबसे आसान
low-price,0.9,0.0,कम कीमत
striving,0.9,0.0,प्रयास
advantage,0.9,0.0,फायदा
cheerful,0.9,0.0,हंसमुख
ample,0.9,0.0,प्रचुर
steady,0.9,0.0,नियमित
effortless,0.9,0.0,सरल
innovation,0.9,0.0,नवोन्मेष
fine-looking,0.9,0.0,ठीक दिखने
wonders,0.9,0.0,चमत्कार
cashback,0.9,0.0,नकदी वापस
quicker,0.9,0.0,तेज
gleeful,0.9,0.0,ज़िंदादिल
expertly,0.9,0.0,expertly
divine,0.9,0.0,दिव्य
miraculously,0.9,0.0,चमत्कारिक ढंग से
daring,0.9,0.0,साहसी
pepped,0.9,0.0,pepped
cooperatively,0.9,0.0,सहयोगात्मक
gainful,0.9,0.0,लाभदायक
rewarding,0.9,0.0,पुरस्कृत
magnificently,0.9,0.0,भव्यता से
captivate,0.9,0.0,Captivate
exceeding,0.9,0.0,से अधिक
ready,0.9,0.0,तैयार
invaluablely,0.9,0.0,invaluablely
modesty,0.9,0.0,शील
innovative,0.9,0.0,अभिनव
rapturous,0.9,0.0,मनमौजी
soulful,0.9,0.0,भावपूर्ण
hard-working,0.9,0.0,मेहनती
understandable,0.9,0.0,बोधगम्य
resourcefulness,0.9,0.0,उपाय कुशलता
illumine,0.9,0.0,प्रकाशित
trusty,0.9,0.0,भरोसेमंद
patriot,0.9,0.0,देश-भक्त
amply,0.9,0.0,जिसकी पर्याप्त
appreciate,0.9,0.0,सराहना
large-capacity,0.9,0.0,बड़ी क्षमता
ardent,0.9,0.0,उत्साही
inspiration,0.9,0.0,प्रेरणा स्त्रोत
topnotch,0.9,0.0,शीर्ष के
fluent,0.9,0.0,धाराप्रवाह
well-balanced,0.9,0.0,अच्छी तरह से संतुलित
clear-cut,0.9,0.0,स्पष्ट
lovely,0.9,0.0,सुंदर
frugal,0.9,0.0,मितव्ययी
affirm,0.9,0.0,वाणी
idealize,0.9,0.0,आदर्श बनाना
great,0.9,0.0,महान
profoundly,0.9,0.0,गंभीरतापूर्वक
gumption,0.9,0.0,तर्कशीलता
elation,0.9,0.0,उत्साह
stability,0.9,0.0,स्थिरता
spellbound,0.9,0.0,मंत्रमुग्ध
obsessions,0.9,0.0,आग्रह
applaud,0.9,0.0,सराहना
willing,0.9,0.0,तैयार
well-bred,0.9,0.0,तमीज़दार
cleanly,0.9,0.0,सफाई से
graciousness,0.9,0.0,कृपा
constructive,0.9,0.0,रचनात्मक
pampers,0.9,0.0,pampers
hotcakes,0.9,0.0,हॉट केक
realistic,0.9,0.0,वास्तविक
nicely,0.9,0.0,अच्छी तरह से
unbiased,0.9,0.0,निष्पक्ष
virtuously,0.9,0.0,नेकी
free,0.9,0.0,नि: शुल्क
fairly,0.9,0.0,काफी
cushy,0.9,0.0,cushy
grand,0.9,0.0,लंबा
admirer,0.9,0.0,Admire
peaceable,0.9,0.0,शांतिप्रिय
laud,0.9,0.0,तालिका
renewed,0.9,0.0,नए सिरे से
inspire,0.9,0.0,को प्रेरित
buoyant,0.9,0.0,प्रसन्नचित्त
humility,0.9,0.0,विनम्रता
stabilize,0.9,0.0,स्थिर
hopeful,0.9,0.0,आशावान
staunchness,0.9,0.0,staunchness
tenderly,0.9,0.0,नम्रता से
amiabily,0.9,0.0,amiabily
liberation,0.9,0.0,मुक्ति
loveliness,0.9,0.0,सुंदरता
stunned,0.9,0.0,दंग रह
seamless,0.9,0.0,निर्बाध
supremely,0.9,0.0,सर्वोच्च
capable,0.9,0.0,सक्षम
firmer,0.9,0.0,मजबूत
overture,0.9,0.0,प्रस्ताव
chivalrous,0.9,0.0,उदार
ingeniously,0.9,0.0,प्रवीणा
freedom,0.9,0.0,आजादी
well-positioned,0.9,0.0,अच्छे पद पर
balanced,0.9,0.0,संतुलित
refunded,0.9,0.0,वापस कर दी
triumphal,0.9,0.0,विजयी
angelic,0.9,0.0,दिव्य
matchless,0.9,0.0,अतुलनीय
tenacious,0.9,0.0,दृढ़
successful,0.9,0.0,सफल
powerfully,0.9,0.0,शक्ति से
uplifting,0.9,0.0,उत्थान
dynamic,0.9,0.0,गतिशील
thankful,0.9,0.0,कृतज्ञ
cuteness,0.9,0.0,मासूमियत
champ,0.9,0.0,मैदान
intriguingly,0.9,0.0,दिलचस्प
sufficiently,0.9,0.0,पर्याप्त रूप से
pepping,0.9,0.0,pepping
god-send,0.9,0.0,भगवान भेजने
mature,0.9,0.0,प्रौढ़
top-quality,0.9,0.0,उत्तम गुणवत्ता
efficient,0.9,0.0,कुशल
easy-to-use,0.9,0.0,प्रयोग करने में आसान
peppy,0.9,0.0,क्रियात्मक
idol,0.9,0.0,प्रतिमा
elegantly,0.9,0.0,सुंदर ढंग से
glorious,0.9,0.0,यशस्वी
insightful,0.9,0.0,व्यावहारिक
economical,0.9,0.0,किफ़ायती
reassurance,0.9,0.0,आश्वासन
premier,0.9,0.0,प्रथम
redeem,0.9,0.0,के एवज
pain-free,0.9,0.0,दर्द से मुक्त
supporter,0.9,0.0,समर्थक
rejoicingly,0.9,0.0,सुख से
dawn,0.9,0.0,भोर
gutsy,0.9,0.0,साहसी
terrifically,0.9,0.0,दहलाने वाला
imaculate,0.9,0.0,imaculate
appreciated,0.9,0.0,की सराहना की
strongest,0.9,0.0,सबसे मजबूत
accomplish,0.9,0.0,पूरा
stimulate,0.9,0.0,प्रोत्साहित करना
distinguished,0.9,0.0,प्रतिष्ठित
joy,0.9,0.0,हर्ष
enjoyed,0.9,0.0,मज़ा आया
elate,0.9,0.0,Elate
benefit,0.9,0.0,फायदा
openness,0.9,0.0,खुलापन
achievement,0.9,0.0,उपलब्धि
honorable,0.9,0.0,माननीय
salute,0.9,0.0,स्वास्थ्य
genuine,0.9,0.0,वास्तविक
unbound,0.9,0.0,अबाध
convienient,0.9,0.0,convienient
enlighten,0.9,0.0,सूचित करना
dumbfounding,0.9,0.0,dumbfounding
unabashed,0.9,0.0,अचल
rapturously,0.9,0.0,हर्षातिरेक
steadiness,0.9,0.0,स्थिरता
sensationally,0.9,0.0,जोश में
clearer,0.9,0.0,साफ
selective,0.9,0.0,चयनात्मक
affirmative,0.9,0.0,सकारात्मक
dirt-cheap,0.9,0.0,गंदगी सस्ता
trust,0.9,0.0,विश्वास
enthusiasm,0.9,0.0,उत्साह
undaunted,0.9,0.0,निडर
courageously,0.9,0.0,साहस के साथ
useful,0.9,0.0,उपयोगी
adequate,0.9,0.0,पर्याप्त
jubilation,0.9,0.0,आनंदोत्सव
admirably,0.9,0.0,सराहनीय
phenomenally,0.9,0.0,अलग हटकर
decisiveness,0.9,0.0,निश्चितता
cozy,0.9,0.0,आरामदायक
compassion,0.9,0.0,दया
handier,0.9,0.0,handier
clears,0.9,0.0,साफ करता है
convincingly,0.9,0.0,आसानी से
preferring,0.9,0.0,पसंद करते हैं
sagely,0.9,0.0,संत जैसी
viewable,0.9,0.0,देखने योग्य
awesome,0.9,0.0,बहुत बढ़िया
abounds,0.9,0.0,abounds
keenness,0.9,0.0,इच्छा
awards,0.9,0.0,पुरस्कार
supportive,0.9,0.0,सहायक
fine,0.9,0.0,ठीक
pamperedness,0.9,0.0,pamperedness
unrivaled,0.9,0.0,बेजोड़
best-selling,0.9,0.0,सर्वश्रेष्ठ बिक्री
hearten,0.9,0.0,प्रशंसा करना
sturdier,0.9,0.0,मजबूत होती
advantages,0.9,0.0,फायदे
panoramic,0.9,0.0,मनोरम
enhanced,0.9,0.0,बढ़ाया
eulogize,0.9,0.0,स्तुति करना
lighter,0.9,0.0,लाइटर
won,0.9,0.0,जीत लिया
comprehensive,0.9,0.0,व्यापक
revival,0.9,0.0,पुनः प्रवर्तन
skilled,0.9,0.0,कुशल
enticing,0.9,0.0,मोहक
tenacity,0.9,0.0,तप
supporting,0.9,0.0,सहायक
greatest,0.9,0.0,महानतम
fabulously,0.9,0.0,fabulously
altruistic,0.9,0.0,परोपकारी
enticingly,0.9,0.0,enticingly
silent,0.9,0.0,मूक
pleasant,0.9,0.0,सुहानी
fondness,0.9,0.0,अनुराग
upgradeable,0.9,0.0,पदोन्नत किया जा सकता
phenomenal,0.9,0.0,अभूतपूर्व
fans,0.9,0.0,प्रशंसकों
state-of-the-art,0.9,0.0,अत्याधुनिक
noble,0.9,0.0,महान
fast-growing,0.9,0.0,तेजी से बढ़ते
serene,0.9,0.0,निर्मल
handsomely,0.9,0.0,खूबसूरत
nourish,0.9,0.0,लालन-पालन करना
usable,0.9,0.0,प्रयोग करने योग्य
spotless,0.9,0.0,स्वच्छ
bless,0.9,0.0,आशीर्वाद देना
exemplar,0.9,0.0,उदाहरणात्मक
poignant,0.9,0.0,मार्मिक
ambitious,0.9,0.0,महत्त्वाकांक्षी
worked,0.9,0.0,काम
proud,0.9,0.0,गर्व
enrich,0.9,0.0,समृद्ध
kindness,0.9,0.0,दयालुता
warmth,0.9,0.0,गर्मजोशी
excitement,0.9,0.0,उत्साह
sweetly,0.9,0.0,मधुरता से
blithe,0.9,0.0,ज़िंदादिल
contribution,0.9,0.0,योगदान
rejuvenating,0.9,0.0,कायाकल्प
intimacy,0.9,0.0,आत्मीयता
effectively,0.9,0.0,प्रभावी रूप से
wholesome,0.9,0.0,पौष्टिक
approve,0.9,0.0,मंजूर
truthfulness,0.9,0.0,सत्यवादिता
handily,0.9,0.0,handily
staunchly,0.9,0.0,staunchly
prominence,0.9,0.0,शोहरत
merciful,0.9,0.0,कृपालु
stirringly,0.9,0.0,stirringly
outdone,0.9,0.0,भी मात
overtake,0.9,0.0,आगे निकल
unbeatable,0.9,0.0,अपराजेय
sufficient,0.9,0.0,पर्याप्त
ardently,0.9,0.0,जोशीला रूप से
classic,0.9,0.0,क्लासिक
civility,0.9,0.0,शिष्टाचार
ingenuity,0.9,0.0,सरलता
masterpiece,0.9,0.0,मास्टरपीस
fidelity,0.9,0.0,सत्य के प्रति निष्ठा
reliable,0.9,0.0,विश्वसनीय
charisma,0.9,0.0,प्रतिभा
readable,0.9,0.0,पठनीय
compatible,0.9,0.0,संगत
fulfillment,0.9,0.0,पूर्ति
skillfully,0.9,0.0,कुशलता
tingle,0.9,0.0,झुनझुनी
excel,0.9,0.0,एक्सेल
enviously,0.9,0.0,ईर्ष्या
swanky,0.9,0.0,ठाठ का
celebration,0.9,0.0,उत्सव
progress,0.9,0.0,प्रगति
empowerment,0.9,0.0,सशक्तिकरण
tranquility,0.9,0.0,शांति
led,0.9,0.0,एलईडी
achievible,0.9,0.0,achievible
bright,0.9,0.0,उज्ज्वल
appreciatively,0.9,0.0,आदरपूर्वक
inspirational,0.9,0.0,प्रेरणादायक
accessible,0.9,0.0,सुलभ
lionhearted,0.9,0.0,Lionhearted
refreshing,0.9,0.0,ताज़ा
splendidly,0.9,0.0,शान से
marvelous,0.9,0.0,अनोखा
illustrious,0.9,0.0,शानदार
revives,0.9,0.0,जान
originality,0.9,0.0,मोलिकता
gratification,0.9,0.0,संतुष्टि
motivated,0.9,0.0,प्रेरित
playfully,0.9,0.0,खेल-खेल में
awe,0.9,0.0,भय
overtakes,0.9,0.0,overtakes
eloquent,0.9,0.0,सुवक्ता
proficient,0.9,0.0,प्रवीण
cheapest,0.9,0.0,सबसे सस्ता
intelligible,0.9,0.0,सुगम
luxuriant,0.9,0.0,विलासी
adaptable,0.9,0.0,अनुकूलनीय
enraptured,0.9,0.0,enraptured
luckiest,0.9,0.0,सबसे भाग्यशाली
healthy,0.9,0.0,स्वस्थ
luster,0.9,0.0,चमक
brotherly,0.9,0.0,भाई
compliment,0.9,0.0,प्रशंसा
leading,0.9,0.0,प्रमुख
fortunately,0.9,0.0,भाग्यवश
resplendent,0.9,0.0,देदीप्यमान
obtainable,0.9,0.0,प्राप्य
inventive,0.9,0.0,आविष्कारशील
ardor,0.9,0.0,जलता हुआ
propitiously,0.9,0.0,propitiously
cost-effective,0.9,0.0,प्रभावी लागत
charismatic,0.9,0.0,करिश्माई
merit,0.9,0.0,योग्यता
gusto,0.9,0.0,उत्साह
stimulates,0.9,0.0,उत्तेजित करता है
coherent,0.9,0.0,सुसंगत
providence,0.9,0.0,मितव्ययिती
exaltedly,0.9,0.0,exaltedly
neatly,0.9,0.0,बड़े करीने से
affordable,0.9,0.0,सस्ती
effectiveness,0.9,0.0,प्रभावशीलता
monumental,0.9,0.0,स्मरणार्थ
pleased,0.9,0.0,प्रसन्न
righteousness,0.9,0.0,धर्म
miracle,0.9,0.0,चमत्कार
respectable,0.9,0.0,सम्मानित
upbeat,0.9,0.0,उत्साहित
winner,0.9,0.0,विजेता
laudably,0.9,0.0,laudably
luckiness,0.9,0.0,luckiness
assurance,0.9,0.0,बीमा
prestige,0.9,0.0,प्रतिष्ठा
qualified,0.9,0.0,योग्य
fruitful,0.9,0.0,फलदायक
ilu,0.9,0.0,सुंदरता
vivid,0.9,0.0,ज्वलंत
spirited,0.9,0.0,साहसी
godsend,0.9,0.0,आकस्मिक धन-प्राप्ति
mesmerizes,0.9,0.0,mesmerizes
satisfying,0.9,0.0,संतोषजनक
masterful,0.9,0.0,तानाशाही
sublime,0.9,0.0,उदात्त
mercy,0.9,0.0,दया
brilliantly,0.9,0.0,शानदार ढंग से
loving,0.9,0.0,प्यारा
entertaining,0.9,0.0,मनोरंजक
earnest,0.9,0.0,बयाना
ergonomical,0.9,0.0,ergonomical
refinement,0.9,0.0,शोधन
complementary,0.9,0.0,पूरक
patient,0.9,0.0,मरीज़
inviolate,0.9,0.0,अखण्ड
eagerness,0.9,0.0,उत्सुकता
civilize,0.9,0.0,सभ्य बनाना
well-mannered,0.9,0.0,शिष्ट
dignity,0.9,0.0,गौरव
steadiest,0.9,0.0,steadiest
favorite,0.9,0.0,पसंदीदा
astutely,0.9,0.0,astutely
splendid,0.9,0.0,शानदार
subsidizing,0.9,0.0,सब्सिडी
plush,0.9,0.0,आलीशान
marvelously,0.9,0.0,अदभुत रूप से
adorer,0.9,0.0,प्रेम
happier,0.9,0.0,खुश
perseverance,0.9,0.0,दृढ़ता
sensational,0.9,0.0,संवेदनात्मक
nimble,0.9,0.0,चतुर
multi-purpose,0.9,0.0,बहुउद्देश्यीय
affably,0.9,0.0,शालीनता से
astonish,0.9,0.0,चकित
lover,0.9,0.0,प्रेमी
nourishing,0.9,0.0,भरण
upheld,0.9,0.0,सही ठहराया
exalt,0.9,0.0,प्रशंसा करना
happy,0.9,0.0,प्रसन्न
prodigiously,0.9,0.0,अनोखे ढंग से
humble,0.9,0.0,विनीत
proven,0.9,0.0,सिद्ध किया हुआ
resounding,0.9,0.0,शानदार
cashbacks,0.9,0.0,cashbacks
visionary,0.9,0.0,काल्पनिक
thoughtful,0.9,0.0,सावधान
smarter,0.9,0.0,होशियार
conciliate,0.9,0.0,समझौता करना
credible,0.9,0.0,विश्वसनीय
dependable,0.9,0.0,भरोसे का
saint,0.9,0.0,संत
fairness,0.9,0.0,निष्पक्षता
victorious,0.9,0.0,विजयी
excels,0.9,0.0,excels
celebrated,0.9,0.0,मशहूर
keenly,0.9,0.0,गौर से
humorously,0.9,0.0,विनोदपूर्वक
effectual,0.9,0.0,क्रियाशील
enchanting,0.9,0.0,करामाती
favour,0.9,0.0,एहसान
titillate,0.9,0.0,गुदगुदाना
flexibility,0.9,0.0,लचीलापन
mesmerize,0.9,0.0,सम्मोहित
favorable,0.9,0.0,अनुकूल
unwavering,0.9,0.0,अटूट
neat,0.9,0.0,स्वच्छ
generous,0.9,0.0,उदार
satisfies,0.9,0.0,संतुष्ट
consummate,0.9,0.0,समाप्त
marvellous,0.9,0.0,अनोखा
tempting,0.9,0.0,मोहक
mastery,0.9,0.0,प्रभुत्व
peacefully,0.9,0.0,शांति से
improvements,0.9,0.0,सुधार
amicability,0.9,0.0,दोस्तानीवाला
indebted,0.9,0.0,ऋणी
high-quality,0.9,0.0,उच्च गुणवत्ता
unfettered,0.9,0.0,निरंकुश
easing,0.9,0.0,आसान
exonerate,0.9,0.0,हक़ बहाल करना
enhance,0.9,0.0,बढ़ाने
evaluative,0.9,0.0,मूल्यांकन करनेवाला
fabulous,0.9,0.0,शानदार
mind-blowing,0.9,0.0,दिमाग उड़ा
well-educated,0.9,0.0,अच्छी तरह से शिक्षित
heroine,0.9,0.0,नायिका
daringly,0.9,0.0,बहादुरी
lavish,0.9,0.0,लविश
luxuriously,0.9,0.0,विलास से
marvelousness,0.9,0.0,marvelousness
classy,0.9,0.0,उत्तम दर्जे का
tickle,0.9,0.0,गुदगुदी
woo,0.9,0.0,वू
low-cost,0.9,0.0,कम लागत
restored,0.9,0.0,बहाल
romanticize,0.9,0.0,रोमानी
rejoice,0.9,0.0,आनन्द करे
wholeheartedly,0.9,0.0,जी जान से
smitten,0.9,0.0,पीटा गया
illuminating,0.9,0.0,रोशन
diligent,0.9,0.0,मेहनती
amazed,0.9,0.0,हैरान
levity,0.9,0.0,छिछोरापन
reverently,0.9,0.0,आदर
courageous,0.9,0.0,साहसिक
tantalizingly,0.9,0.0,tantalizingly
aver,0.9,0.0,होने
congenial,0.9,0.0,अनुकूल
pleases,0.9,0.0,प्रसन्न
toughest,0.9,0.0,सबसे मुश्किल
tender,0.9,0.0,निविदा
permissible,0.9,0.0,जायज़
alluringly,0.9,0.0,alluringly
astonishment,0.9,0.0,विस्मय
quiet,0.9,0.0,चुप
commitment,0.9,0.0,प्रतिबद्धता
indulgence,0.9,0.0,आसक्ति
endorse,0.9,0.0,समर्थन
glowingly,0.9,0.0,जोश
congratulate,0.9,0.0,बधाई
peace,0.9,0.0,शांति
keen,0.9,0.0,उत्सुक
breathlessness,0.9,0.0,सांस फूलना
sufficed,0.9,0.0,पर्याप्त
humourous,0.9,0.0,विनोदी
unreal,0.9,0.0,अवास्तविक
delicate,0.9,0.0,नाज़ुक
flourish,0.9,0.0,पनपने
purify,0.9,0.0,शुद्ध
user-friendly,0.9,0.0,यूजर फ्रेंडली
intricate,0.9,0.0,जटिल
enjoyably,0.9,0.0,आनंददायक
well-managed,0.9,0.0,सुप्रबंधित
perfectly,0.9,0.0,पूरी तरह से
worthy,0.9,0.0,योग्य
rightful,0.9,0.0,सही
fastest,0.9,0.0,सबसे तेजी से
extoll,0.9,0.0,प्रशंसा करना
defeated,0.9,0.0,पराजित
radiance,0.9,0.0,चमक
flashy,0.9,0.0,चमकीला
generosity,0.9,0.0,उदारता
merry,0.9,0.0,प्रमुदित
groundbreaking,0.9,0.0,अभूतपूर्व
decisive,0.9,0.0,निर्णयात्मक
protection,0.9,0.0,सुरक्षा
interesting,0.9,0.0,दिलचस्प
satisfactory,0.9,0.0,संतोषजनक
ecenomical,0.9,0.0,ecenomical
prowess,0.9,0.0,कौशल
adorable,0.9,0.0,प्यारी
mesmerizing,0.9,0.0,मंत्रमुग्ध
uncomplicated,0.9,0.0,गैर
entice,0.9,0.0,लुभाने
fun,0.9,0.0,आनंद
best,0.9,0.0,श्रेष्ठ
godlike,0.9,0.0,ईश्वरतुल्य
attune,0.9,0.0,लय में करना
toll-free,0.9,0.0,टोल फ्री
regard,0.9,0.0,सम्मान
ameliorate,0.9,0.0,उन्नति
useable,0.9,0.0,useable
top-notch,0.9,0.0,शीर्ष के
astoundingly,0.9,0.0,astoundingly
celebrate,0.9,0.0,जश्न
affable,0.9,0.0,मिलनसार
flourishing,0.9,0.0,फल-फूल रहा
easiness,0.9,0.0,सुगमता
well-behaved,0.9,0.0,अच्छी तरह से व्यवहार
enjoyment,0.9,0.0,आनदं
exultingly,0.9,0.0,exultingly
popular,0.9,0.0,लोकप्रिय
cornerstone,0.9,0.0,आधारशिला
remedy,0.9,0.0,उपाय
greatness,0.9,0.0,महानता
effusiveness,0.9,0.0,effusiveness
cool,0.9,0.0,ठंडा
raptureously,0.9,0.0,raptureously
bolster,0.9,0.0,सिलेंडर
erudite,0.9,0.0,वैज्ञानिक
smoothest,0.9,0.0,सहज
examplar,0.9,0.0,examplar
exciting,0.9,0.0,उत्तेजित करनेवाला
apotheosis,0.9,0.0,गुणगान
convenience,0.9,0.0,सुविधा
impeccably,0.9,0.0,निर्दोषिता
kindliness,0.9,0.0,नेकी
recover,0.9,0.0,की वसूली
standout,0.9,0.0,अलग दिखना
halcyon,0.9,0.0,धीर
satisfactorily,0.9,0.0,संतोषजनक ढंग से
worth-while,0.9,0.0,"मूल्य-, जबकि"
well-being,0.9,0.0,हाल चाल
thrill,0.9,0.0,रोमांच
rightly,0.9,0.0,ठीक
entrancing,0.9,0.0,दिलकश
victory,0.9,0.0,विजय
survivor,0.9,0.0,उत्तरजीवी
dreamland,0.9,0.0,मन की तरंग
renaissance,0.9,0.0,पुनर्जागरण काल
radiant,0.9,0.0,दीप्तिमान
delicacy,0.9,0.0,विनम्रता
innocuous,0.9,0.0,अहानिकर
enthral,0.9,0.0,ग़ुलाम बनाना
comfort,0.9,0.0,आराम
sexy,0.9,0.0,कामुक
champion,0.9,0.0,चैंपियन
amazes,0.9,0.0,आश्चर्य होता है
enough,0.9,0.0,बस
effusively,0.9,0.0,जोश से
unquestionably,0.9,0.0,निश्चित रूप से
regally,0.9,0.0,राजा की तरह
tough,0.9,0.0,कठोर
terrific,0.9,0.0,भयानक
envious,0.9,0.0,ईर्ष्या
soothe,0.9,0.0,शांत करना
astound,0.9,0.0,हक्का बक्का
pleasingly,0.9,0.0,खुश करते हुए
agreeableness,0.9,0.0,सहमतता
marveled,0.9,0.0,बड़ा आश्चर्य हुआ
assuredly,0.9,0.0,विश्वासपूर्वक
chivalry,0.9,0.0,शिष्टता
pleasurably,0.9,0.0,pleasurably
hug,0.9,0.0,झप्पी
sincere,0.9,0.0,ईमानदार
affectation,0.9,0.0,असाइनमेंट
exquisitely,0.9,0.0,नजाकत
amaze,0.9,0.0,विस्मित
fortuitous,0.9,0.0,आकस्मिक
god-given,0.9,0.0,ईश्वर का वरदान
shiny,0.9,0.0,चमकदार
tolerable,0.9,0.0,संतोषजनक
stunning,0.9,0.0,चौका देने वाला
preeminent,0.9,0.0,पूर्वप्रतिष्ठित
protect,0.9,0.0,रक्षा करना
masterpieces,0.9,0.0,कृतियों
merriness,0.9,0.0,merriness
sumptuousness,0.9,0.0,व्ययसाध्यता
exellent,0.9,0.0,exellent
defender,0.9,0.0,रक्षक
responsibly,0.9,0.0,जिम्मेदारी से
warmer,0.9,0.0,वार्मर
self-sufficiency,0.9,0.0,आत्मनिर्भरता
snazzy,0.9,0.0,अत्यधिक आकर्षित
brighten,0.9,0.0,रोशन
cleanliness,0.9,0.0,स्वच्छता
saintliness,0.9,0.0,पवित्रता
heartwarming,0.9,0.0,दिली
polished,0.9,0.0,पॉलिश
superiority,0.9,0.0,श्रेष्ठता
goodly,0.9,0.0,सुडौल
inexpensive,0.9,0.0,सस्ता
pluses,0.9,0.0,प्लस
valuable,0.9,0.0,मूल्यवान
straightforward,0.9,0.0,सरल
rewardingly,0.9,0.0,rewardingly
chaste,0.9,0.0,पवित्र
counter-attacks,0.9,0.0,जवाबी हमले
posh,0.9,0.0,आलीशान
meticulous,0.9,0.0,सूक्ष्म
empower,0.9,0.0,सशक्तिकरण
gained,0.9,0.0,प्राप्त की
modern,0.9,0.0,आधुनिक
handy,0.9,0.0,सुविधाजनक
heartfelt,0.9,0.0,हार्दिक
encouraging,0.9,0.0,उत्साहजनक
ecstatic,0.9,0.0,उन्मादपूर्ण
creative,0.9,0.0,रचनात्मक
respectfully,0.9,0.0,सम्मान से
avid,0.9,0.0,उत्सुक
legendary,0.9,0.0,प्रसिद्ध
veritable,0.9,0.0,सच्चा
exceeded,0.9,0.0,पार हो गई
supple,0.9,0.0,कोमल
tremendously,0.9,0.0,काफी
cherub,0.9,0.0,चेस्र्ब
winners,0.9,0.0,विजेताओं
rockstars,0.9,0.0,रॉक स्टार
serenity,0.9,0.0,शांति
profound,0.9,0.0,गहन
light-hearted,0.9,0.0,प्रसन्नचित
enthusiastic,0.9,0.0,उत्साही
joyous,0.9,0.0,आनंदित
recommendations,0.9,0.0,सिफारिशें
consistent,0.9,0.0,संगत
exaltation,0.9,0.0,उमंग
sweetness,0.9,0.0,मिठास
winning,0.9,0.0,जीत
peps,0.9,0.0,peps
razor-sharp,0.9,0.0,तेज धार
boom,0.9,0.0,उछाल
enticed,0.9,0.0,मोहित
revolutionary,0.9,0.0,क्रांतिकारी
wonderful,0.9,0.0,आश्चर्यजनक
cure,0.9,0.0,इलाज
devout,0.9,0.0,धार्मिक
diligence,0.9,0.0,लगन
worthiness,0.9,0.0,पात्रता
twinkly,0.9,0.0,twinkly
cheaper,0.9,0.0,सस्ता
exceled,0.9,0.0,exceled
abound,0.9,0.0,लाजिमी
opulent,0.9,0.0,धनी
wealthy,0.9,0.0,धनी
blossom,0.9,0.0,खिलना
optimism,0.9,0.0,आशावाद
gladness,0.9,0.0,हर्ष
roomier,0.9,0.0,roomier
saintly,0.9,0.0,पुण्य
favored,0.9,0.0,इष्ट
lovable,0.9,0.0,प्यारा
unforgettable,0.9,0.0,अविस्मरणीय
outshine,0.9,0.0,ग्रहण करना
restructuring,0.9,0.0,पुनर्गठन
prominent,0.9,0.0,प्रसिद्ध
altruistically,0.9,0.0,altruistically
simpler,0.9,0.0,सरल
cute,0.9,0.0,प्यारा
well-run,0.9,0.0,अच्छी तरह से रन
bountiful,0.9,0.0,प्रचुर
speedily,0.9,0.0,जल्दी से
commendable,0.9,0.0,सराहनीय
restful,0.9,0.0,शोकहारा
captivating,0.9,0.0,मनोरम
lovably,0.9,0.0,सुन्दरता के साथ
energetic,0.9,0.0,शक्तिशाली
freedoms,0.9,0.0,स्वतंत्रता
sleek,0.9,0.0,चिकना
lawful,0.9,0.0,वैध
crisp,0.9,0.0,कुरकुरा
foolproof,0.9,0.0,सरल
truthfully,0.9,0.0,सच्चाई से
sparkling,0.9,0.0,शानदार
beckoned,0.9,0.0,इशारे से बुलाया
resilient,0.9,0.0,लचीला
faithful,0.9,0.0,वफादार
rejoicing,0.9,0.0,आनन्द
helping,0.9,0.0,मदद कर रहा है
dazzling,0.9,0.0,चकाचौंधा
capability,0.9,0.0,क्षमता
affluent,0.9,0.0,धनी
exceed,0.9,0.0,से अधिक
hero,0.9,0.0,नायक
steadfast,0.9,0.0,दृढ़
a+,0.9,0.0,एक +
irreproachable,0.9,0.0,पहुंच से बाहर का
sociable,0.9,0.0,मिलनसार
plusses,0.9,0.0,plusses
praiseworthy,0.9,0.0,सराहनीय
self-satisfaction,0.9,0.0,आत्मसंतोष
likable,0.9,0.0,दिलकश
rightfully,0.9,0.0,हक
wins,0.9,0.0,जीत
refined,0.9,0.0,परिष्कृत
charitable,0.9,0.0,दानशील
poise,0.9,0.0,संतुलन
gooood,0.9,0.0,gooood
agreeable,0.9,0.0,सहमत
dexterous,0.9,0.0,निपुण
well-established,0.9,0.0,अच्छी तरह से स्थापित
amiable,0.9,0.0,मैत्रीपूर्ण
brisk,0.9,0.0,तेज
sincerity,0.9,0.0,सच्चाई
beauty,0.9,0.0,सुंदरता
advocates,0.9,0.0,अधिवक्ताओं
concise,0.9,0.0,संक्षिप्त
prudently,0.9,0.0,बुद्धिमानी से
revelation,0.9,0.0,रहस्योद्घाटन
ultra-crisp,0.9,0.0,अल्ट्रा कुरकुरा
revitalize,0.9,0.0,पुनर्जीवित
talent,0.9,0.0,प्रतिभा
wondrous,0.9,0.0,चमत्कारिक
helpful,0.9,0.0,उपयोगी
fervor,0.9,0.0,जोश
swankier,0.9,0.0,swankier
graceful,0.9,0.0,सुंदर
trustingly,0.9,0.0,भोला
extraordinarily,0.9,0.0,असाधारण ढंग से
deginified,0.9,0.0,deginified
attractive,0.9,0.0,मोह लेने वाला
powerful,0.9,0.0,शक्तिशाली
stimulating,0.9,0.0,उत्तेजक
empathy,0.9,0.0,सहानुभूति
suitable,0.9,0.0,उपयुक्त
eye-catch,0.9,0.0,देखकर पकड़ में आने वाला
tempt,0.9,0.0,लुभाना
auspicious,0.9,0.0,शुभ क
enthralled,0.9,0.0,रोमांचित
triumphantly,0.9,0.0,विजयी होकर
beneficent,0.9,0.0,उपकारवाला
good,0.9,0.0,अच्छा
exceptionally,0.9,0.0,ख़ासकर
dexterously,0.9,0.0,चतुराई से
survival,0.9,0.0,उत्तरजीविता
maturely,0.9,0.0,परिपक्वता
impartiality,0.9,0.0,निष्पक्षता
relief,0.9,0.0,राहत
earnestness,0.9,0.0,ईमानदारी
trusted,0.9,0.0,भरोसा
peacekeepers,0.9,0.0,शांति स्थापना
endorsed,0.9,0.0,समर्थन किया
diligently,0.9,0.0,लगन से
accomplished,0.9,0.0,पूरा किया
entertain,0.9,0.0,मनोरंजन
tougher,0.9,0.0,मुश्किल
reforms,0.9,0.0,सुधारों
wellbeing,0.9,0.0,हाल चाल
guiltless,0.9,0.0,बेगुनाह
stimulative,0.9,0.0,उत्तेजना का
flawless,0.9,0.0,निर्दोष
spacious,0.9,0.0,विशाल
gracefully,0.9,0.0,इनायत से
surmount,0.9,0.0,बढ़ना
poetic,0.9,0.0,पुरजोश
reaffirm,0.9,0.0,पुष्टि
productive,0.9,0.0,उत्पादक
advantageously,0.9,0.0,फ़ायदेमंद
better,0.9,0.0,बेहतर
temptingly,0.9,0.0,temptingly
passionately,0.9,0.0,पूरी भावना
rational,0.9,0.0,तर्कसंगत
breathtakingly,0.9,0.0,breathtakingly
unquestionable,0.9,0.0,निर्विवाद
fashionable,0.9,0.0,फैशनेबल
uplift,0.9,0.0,उत्थान
sharpest,0.9,0.0,सबसे पतली
charming,0.9,0.0,आकर्षक
agile,0.9,0.0,चुस्त
elated,0.9,0.0,उत्तेजित
enrichment,0.9,0.0,समृद्ध
considerate,0.9,0.0,माना
cleverly,0.9,0.0,बड़ी चतुराई से
prefer,0.9,0.0,पसंद करते हैं
privilege,0.9,0.0,विशेषाधिकार
astounded,0.9,0.0,चकित
trophy,0.9,0.0,ट्रॉफी
exceeds,0.9,0.0,से अधिक है
cheery,0.9,0.0,प्रसन्न
acclaimed,0.9,0.0,प्रशंसित
geekier,0.9,0.0,geekier
charm,0.9,0.0,आकर्षण
smiling,0.9,0.0,मुस्कराते हुए
glitter,0.9,0.0,चमक
admiring,0.9,0.0,निहार
invaluable,0.9,0.0,अमूल्य
magic,0.9,0.0,जादू
fastest-growing,0.9,0.0,सबसे तेजी से बढ़ते
easier,0.9,0.0,आसान
revive,0.9,0.0,पुनर्जीवित
commend,0.9,0.0,सराहना
prodigy,0.9,0.0,अद्भुत वस्तु
fearless,0.9,0.0,निडर
convient,0.9,0.0,उपयुक्त
savings,0.9,0.0,जमा पूंजी
appreciates,0.9,0.0,की सराहना करता है
hardier,0.9,0.0,hardier
zippy,0.9,0.0,व्यवसायिक
ebullient,0.9,0.0,उबलनेवाला
examplary,0.9,0.0,examplary
prolific,0.9,0.0,उर्वर
gallantly,0.9,0.0,मर्दानी
manageable,0.9,0.0,प्रबंधनीय
protective,0.9,0.0,रक्षात्मक
politeness,0.9,0.0,शील
optimistic,0.9,0.0,आशावादी
sane,0.9,0.0,समझदार
fortunate,0.9,0.0,भाग्यशाली
doubtless,0.9,0.0,निस्संदेह
conscientious,0.9,0.0,ईमानदार
invincible,0.9,0.0,अजेय
restructured,0.9,0.0,पुनर्गठन
fiery,0.9,0.0,उग्र
irresistibly,0.9,0.0,irresistibly
welcome,0.9,0.0,स्वागत हे
smilingly,0.9,0.0,मुस्करा कर
rapture,0.9,0.0,उत्साह
tantalizing,0.9,0.0,tantalizing
inspiring,0.9,0.0,प्रेरणादायक
luminous,0.9,0.0,प्रकाशमान
luck,0.9,0.0,भाग्य
efficiently,0.9,0.0,कुशलता
recomend,0.9,0.0,की सिफारिश
beneficial,0.9,0.0,फायदेमंद
spontaneous,0.9,0.0,स्वाभाविक
feasible,0.9,0.0,संभव
cheer,0.9,0.0,जयकार
strong,0.9,0.0,बलवान
variety,0.9,0.0,विविधता
prudence,0.9,0.0,सावधान
romantic,0.9,0.0,प्रेम प्रसंगयुक्त
marvel,0.9,0.0,चमत्कार
upgradable,0.9,0.0,अपग्रेड किया जा सकता
likes,0.9,0.0,को यह पसंद है
cooperative,0.9,0.0,सहयोगी
idolized,0.9,0.0,अपना आदर्श मानते
positively,0.9,0.0,सकारात्मक
gain,0.9,0.0,लाभ
eyecatch,0.9,0.0,देखकर पकड़ में आने वाला
flatteringly,0.9,0.0,flatteringly
heroic,0.9,0.0,वीर रस
zest,0.9,0.0,उत्तेजकता
attentive,0.9,0.0,सचेत
glorify,0.9,0.0,Glorify
prosperity,0.9,0.0,समृद्धि
smoothly,0.9,0.0,सुचारू रूप से
authoritative,0.9,0.0,आधिकारिक
meticulously,0.9,0.0,पूरी बारीकी से
principled,0.9,0.0,सिद्धांतवादी
dignify,0.9,0.0,सत्कार करना
eyecatching,0.9,0.0,eyecatching
excelent,0.9,0.0,अति उत्कृष्ट
vibrantly,0.9,0.0,vibrantly
advocated,0.9,0.0,वकालत की
desirous,0.9,0.0,इच्छुक
excite,0.9,0.0,एक्साइट
proves,0.9,0.0,साबित होता है
trouble-free,0.9,0.0,मुसीबत से मुक्त
exuberant,0.9,0.0,विपुल
promised,0.9,0.0,वादा किया
noteworthy,0.9,0.0,गौरतलब है
upliftment,0.9,0.0,उत्थान
wisdom,0.9,0.0,बुद्धिमत्ता
judicious,0.9,0.0,उचित
personages,0.9,0.0,पात्र
blissful,0.9,0.0,आनंदमय
rosy,0.9,0.0,गुलाबी
stately,0.9,0.0,आलीशान
fancier,0.9,0.0,शौक़ीन
finely,0.9,0.0,सूक्ष्मता
intelligent,0.9,0.0,बुद्धिमान
lush,0.9,0.0,रसीला
thoughtfulness,0.9,0.0,सावधानी
feature-rich,0.9,0.0,सुविधा संपन्न
rock-stars,0.9,0.0,रॉक स्टार
morality,0.9,0.0,नैतिकता
qualify,0.9,0.0,अर्हता
durable,0.9,0.0,टिकाऊ
realizable,0.9,0.0,अनुभव करने योग्य
glistening,0.9,0.0,चमकदार
upscale,0.9,0.0,upscale
well-regarded,0.9,0.0,अच्छी तरह से माना
fantastically,0.9,0.0,सनक से
thinner,0.9,0.0,पतली
lead,0.9,0.0,नेतृत्व
profuse,0.9,0.0,विपुल
jaw-droping,0.9,0.0,दांतों तले उंगली droping
reliably,0.9,0.0,मज़बूती से
clarity,0.9,0.0,स्पष्टता
award,0.9,0.0,पुरस्कार
relish,0.9,0.0,स्वाद
wonderously,0.9,0.0,एक अद्भुत
faithfulness,0.9,0.0,भक्ति
invigorating,0.9,0.0,स्फूर्तिदायक
believeable,0.9,0.0,believeable
breakthrough,0.9,0.0,दरार
master,0.9,0.0,गुरुजी
boost,0.9,0.0,बढ़ावा
flutter,0.9,0.0,स्पंदन
illuminati,0.9,0.0,इल्लुमिनाति
dominated,0.9,0.0,प्रभुत्व
inviolable,0.9,0.0,पवित्र
delightfully,0.9,0.0,delightfully
ethical,0.9,0.0,नैतिक
precious,0.9,0.0,कीमती
dazzled,0.9,0.0,हैरत
fast,0.9,0.0,तेज
tantalize,0.9,0.0,बहुत कष्ट पहुंचाना
respect,0.9,0.0,आदर करना
reputation,0.9,0.0,प्रतिष्ठा
precise,0.9,0.0,ठीक
credence,0.9,0.0,प्रत्यय
divinely,0.9,0.0,दैवीय
benefits,0.9,0.0,लाभ
eye-catching,0.9,0.0,आंख को पकड़ने
adventuresome,0.9,0.0,हिम्मतवाला
impressive,0.9,0.0,प्रभावशाली
facilitate,0.9,0.0,की सुविधा
well,0.9,0.0,कुंआ
immense,0.9,0.0,अत्यधिक
inestimably,0.9,0.0,inestimably
well-connected,0.9,0.0,अच्छी तरह से जुड़ा
convenient,0.9,0.0,सुविधाजनक
solidarity,0.9,0.0,एकजुटता
affirmation,0.9,0.0,प्रतिज्ञान
hospitable,0.9,0.0,मेहमाननवाज़
commendably,0.9,0.0,भाँति
exemplary,0.9,0.0,उदाहरणात्मक
thumb-up,0.9,0.0,अंगूठा ऊपर
thrifty,0.9,0.0,मितव्ययी
patience,0.9,0.0,धीरज
pep,0.9,0.0,जोश
defeat,0.9,0.0,हार
trustworthy,0.9,0.0,भरोसेमंद
affability,0.9,0.0,भद्रता
prosper,0.9,0.0,प्रोस्पर
sharp,0.9,0.0,तेज़
traction,0.9,0.0,संकर्षण
elevate,0.9,0.0,तरक्की
festive,0.9,0.0,उत्सव
superbly,0.9,0.0,शानदार
upgraded,0.9,0.0,उन्नत बनाया
glamorous,0.9,0.0,आकर्षक
lively,0.9,0.0,जीवंत
peerless,0.9,0.0,अद्वितीय
bliss,0.9,0.0,परमानंद
revere,0.9,0.0,सम्मान
affectionate,0.9,0.0,स्नेही
brilliant,0.9,0.0,प्रतिभाशाली
shine,0.9,0.0,चमक
idolize,0.9,0.0,देवता मानना
self-respect,0.9,0.0,आत्म सम्मान
suffice,0.9,0.0,पर्याप्त
exhilaration,0.9,0.0,ज़िंदादिली
fancy,0.9,0.0,कल्पना
purposeful,0.9,0.0,उद्देश्यपूर्ण
wow,0.9,0.0,वाह
diversified,0.9,0.0,विविध
famous,0.9,0.0,प्रसिद्ध
assurances,0.9,0.0,बीमा
slammin,0.9,0.0,slammin
love,0.9,0.0,प्रेम
unlimited,0.9,0.0,असीमित
benefactor,0.9,0.0,दान देनेवाला
navigable,0.9,0.0,जहाज़-रानी का
satisfied,0.9,0.0,संतुष्ट
gush,0.9,0.0,बौछार
delightfulness,0.9,0.0,delightfulness
fascinatingly,0.9,0.0,आकर्षक रूप से
leads,0.9,0.0,सुराग
expeditiously,0.9,0.0,शीघ्र
humour,0.9,0.0,हास्य
reputable,0.9,0.0,सम्मानित
shimmeringly,0.9,0.0,shimmeringly
genius,0.9,0.0,प्रतिभा
streamlined,0.9,0.0,सुव्यवस्थित
unmatched,0.9,0.0,बेजोड़
boundless,0.9,0.0,असीम
effortlessly,0.9,0.0,अनायास
lyrical,0.9,0.0,गेय
reconciliation,0.9,0.0,सुलह
proper,0.9,0.0,उचित
amuse,0.9,0.0,खुश
infallible,0.9,0.0,अचूक
immaculately,0.9,0.0,निष्कलंक
spellbindingly,0.9,0.0,spellbindingly
cohesive,0.9,0.0,जोड़नेवाला
sweet,0.9,0.0,मिठाई
dominates,0.9,0.0,हावी
exceptional,0.9,0.0,असाधारण
productively,0.9,0.0,उत्पादकता
successes,0.9,0.0,सफलताओं
pampered,0.9,0.0,लाड़ प्यार
beneficiary,0.9,0.0,लाभार्थी
supreme,0.9,0.0,सुप्रीम
foresight,0.9,0.0,दूरदर्शिता
pleasantly,0.9,0.0,सुख से
conciliatory,0.9,0.0,मिलाप करनेवाला
endorsement,0.9,0.0,समर्थन
outperforming,0.9,0.0,बेहतर प्रदर्शन करने
assure,0.9,0.0,आश्वासन
mighty,0.9,0.0,शक्तिमान
deserving,0.9,0.0,योग्य
colorful,0.9,0.0,रंगीन
enjoys,0.9,0.0,आनंद मिलता है
sustainability,0.9,0.0,स्थिरता
everlasting,0.9,0.0,चिरस्थायी
mesmerized,0.9,0.0,झूम उठे
praise,0.9,0.0,प्रशंसा
togetherness,0.9,0.0,एकजुटता
delight,0.9,0.0,आनंद
vigilance,0.9,0.0,जागरूकता
adjustable,0.9,0.0,समायोज्य
extraordinary,0.9,0.0,असाधारण
memorable,0.9,0.0,अविस्मरणीय
enlightenment,0.9,0.0,प्रबोधन
swiftness,0.9,0.0,तेज़ी
enchanted,0.9,0.0,मुग्ध
acumen,0.9,0.0,कुशाग्रता
unabashedly,0.9,0.0,निश्चित रुप से
fresher,0.9,0.0,नवसिखुआ
joyously,0.9,0.0,आनंद से
adroit,0.9,0.0,निपुण
receptive,0.9,0.0,ग्रहणशील
calming,0.9,0.0,शांतिदायक
gallant,0.9,0.0,वीर
renowned,0.9,0.0,प्रसिद्ध
fervent,0.9,0.0,उत्कट
painless,0.9,0.0,दर्दरहित
rapport,0.9,0.0,रिपोर्ट good
expansive,0.9,0.0,प्रशस्त
raptureous,0.9,0.0,raptureous
optimal,0.9,0.0,इष्टतम
heroize,0.9,0.0,heroize
thrillingly,0.9,0.0,रोमांचित करते हुए
remarkably,0.9,0.0,ध्यान से देखने से
eases,0.9,0.0,आसान बनाता है
smart,0.9,0.0,होशियार
amenable,0.9,0.0,वश्य
dummy-proof,0.9,0.0,डमी प्रूफ
overtook,0.9,0.0,पीछे छोड़ दिया
astounding,0.9,0.0,अद्भुत
congratulatory,0.9,0.0,बधाई का
glowing,0.9,0.0,प्रकाश से युक्त
simplified,0.9,0.0,सरलीकृत
honor,0.9,0.0,आदर
detachable,0.9,0.0,अलग किए जाने योग्य
evocative,0.9,0.0,विचारोत्तेजक
secure,0.9,0.0,सुरक्षित
envy,0.9,0.0,डाह
darling,0.9,0.0,प्रिय
playful,0.9,0.0,चंचल
wonderous,0.9,0.0,चमत्कारी
paradise,0.9,0.0,स्वर्ग
lucid,0.9,0.0,स्पष्ट अर्थ का
reachable,0.9,0.0,पहुंच योग्य
gratifies,0.9,0.0,gratifies
exult,0.9,0.0,मग्न होना
splendor,0.9,0.0,धूम तान
outshone,0.9,0.0,outshone
refreshed,0.9,0.0,ताजा
revel,0.9,0.0,रेवेल
revolutionize,0.9,0.0,क्रांतिकारी बदलाव
brighter,0.9,0.0,उज्जवल
celebratory,0.9,0.0,जश्न मनाने
crisper,0.9,0.0,crisper
consistently,0.9,0.0,लगातार
encouragement,0.9,0.0,प्रोत्साहन
workable,0.9,0.0,व्यावहारिक
pleasure,0.9,0.0,अभिराम
uphold,0.9,0.0,बनाए रखने
decency,0.9,0.0,शिष्टता
trendy,0.9,0.0,ट्रेंडी
exaltingly,0.9,0.0,exaltingly
preferable,0.9,0.0,बेहतर
problem-free,0.9,0.0,समस्या से मुक्त
accurate,0.9,0.0,शुद्ध
ingenuously,0.9,0.0,सच्चाई से
jovial,0.9,0.0,उल्लासपूर्ण
enthusiastically,0.9,0.0,उत्साह से
positive,0.9,0.0,सकारात्मक
dumbfounded,0.9,0.0,हक्का - बक्का रह जाना
immaculate,0.9,0.0,निर्मल
gratefully,0.9,0.0,कृतज्ञता से
pure,0.9,0.0,शुद्ध
benevolence,0.9,0.0,भलाई
grateful,0.9,0.0,आभारी
magnanimous,0.9,0.0,उदार
audible,0.9,0.0,सुनाई देने योग्य
fantastic,0.9,0.0,बहुत खुबस
honoring,0.9,0.0,सम्मान
exhilarate,0.9,0.0,ख़ुश करना
savvy,0.9,0.0,सामान्य बुद्धि
well-rounded,0.9,0.0,पूर्ण-विकसित
luxuriate,0.9,0.0,प्रचुर
long-lasting,0.9,0.0,दीर्घ काल तक रहना
straighten,0.9,0.0,सीधा
friendliness,0.9,0.0,मित्रता
courage,0.9,0.0,साहस
ennoble,0.9,0.0,उदात्त बनाना
agilely,0.9,0.0,agilely
authentic,0.9,0.0,विश्वसनीय
smoother,0.9,0.0,चिकनी
miracles,0.9,0.0,चमत्कार
destiny,0.9,0.0,भाग्य
influential,0.9,0.0,प्रभावशाली
reconcile,0.9,0.0,समाधान करना
fav,0.9,0.0,fav
enrapture,0.9,0.0,प्रफुल्ल करना
eager,0.9,0.0,उत्सुक
entertains,0.9,0.0,मनोरंजन
integral,0.9,0.0,अविभाज्य
majesty,0.9,0.0,महिमा
comfortably,0.9,0.0,आराम से
vouch,0.9,0.0,ज़मानत देना
precisely,0.9,0.0,यकीनन
excitedness,0.9,0.0,excitedness
personalized,0.9,0.0,व्यक्तिगत
faultless,0.9,0.0,बेकसूर
better-than-expected,0.9,0.0,उम्मीद से बेहतर
faster,0.9,0.0,और तेज
trusting,0.9,0.0,पर भरोसा
comfortable,0.9,0.0,आरामदायक
respite,0.9,0.0,मोहलत
elite,0.9,0.0,अभिजात वर्ग
respectful,0.9,0.0,विनीत
rock-star,0.9,0.0,रॉकस्टार
stylish,0.9,0.0,स्टाइलिश
endorses,0.9,0.0,का समर्थन किया
whooa,0.9,0.0,whooa
modest,0.9,0.0,मामूली
gentlest,0.9,0.0,सौम्य
swift,0.9,0.0,तीव्र
skillful,0.9,0.0,निपुण
individualized,0.9,0.0,व्यक्तिगत
remunerate,0.9,0.0,पुरस्कार देना
advanced,0.9,0.0,उन्नत
contentment,0.9,0.0,संतोष
feisty,0.9,0.0,feisty
clear,0.9,0.0,स्पष्ट
problem-solver,0.9,0.0,समस्या निवारक
cleared,0.9,0.0,को मंजूरी दे दी
solace,0.9,0.0,सांत्वना
abundance,0.9,0.0,प्रचुरता
bullish,0.9,0.0,तेजी
fascinate,0.9,0.0,Fascinate
positives,0.9,0.0,सकारात्मक
plentiful,0.9,0.0,प्रचुर
effusive,0.9,0.0,असंयत
loved,0.9,0.0,प्यार किया
entranced,0.9,0.0,मोहित
gentle,0.9,0.0,सज्जन
brilliance,0.9,0.0,प्रतिभा
stupendously,0.9,0.0,stupendously
intelligence,0.9,0.0,बुद्धि
rockstar,0.9,0.0,रॉकस्टार
proficiently,0.9,0.0,प्रवीण
enthuse,0.9,0.0,अति उत्साहित करना
luxurious,0.9,0.0,शान शौकत
adaptive,0.9,0.0,अनुकूली
complement,0.9,0.0,पूरक हैं
mercifully,0.9,0.0,शुक्र
lean,0.9,0.0,दुबला
intimate,0.9,0.0,सूचित करना
beutifully,0.9,0.0,beutifully
cleaner,0.9,0.0,सफाई वाला
freed,0.9,0.0,मुक्त किया गया
gratified,0.9,0.0,संतोष
ideal,0.9,0.0,आदर्श
vouchsafe,0.9,0.0,विभूषित करना
ebulliently,0.9,0.0,ebulliently
redemption,0.9,0.0,मोचन
cherish,0.9,0.0,चेरिश
whoooa,0.9,0.0,whoooa
stunningly,0.9,0.0,आश्चर्यजनक
gladly,0.9,0.0,ख़ुशी से
triumphant,0.9,0.0,विजयी
dead-cheap,0.9,0.0,मृत-सस्ता
illuminate,0.9,0.0,रोशन
promising,0.9,0.0,का वादा
abundant,0.9,0.0,प्रचुर
rejuvenate,0.9,0.0,फिर से युवा करना
righten,0.9,0.0,righten
diplomatic,0.9,0.0,राजनयिक
exhilaratingly,0.9,0.0,exhilaratingly
resound,0.9,0.0,गूंजना
glimmer,0.9,0.0,प्रभा
hooray,0.9,0.0,हुर्रे
faith,0.9,0.0,आस्था
foremost,0.9,0.0,सबसे महत्वपूर्ण
heros,0.9,0.0,heros
richness,0.9,0.0,प्रचुरता
sumptuous,0.9,0.0,वैभवशाली
excitedly,0.9,0.0,उत्साह
adulation,0.9,0.0,मनुहार
lavishly,0.9,0.0,आराम से
irresistible,0.9,0.0,अथक
valiantly,0.9,0.0,बहादुरी
noiseless,0.9,0.0,नीरव
record-setting,0.9,0.0,रिकार्ड स्थापित
openly,0.9,0.0,खुले तौर पर
idyllic,0.9,0.0,सुखद जीवन का
coolest,0.9,0.0,सबसे अच्छे
justly,0.9,0.0,उचित रूप में
clean,0.9,0.0,स्वच्छ
feat,0.9,0.0,करतब
excites,0.9,0.0,उत्तेजित
fond,0.9,0.0,पृष्ठभूमि
harmony,0.9,0.0,सामंजस्य
recommend,0.9,0.0,की सिफारिश
goodwill,0.9,0.0,साख
excellant,0.9,0.0,उत्कृष्ट
pardon,0.9,0.0,क्षमा करें
richer,0.9,0.0,अमीर
smiles,0.9,0.0,मुस्कान
indulgent,0.9,0.0,कृपालु
suave,0.9,0.0,मुलायम
progressive,0.9,0.0,प्रगतिशील
outsmart,0.9,0.0,चतुरता में मात देना
conveniently,0.9,0.0,आसानी से
gratify,0.9,0.0,घूस देना
steadfastness,0.9,0.0,दृढ़ता
rectify,0.9,0.0,सुधारना
pros,0.9,0.0,पेशेवरों
trump,0.9,0.0,तुस्र्प
exultation,0.9,0.0,उमंग
thrive,0.9,0.0,फलना
generously,0.9,0.0,उदारता
nourishment,0.9,0.0,पोषण
momentous,0.9,0.0,सब से अहम
fortitude,0.9,0.0,धैर्य
verifiable,0.9,0.0,निरीक्षण
supports,0.9,0.0,का समर्थन करता है
happily,0.9,0.0,आनंद से
adoring,0.9,0.0,adoring
stainless,0.9,0.0,स्टेनलेस
treasure,0.9,0.0,खजाना
endear,0.9,0.0,प्यार बचाना
enjoying,0.9,0.0,मजा अ
articulate,0.9,0.0,"स्पष्ट, गाँठदार"
beautify,0.9,0.0,सुंदर बनाएं
palatial,0.9,0.0,आलीशान
win,0.9,0.0,जीत
sincerely,0.9,0.0,ईमानदारी से
loyalty,0.9,0.0,निष्ठा
strikingly,0.9,0.0,आश्चर्यजनक ढंग से
rapid,0.9,0.0,तीव्र
fortuitously,0.9,0.0,अनायास
recommended,0.9,0.0,की सिफारिश की
sharper,0.9,0.0,ठग
deft,0.9,0.0,चतुर
pre-eminent,0.9,0.0,पूर्वप्रतिष्ठित
reasonable,0.9,0.0,उचित
nifty,0.9,0.0,गंधा
warm,0.9,0.0,गरम
counter-attack,0.9,0.0,जवाबी हमला
cajole,0.9,0.0,मीठी बातों से मिला लेना
imaginative,0.9,0.0,कल्पनाशील
thrilling,0.9,0.0,रोमांचकारी
issue-free,0.9,0.0,मुद्दा मुक्त
adore,0.9,0.0,प्यार करते हैं
improves,0.9,0.0,बेहतर बनाता है
wise,0.9,0.0,बुद्धिमान
defeats,0.9,0.0,हार
smartly,0.9,0.0,चालाकी से
proactive,0.9,0.0,सक्रिय
yay,0.9,0.0,धनुष
non-violence,0.9,0.0,अहिंसा
majestic,0.9,0.0,आलीशान
worthwhile,0.9,0.0,सार्थक
euphoria,0.9,0.0,उत्साह
glow,0.9,0.0,चमक
perfection,0.9,0.0,पूर्णता
brightest,0.9,0.0,प्रतिभाशाली
evenly,0.9,0.0,के बराबर
excellent,0.9,0.0,अति उत्कृष्ट
witty,0.9,0.0,परिहास युक्त
glitz,0.9,0.0,चकाचौंध
leverage,0.9,0.0,उत्तोलन
prospros,0.9,0.0,prospros
fame,0.9,0.0,प्रसिद्धि
golden,0.9,0.0,स्वर्ण
substantive,0.9,0.0,मूल
accurately,0.9,0.0,सही रूप में
seasoned,0.9,0.0,अनुभवी
stupendous,0.9,0.0,अति विशाल
inestimable,0.9,0.0,अमूल्य
propitious,0.9,0.0,अनुकूल
fashionably,0.9,0.0,फैशनेबल
regal,0.9,0.0,शाही
persevere,0.9,0.0,दृढ़ रहें
well-informed,0.9,0.0,जानकार
intrigue,0.9,0.0,साज़िश
jubilant,0.9,0.0,उल्लसित
euphorically,0.9,0.0,euphorically
amiability,0.9,0.0,सुशीलता
suavely,0.9,0.0,suavely
galore,0.9,0.0,बहुतायत
sturdy,0.9,0.0,तगड़ा
transparent,0.9,0.0,पारदर्शक
undamaged,0.9,0.0,undamaged
cohere,0.9,0.0,अनुकूल होना
danke,0.9,0.0,धन्यवाद
elatedly,0.9,0.0,elatedly
benifits,0.9,0.0,लाभ
achievements,0.9,0.0,उपलब्धियों
shimmering,0.9,0.0,झिलमिलाता
preferes,0.9,0.0,पसंदीदा
impartial,0.9,0.0,निष्पक्ष
promise,0.9,0.0,वादा
spectacular,0.9,0.0,बहुत शानदार
efficacious,0.9,0.0,प्रभावोत्पादक
passion,0.9,0.0,जुनून
enhances,0.9,0.0,बढ़ाता है
beckoning,0.9,0.0,इंगित
earnestly,0.9,0.0,ज़ोर देकर
right,0.9,0.0,सही
mightily,0.9,0.0,पराक्रम से
favor,0.9,0.0,एहसान
ingenious,0.9,0.0,सरल
exuberantly,0.9,0.0,प्रचुरता से
exuberance,0.9,0.0,अधिकता
magnificence,0.9,0.0,शान
cleanest,0.9,0.0,साफ
gaining,0.9,0.0,प्राप्त कर रहा
fascinating,0.9,0.0,चित्त आकर्षण करनेवाला
support,0.9,0.0,सहयोग
soothingly,0.9,0.0,शांत करते हुए
flattering,0.9,0.0,चापलूसी
orderly,0.9,0.0,व्यवस्थित
wonderfully,0.9,0.0,शानदार
equitable,0.9,0.0,न्यायसंगत
first-class,0.9,0.0,प्रथम श्रेणी
honored,0.9,0.0,सम्मानित
sparkle,0.9,0.0,चमक
adored,0.9,0.0,बहुत ही पसंदीदा
ease,0.9,0.0,आराम
enthrall,0.9,0.0,ग़ुलाम बनाना
available,0.9,0.0,उपलब्ध
enliven,0.9,0.0,सजीव
impressed,0.9,0.0,प्रभावित किया
supported,0.9,0.0,समर्थित
pleasing,0.9,0.0,मनभावन
versatile,0.9,0.0,बहुमुखी
warmly,0.9,0.0,दिल से
marvelled,0.9,0.0,बड़ा आश्चर्य हुआ
pretty,0.9,0.0,सुंदर हे
sprightly,0.9,0.0,प्रमुदित
fascination,0.9,0.0,सम्मोहन
fave,0.9,0.0,fave
reasonably,0.9,0.0,यथोचित
ovation,0.9,0.0,जयध्वनि
speedy,0.9,0.0,तीव्र
satisfy,0.9,0.0,बदला देना
super,0.9,0.0,उत्तम
privileged,0.9,0.0,विशेषाधिकार प्राप्त
jaw-dropping,0.9,0.0,दांतों तले उंगली छोड़ने
better-known,0.9,0.0,बेहतर ज्ञात
accomplishments,0.9,0.0,उपलब्धियों
breakthroughs,0.9,0.0,सफलताओं
hilarious,0.9,0.0,उल्लसित
pride,0.9,0.0,गौरव
hail,0.9,0.0,ओला
gains,0.9,0.0,लाभ
rectification,0.9,0.0,परिहार
kudos,0.9,0.0,यश
like,0.9,0.0,पसंद
masters,0.9,0.0,स्वामी
appreciable,0.9,0.0,प्रशंसनीय
nicest,0.9,0.0,सबसे अच्छी
frolic,0.9,0.0,उल्लास
safely,0.9,0.0,सुरक्षित रूप से
instrumental,0.9,0.0,सहायक
spectacularly,0.9,0.0,शानदार
harmless,0.9,0.0,हानिरहित
unity,0.9,0.0,एकता
fast-paced,0.9,0.0,तेज गति की
ecstasy,0.9,0.0,परमानंद
enjoy,0.9,0.0,का आनंद लें
enhancement,0.9,0.0,वृद्धि
assuring,0.9,0.0,आश्वस्त
work,0.9,0.0,काम
edify,0.9,0.0,उपदेश देना
formidable,0.9,0.0,दुर्जेय
instantly,0.9,0.0,हाथों हाथ
righteously,0.9,0.0,धर्म से
painlessly,0.9,0.0,दर्द
comfy,0.9,0.0,आरामदायक
fervidly,0.9,0.0,fervidly
approval,0.9,0.0,अनुमोदन
fertile,0.9,0.0,उपजाऊ
easygoing,0.9,0.0,आरामपसंद
admiration,0.9,0.0,प्रशंसा
reward,0.9,0.0,इनाम
promoter,0.9,0.0,प्रमोटर
responsive,0.9,0.0,उत्तरदायी
rapt,0.9,0.0,मगन
wowing,0.9,0.0,wowing
promptly,0.9,0.0,तुरंत
awestruck,0.9,0.0,अवाक् हो उठे
joyful,0.9,0.0,आनंदपूर्ण
dominate,0.9,0.0,हावी
capably,0.9,0.0,कुशलता के साथ
virtue,0.9,0.0,गुण
prompt,0.9,0.0,प्रेरित करना
willingly,0.9,0.0,अपनी मर्जी
magical,0.9,0.0,जादुई
famed,0.9,0.0,प्रसिद्ध
angel,0.9,0.0,देवदूत
masterfully,0.9,0.0,masterfully
amazing,0.9,0.0,गजब का
convincing,0.9,0.0,ठोस
awsome,0.9,0.0,awsome
reforming,0.9,0.0,सुधार
clever,0.9,0.0,चतुर
fervently,0.9,0.0,उत्साह
harmoniously,0.9,0.0,सौहार्दपूर्वक
compact,0.9,0.0,सघन
enterprising,0.9,0.0,उद्यमी
intriguing,0.9,0.0,पेचीदा
aspire,0.9,0.0,महत्त्वाकांक्षा करना
elegance,0.9,0.0,लालित्य
delightful,0.9,0.0,रमणीय
maneuverable,0.9,0.0,maneuverable
friendly,0.9,0.0,अनुकूल
gainfully,0.9,0.0,लाभप्रद
ideally,0.9,0.0,आदर्श
complements,0.9,0.0,पूरक
hardy,0.9,0.0,साहसी
unconditional,0.9,0.0,बिना शर्त
homage,0.9,0.0,श्रद्धा
talented,0.9,0.0,प्रतिभावान
stellarly,0.9,0.0,stellarly
futurestic,0.9,0.0,futurestic
congratulation,0.9,0.0,बधाई
soft,0.9,0.0,मुलायम
glory,0.9,0.0,महिमा
encouragingly,0.9,0.0,प्रोत्साहन
stylishly,0.9,0.0,सुरुचिपूर्ण ढंग से
afford,0.9,0.0,बर्दाश्त
jollify,0.9,0.0,ख़ुश होना
skill,0.9,0.0,कौशल
reasoned,0.9,0.0,तर्क
piety,0.9,0.0,शील
peaceful,0.9,0.0,शांतिपूर्ण
warmhearted,0.9,0.0,नेक
endorsing,0.9,0.0,पुष्टि
impressively,0.9,0.0,प्रभावशाली
bravo,0.9,0.0,वाहवाही
improvement,0.9,0.0,सुधार की
sumptuously,0.9,0.0,बहुमुल्य वस्तु
pamper,0.9,0.0,लाड़ प्यार
avidly,0.9,0.0,उत्सुकतापूर्वक
profusion,0.9,0.0,प्रचुरता
tenaciously,0.9,0.0,मजबूती से पकड़े हुए
glisten,0.9,0.0,चमकना
famously,0.9,0.0,प्रसिद्धि से
timely,0.9,0.0,समयोचित
well-known,0.9,0.0,जाने-माने
tranquil,0.9,0.0,शांत
carefree,0.9,0.0,लापरवाह
healthful,0.9,0.0,स्वस्थ
dignified,0.9,0.0,अभिमानी
elegant,0.9,0.0,शिष्ट
easy,0.9,0.0,आसान
excitingly,0.9,0.0,excitingly
well-received,0.9,0.0,ठीक ढंग से प्राप्त
impressiveness,0.9,0.0,भव्यता
simplifies,0.9,0.0,सरल
thrift,0.9,0.0,किफ़ायत
willingness,0.9,0.0,इच्छा
virtuous,0.9,0.0,धार्मिक
outperforms,0.9,0.0,Outperforms
adroitly,0.9,0.0,मुस्तैदी से
believable,0.9,0.0,मुमकिन
ecstasies,0.9,0.0,ecstasies
glimmering,0.9,0.0,मंद प्रकाश
continuity,0.9,0.0,निरंतरता
unaffected,0.9,0.0,अप्रभावित
neatest,0.9,0.0,neatest
prefered,0.9,0.0,पसंदीदा
attraction,0.9,0.0,आकर्षण
kindly,0.9,0.0,की कृपा करे
breeze,0.9,0.0,समीर
amicable,0.9,0.0,मैत्रीपूर्ण
flatter,0.9,0.0,चापलूसी करना
knowledgeable,0.9,0.0,जानकार
first-in-class,0.9,0.0,फर्स्ट-इन-वर्ग
gratifyingly,0.9,0.0,gratifyingly
windfall,0.9,0.0,अप्रत्याशित
nicer,0.9,0.0,अच्छे
dedicated,0.9,0.0,समर्पित
well-intentioned,0.9,0.0,नेकनीयत
autonomous,0.9,0.0,स्वायत्त
awed,0.9,0.0,awed
promises,0.9,0.0,वादे
lucrative,0.9,0.0,लाभप्रद
compassionate,0.9,0.0,दयालु
dependably,0.9,0.0,भरोसे के साथ
handsome,0.9,0.0,सुंदर
chic,0.9,0.0,ठाठ
excited,0.9,0.0,उत्साहित
infallibly,0.9,0.0,बिना गलती किए
proving,0.9,0.0,साबित
impresses,0.9,0.0,impresses
interests,0.9,0.0,रूचियाँ
enviably,0.9,0.0,स्पृहणीयतापूर्वक
dotingly,0.9,0.0,dotingly
superior,0.9,0.0,बेहतर
pleasurable,0.9,0.0,सुखद
industrious,0.9,0.0,मेहनती
polite,0.9,0.0,सभ्य
slick,0.9,0.0,चालाक
compliant,0.9,0.0,शिकायत
smile,0.9,0.0,मुस्कुराओ
agreeably,0.9,0.0,चाव से
miraculousness,0.9,0.0,miraculousness
works,0.9,0.0,काम करता है
reverent,0.9,0.0,श्रद्धालु
graciously,0.9,0.0,विनय से
pinnacle,0.9,0.0,शिखर
risk-free,0.9,0.0,जोखिम मुक्त
empathize,0.9,0.0,सहानुभूति
righteous,0.9,0.0,न्याय परायण
subsidize,0.9,0.0,घूस देना
effusion,0.9,0.0,बहाव
unfazed,0.9,0.0,बेफिक्र
awarded,0.9,0.0,से सम्मानित किया
excelled,0.9,0.0,उत्कृष्ट प्रदर्शन
beckon,0.9,0.0,इशारा करना
well-backlit,0.9,0.0,अच्छी तरह से बैकलिट
law-abiding,0.9,0.0,कानूनी
eased,0.9,0.0,ढील
amusingly,0.9,0.0,amusingly
sensible,0.9,0.0,समझदार
impeccable,0.9,0.0,त्रुटिहीन
awesomely,0.9,0.0,अद्भुत रूप
competitive,0.9,0.0,प्रतियोगी
bravery,0.9,0.0,वीरता
distinction,0.9,0.0,भेद
sagacity,0.9,0.0,बुद्धिमत्ता
goood,0.9,0.0,goood
properly,0.9,0.0,अच्छी तरह
bloom,0.9,0.0,फूल का खिलना
freshest,0.9,0.0,ताज़ी
richly,0.9,0.0,बड़े पैमाने पर
well-wishers,0.9,0.0,शुभचिंतकों
flawlessly,0.9,0.0,दोषरहित
quaint,0.9,0.0,विचित्र
smartest,0.9,0.0,होशियार
gracious,0.9,0.0,विनीत
youthful,0.9,0.0,युवा
revolutionizes,0.9,0.0,revolutionizes
eloquently,0.9,0.0,अर्थपूर्ण
beautiful,0.9,0.0,सुंदर
feasibly,0.9,0.0,feasibly
relaxed,0.9,0.0,ढील
succes,0.9,0.0,सफलता
incredible,0.9,0.0,अविश्वसनीय
recovery,0.9,0.0,स्वास्थ्य लाभ
wisely,0.9,0.0,समझदारी से
effective,0.9,0.0,प्रभावी
merriment,0.9,0.0,आमोद
low-risk,0.9,0.0,कम जोखिम
affluence,0.9,0.0,समृद्धि
admirable,0.9,0.0,प्रशंसनीय
inpressed,0.9,0.0,inpressed
wows,0.9,0.0,wows
refine,0.9,0.0,परिशोधित
brave,0.9,0.0,बहादुर
amity,0.9,0.0,मेल - जोल
benevolent,0.9,0.0,भलाई करनेवाला
securely,0.9,0.0,सुरक्षित रूप से
improved,0.9,0.0,उन्नत
desiring,0.9,0.0,वासना
reform,0.9,0.0,सुधार
romantically,0.9,0.0,प्यार से
sporty,0.9,0.0,स्पोर्टी
reverence,0.9,0.0,श्रद्धा
invigorate,0.9,0.0,मज़बूत करना
outstanding,0.9,0.0,बकाया
prefers,0.9,0.0,पसंद
magnificent,0.9,0.0,शानदार
outperformed,0.9,0.0,बेहतर प्रदर्शन किया
eminence,0.9,0.0,श्रेष्ठता
satisified,0.9,0.0,satisified
enviousness,0.9,0.0,enviousness
overjoyed,0.9,0.0,मस्त
sophisticated,0.9,0.0,जटिल
extol,0.9,0.0,प्रशंसा करना
astonishingly,0.9,0.0,आश्चर्यजनक ढंग से
world-famous,0.9,0.0,विश्व प्रसिद्ध
gratitude,0.9,0.0,कृतज्ञता
deservedly,0.9,0.0,यथायोग्य
mesmerizingly,0.9,0.0,mesmerizingly
unparalleled,0.9,0.0,अद्वितीय
gorgeously,0.9,0.0,शान से
genial,0.9,0.0,महान
succeed,0.9,0.0,सफल होने के
beautifullly,0.9,0.0,beautifullly
faithfully,0.9,0.0,ईमानदारी
priceless,0.9,0.0,अमूल्य
exultant,0.9,0.0,नृत्य
thank,0.9,0.0,धन्यवाद
thumbs-up,0.9,0.0,थम्स अप
titillating,0.9,0.0,titillating
preferably,0.9,0.0,अधिमानतः
wonder,0.9,0.0,आश्चर्य
jubilate,0.9,0.0,परम अनन्द
finest,0.9,0.0,बेहतरीन
recommendation,0.9,0.0,सिफ़ारिश करना
astonishing,0.9,0.0,आश्चर्यजनक
enrapt,0.9,0.0,enrapt
honesty,0.9,0.0,ईमानदारी
luxury,0.9,0.0,विलासिता
futuristic,0.9,0.0,भविष्य
important,0.9,0.0,जरूरी
gaily,0.9,0.0,सुखपूर्वक
smooth,0.9,0.0,चिकनी
stronger,0.9,0.0,मजबूत
high-spirited,0.9,0.0,उत्साही
succeeding,0.9,0.0,सफल
beloved,0.9,0.0,जानम
beautifully,0.9,0.0,खूबसूरती से
sustainable,0.9,0.0,सतत
staunch,0.9,0.0,निष्ठावान
nice,0.9,0.0,अच्छा
acclamation,0.9,0.0,अभिनंदन
stellar,0.9,0.0,तारकीय
favorited,0.9,0.0,पसंदीदा
zenith,0.9,0.0,शीर्षबिंदु
courteous,0.9,0.0,विनम्र
heroically,0.9,0.0,वीरतापूर्वक
lucky,0.9,0.0,सौभाग्यशाली
correctly,0.9,0.0,सही ढंग से
prudent,0.9,0.0,विवेकी
success,0.9,0.0,सफलता
lustrous,0.9,0.0,शोभायमान
non-violent,0.9,0.0,अहिंसक
fervid,0.9,0.0,प्रचंड
gratifying,0.9,0.0,संतुष्टिदायक
statuesque,0.9,0.0,सुडौल
heartening,0.9,0.0,खुशी
unequivocally,0.9,0.0,स्पष्ट
brand-new,0.9,0.0,एकदम नया
blockbuster,0.9,0.0,फिल्म
breathtaking,0.9,0.0,लुभावनी
remission,0.9,0.0,क्षमा
heal,0.9,0.0,चंगा
accomodative,0.9,0.0,accomodative
ebullience,0.9,0.0,जोश-ख़रोश
rightness,0.9,0.0,सच्चाई
nobly,0.9,0.0,भलमनसी की तरह
finer,0.9,0.0,महीन
gaiety,0.9,0.0,आमोद-प्रमोद
eagerly,0.9,0.0,बेसब्री से
accessable,0.9,0.0,सुलभ
acclaim,0.9,0.0,प्रशंसा
self-sufficient,0.9,0.0,आत्मनिर्भर
adulatory,0.9,0.0,चापलूसी का
roomy,0.9,0.0,विशाल
harmonious,0.9,0.0,सामंजस्यपूर्ण
ecstatically,0.9,0.0,हर्षोन्माद
relent,0.9,0.0,तरस खाना
impassioned,0.9,0.0,आवेगहीन
rectifying,0.9,0.0,सुधार
prize,0.9,0.0,इनाम
beauteous,0.9,0.0,अलबेला
confidence,0.9,0.0,आत्मविश्वास
cherished,0.9,0.0,पोषित
outstrip,0.9,0.0,आगे बढ़ना
wieldy,0.9,0.0,wieldy
picturesque,0.9,0.0,सुरम्य
educated,0.9,0.0,शिक्षित
dauntless,0.9,0.0,निडर
embolden,0.9,0.0,प्रोत्साहित करना
reaffirmation,0.9,0.0,पुन: पुष्टि
cost-saving,0.9,0.0,पैसे की बचत
brainy,0.9,0.0,बुद्धिमान
unencumbered,0.9,0.0,अभारग्रस्त
amenity,0.9,0.0,सुख सुविधा
valor,0.9,0.0,मूल्य
convience,0.9,0.0,convience
err-free,0.9,0.0,अं मुक्त
hotcake,0.9,0.0,गर्म केक
delighted,0.9,0.0,प्रसन्न
prestigious,0.9,0.0,प्रतिष्ठित
amazingly,0.9,0.0,आश्चर्यजनक
encourage,0.9,0.0,प्रोत्साहित करना
liked,0.9,0.0,पसंद किया
correct,0.9,0.0,सही बात
outdo,0.9,0.0,आगे बढ़ना
helped,0.9,0.0,मदद की
accolade,0.9,0.0,सम्मान
invulnerable,0.9,0.0,अभेद्य
defeating,0.9,0.0,को हराने
gems,0.9,0.0,जवाहरात
low-priced,0.9,0.0,कम कीमत
patiently,0.9,0.0,धैर्यपूर्वक
dazzle,0.9,0.0,चकाचौंध
enviable,0.9,0.0,गहरी
engaging,0.9,0.0,मनोहन
ingenuous,0.9,0.0,सरल
peach,0.9,0.0,आड़ू
gleefully,0.9,0.0,प्रसन्नतापूर्वक
supurbly,0.9,0.0,supurbly
refund,0.9,0.0,धन की वापसी
lower-priced,0.9,0.0,कम कीमत
patriotic,0.9,0.0,देशभक्तिपूर्ण
calmness,0.9,0.0,शांति
irreplaceable,0.9,0.0,स्थिर
fearlessly,0.9,0.0,बेधड़क
steadfastly,0.9,0.0,लगातार
exalting,0.9,0.0,exalting
trustworthiness,0.9,0.0,विश्वसनीयता
accommodative,0.9,0.0,उदार
unrestricted,0.9,0.0,अप्रतिबंधित
affordably,0.9,0.0,किफ़ायती
appeal,0.9,0.0,अपील
integrated,0.9,0.0,को एकीकृत
dead-on,0.9,0.0,बिल्कुल ठीक
remarkable,0.9,0.0,असाधारण
brainiest,0.9,0.0,brainiest
time-honored,0.9,0.0,समय सम्मानित
savior,0.9,0.0,रक्षक
backbone,0.9,0.0,रीड की हड्डी
outstandingly,0.9,0.0,शानदार
amazement,0.9,0.0,विस्मय
replaceable,0.9,0.0,स्थान लेने योग्य
swankiest,0.9,0.0,swankiest
energy-saving,0.9,0.0,ऊर्जा की बचत
prodigious,0.9,0.0,विलक्षण
amicably,0.9,0.0,सौहार्दपूर्ण
guarantee,0.9,0.0,गारंटी
simplifying,0.9,0.0,सरल बनाने
supremacy,0.9,0.0,प्रभुत्व
softer,0.9,0.0,नरम
honest,0.9,0.0,ईमानदार
covenant,0.9,0.0,वाचा
striking,0.9,0.0,हड़ताली
sensitive,0.9,0.0,संवेदनशील
attractively,0.9,0.0,आकर्षक
electrify,0.9,0.0,विद्युतीकरण
best-performing,0.9,0.0,सबसे अच्छा प्रदर्शन
simplify,0.9,0.0,सरल
spellbinding,0.9,0.0,मंत्रमुग्ध
cure-all,0.9,0.0,इलाज-सब
hands-down,0.9,0.0,हाथ नीचे
soundly,0.9,0.0,सुख से
snappy,0.9,0.0,तेज़
exquisite,0.9,0.0,अति सुंदर
reassure,0.9,0.0,आश्वस्त
brilliances,0.9,0.0,brilliances
paramount,0.9,0.0,आला दर्जे का
dextrous,0.9,0.0,निपुण
lucidly,0.9,0.0,स्पष्ट रूप से
contrasty,0.9,0.0,contrasty
accomplishment,0.9,0.0,उपलब्धि
humorous,0.9,0.0,रस लेनेवाला
appropriate,0.9,0.0,उचित
undisputably,0.9,0.0,undisputably
clearly,0.9,0.0,स्पष्ट रूप से
admiringly,0.9,0.0,admiringly
eventful,0.9,0.0,घटनेवाला
guidance,0.9,0.0,दिशा निर्देश
hallowed,0.9,0.0,पवित्र
liberate,0.9,0.0,आजाद कराने
reclaim,0.9,0.0,रीक्लेम
outperform,0.9,0.0,मात करना
valiant,0.9,0.0,बहादुर
magnanimously,0.9,0.0,उदारता से
upliftingly,0.9,0.0,upliftingly
heaven,0.9,0.0,स्वर्ग
robust,0.9,0.0,मजबूत
blameless,0.9,0.0,बिना निंदा
spellbind,0.9,0.0,मोहित करना
meritorious,0.9,0.0,सराहनीय
self-determination,0.9,0.0,स्वभाग्यनिर्णय
happiness,0.9,0.0,ख़ुशी
enjoyable,0.9,0.0,सुखद
subsidizes,0.9,0.0,सब्सिडी
nurturing,0.9,0.0,पोषण
eminent,0.9,0.0,प्रख्यात
heavenly,0.9,0.0,स्वर्गीय
engrossing,0.9,0.0,मनोरंजक
rich,0.9,0.0,धनी
humor,0.9,0.0,हास्य
first-rate,0.9,0.0,पहले दर्जे
unselfish,0.9,0.0,बेगरज
oasis,0.9,0.0,शाद्वल
poised,0.9,0.0,की ओर अग्रसर
kid-friendly,0.9,0.0,बच्चे के अनुकूल
harmonize,0.9,0.0,मिलाना
vigilant,0.9,0.0,जागरूक
outwit,0.9,0.0,चतुरता में मात देना
adoringly,0.9,0.0,adoringly
quieter,0.9,0.0,शांत
fondly,0.9,0.0,सप्रेम
instructive,0.9,0.0,शिक्षाप्रद
complemented,0.9,0.0,पूरित
all-around,0.9,0.0,आसपास
hallmarks,0.9,0.0,पहचान
soundness,0.9,0.0,दृढ़ता
dashing,0.9,0.0,साहसी
overtaken,0.9,0.0,आगे निकल
grace,0.9,0.0,कृपा
advocate,0.9,0.0,वकील
fanfare,0.9,0.0,धूमधाम
jubilantly,0.9,0.0,आनंदपूर्वक
praising,0.9,0.0,की तारीफ
tops,0.9,0.0,सबसे ऊपर
succeeds,0.9,0.0,सफल होता है
astonished,0.9,0.0,आश्चर्यचकित
danken,0.9,0.0,धन्यवाद करने के लिए
affection,0.9,0.0,स्नेह
geeky,0.9,0.0,geeky
hot,0.9,0.0,गरम
advantageous,0.9,0.0,लाभदायक
improve,0.9,0.0,सुधारें
sweetheart,0.9,0.0,प्रिय
eloquence,0.9,0.0,वाग्मिता
audibly,0.9,0.0,सुनने में
charmingly,0.9,0.0,आकर्षक
incredibly,0.9,0.0,अविश्वसनीय रूप से
solicitous,0.9,0.0,चिंताशील
well-made,0.9,0.0,अच्छी तरह से बनाया
logical,0.9,0.0,तार्किक
zeal,0.9,0.0,उत्साह
thoughtfully,0.9,0.0,सोच समजकर
solid,0.9,0.0,ठोस
deference,0.9,0.0,सम्मान
intuitive,0.9,0.0,सहज ज्ञान युक्त
punctual,0.9,0.0,समयनिष्ठ
hallmark,0.9,0.0,बानगी
redeeming,0.9,0.0,redeeming
safe,0.9,0.0,सुरक्षित
excallent,0.9,0.0,excallent
fortune,0.9,0.0,भाग्य
grin,0.9,0.0,मुसकान
awesomeness,0.9,0.0,awesomeness
succeeded,0.9,0.0,सफल हुए
beckons,0.9,0.0,beckons
pamperedly,0.9,0.0,pamperedly
appreciative,0.9,0.0,सराहना
thrilled,0.9,0.0,रोमांचित
loyal,0.9,0.0,निष्ठावान
adventurous,0.9,0.0,साहसी
booming,0.9,0.0,फलफूल
renown,0.9,0.0,यश
dote,0.9,0.0,दहेज
reformed,0.9,0.0,सुधार
excellently,0.9,0.0,उत्कृष्ट
fresh,0.9,0.0,ताज़ा
exceedingly,0.9,0.0,निहायत
undisputable,0.9,0.0,undisputable
distinctive,0.9,0.0,विशेष
hale,0.9,0.0,हट्टा कट्टा
gloriously,0.9,0.0,महाप्रतापी
elan,0.9,0.0,घोषणा
stylized,0.9,0.0,शैलीकृत
sweeten,0.9,0.0,मीठा
alluring,0.9,0.0,मनोहर
fecilitous,0.9,0.0,fecilitous
overtaking,0.9,0.0,तेज उन्नति
saver,0.9,0.0,रक्षक
ftw,0.9,0.0,FTW
laudable,0.9,0.0,प्रशंसनीय
euphoric,0.9,0.0,जश्न
impartially,0.9,0.0,निष्पक्ष
lifesaver,0.9,0.0,जीवन रक्षक
simplest,0.9,0.0,सरलतम
excellency,0.9,0.0,मान्यवर
agility,0.9,0.0,चपलता
blessing,0.9,0.0,आशीर्वाद
winnable,0.9,0.0,winnable
fair,0.9,0.0,निष्पक्ष
monumentally,0.9,0.0,अपील
felicity,0.9,0.0,परम सुख
hottest,0.9,0.0,गर्मागर्म
courtly,0.9,0.0,सभ्य
headway,0.9,0.0,प्रगति
bonuses,0.9,0.0,बोनस
best-known,0.9,0.0,सर्वाधिक जानकार
significant,0.9,0.0,महत्वपूर्ण
smoothes,0.9,0.0,smoothes
prettily,0.9,0.0,सुंदरता से
affinity,0.9,0.0,आत्मीयता
meaningful,0.9,0.0,सार्थक
prosperous,0.9,0.0,समृद्ध
ambitiously,0.9,0.0,महत्वाकांक्षा
versatility,0.9,0.0,चंचलता
lawfully,0.9,0.0,विधिवत्
resourceful,0.9,0.0,साधन-संपन्न
endearing,0.9,0.0,प्यारी
felicitate,0.9,0.0,सौभाग्य
heartily,0.9,0.0,दिल से
admire,0.9,0.0,Admire
suffices,0.9,0.0,suffices
aspirations,0.9,0.0,आकांक्षाओं
infallibility,0.9,0.0,अभ्रांतता
surpass,0.9,0.0,पार
delicious,0.9,0.0,स्वादिष्ट
complimentary,0.9,0.0,मानार्थ
novelty,0.9,0.0,नवीनता
coherence,0.9,0.0,जुटना
subsidized,0.9,0.0,सब्सिडी
surreal,0.9,0.0,असली
spiritual,0.9,0.0,आध्यात्मिक
grandeur,0.9,0.0,महानता
improving,0.9,0.0,में सुधार
goodness,0.9,0.0,भलाई
bonus,0.9,0.0,बक्शीश
amusing,0.9,0.0,मनोरंजक
confident,0.9,0.0,विश्वास है
felicitous,0.9,0.0,परम सुखी
compactly,0.9,0.0,दृढ़तापूर्वक
trivially,0.9,0.0,तुच्छता
achievable,0.9,0.0,प्राप्त
merrily,0.9,0.0,ख़ुशी से
exhilarating,0.9,0.0,प्राणपोषक
thrills,0.9,0.0,रोमांच
tidy,0.9,0.0,साफ
jubiliant,0.9,0.0,जयंती
sensibly,0.9,0.0,समझदारी से
restructure,0.9,0.0,पुनर्गठन
miraculous,0.9,0.0,चमत्कारपूर्ण
glee,0.9,0.0,उल्लास
whoa,0.9,0.0,रुको
superb,0.9,0.0,उत्तम
obsession,0.9,0.0,जुनून
joyfully,0.9,0.0,खुशी-खुशी
undisputed,0.9,0.0,निर्विवाद
comely,0.9,0.0,सुदर्शन
gorgeous,0.9,0.0,भव्य
luckier,0.9,0.0,भाग्यशाली
worth,0.9,0.0,लायक
beneficially,0.9,0.0,लाभदायक
user-replaceable,0.9,0.0,उपयोगकर्ता द्वारा बदलने
decent,0.9,0.0,सभ्य
blissfully,0.9,0.0,आनंदपूर्वक
salutary,0.9,0.0,लाभदायक
commodious,0.9,0.0,विशाल
stable,0.9,0.0,स्थिर
scenic,0.9,0.0,सुंदर
unassailable,0.9,0.0,अभेद्य
holy,0.9,0.0,पवित्र
invincibility,0.9,0.0,अजेयता
enchant,0.9,0.0,एंचेंट
appealing,0.9,0.0,आकर्षक
resolute,0.9,0.0,दृढ़
titillatingly,0.9,0.0,titillatingly
excellence,0.9,0.0,उत्कृष्टता
perfect,0.9,0.0,उत्तम
revolutionized,0.9,0.0,क्रांति ला दी
exalted,0.9,0.0,ऊंचा
loves,0.9,0.0,प्यार
accolades,0.9,0.0,वाहवाही
delectable,0.9,0.0,मनोरम
wowed,0.9,0.0,wowed
