Term,PosScore,NegScore,Malayalam
direct,0.75,0.0,നേരിട്ട്
adoptable,0.75,0.0,ദത്തെടുക്കാവുന്ന
due,0.75,0.0,കാരണം
ravishing,0.75,0.0,നശിപ്പിക്കുന്നു
benefic,0.75,0.0,പ്രയോജനകരമായ
unsurpassable,1.0,0.0,മറികടക്കാനാവില്ല
thorough,0.75,0.0,സമഗ്രമായ
cautious,0.75,0.0,ജാഗ്രത
competent,0.75,0.0,കഴിവുള്ള
workmanlike,0.75,0.0,ജോലിക്കാരൻ
competent,0.75,0.0,കഴിവുള്ള
full-blown,0.75,0.0,നിറഞ്ഞു
conspicuous,0.75,0.0,പ്രകടമാണ്
differentiable,0.75,0.0,വ്യത്യാസപ്പെടുത്താവുന്ന
constant,0.75,0.125,സ്ഥിര
incorrupt,0.75,0.25,തെറ്റാണ്
corn-fed,0.75,0.0,ധാന്യം തീറ്റ
decorous,0.75,0.0,അലങ്കാര
definite,0.75,0.0,നിശ്ചിത
importunate,0.75,0.125,ഇറക്കുമതി ചെയ്യുക
plummy,0.75,0.0,പ്ലംമി
discerning,0.875,0.0,വിവേചനാധികാരം
incisive,0.75,0.0,incisive
metal-cutting,0.75,0.0,മെറ്റൽ കട്ടിംഗ്
bounden,0.875,0.0,അതിർത്തി
disenchanted,0.875,0.0,നിരാശരായി
exportable,0.75,0.0,കയറ്റുമതി ചെയ്യാവുന്ന
enlightened,0.75,0.0,പ്രബുദ്ധരായ
estimable,1.0,0.0,കണക്കാക്കുന്നത്
exchangeable,0.75,0.0,കൈമാറ്റം ചെയ്യാവുന്ന
expendable,0.75,0.0,ചെലവഴിക്കാവുന്ന
extricable,0.75,0.0,എക്‌സ്‌ട്രാക്റ്റബിൾ
fit,0.75,0.0,ഫിറ്റ്
pleasant-smelling,0.75,0.0,സുഖകരമായ ഗന്ധം
goodish,0.75,0.0,നല്ല
goody-goody,0.875,0.0,നല്ല-നല്ല
white,0.75,0.0,വെള്ള
good-natured,0.75,0.0,നല്ല പ്രകൃതമുള്ള
gainly,0.875,0.0,ലാഭകരമായി
bouncing,0.75,0.0,കുതിക്കുന്നു
firm,0.875,0.0,ഉറച്ച
hearty,0.75,0.0,ഹൃദയംഗമമായ
well-preserved,0.75,0.0,നന്നായി സംരക്ഷിക്കപ്പെടുന്നു
laureate,0.75,0.0,പുരസ്കാര ജേതാവ്
droll,0.75,0.0,ഡ്രോൾ
measurable,0.75,0.0,അളക്കാവുന്ന
intellectual,0.875,0.0,ബൗദ്ധിക
inviting,0.75,0.0,ക്ഷണിക്കുന്നു
gladsome,0.75,0.0,ഗ്ലാഡ്‌സോം
singable,0.75,0.0,പാടാവുന്ന
moralistic,0.75,0.125,ധാർമ്മികത
incorrupt,0.75,0.25,തെറ്റാണ്
licit,0.75,0.0,ബിഡ്
incumbent,0.875,0.0,നിലവിലുള്ളത്
unimpassioned,0.75,0.0,താൽപ്പര്യമില്ലാത്ത
finished,0.75,0.0,പൂർത്തിയായി
microscopic,0.75,0.0,മൈക്രോസ്കോപ്പിക്
halal,0.75,0.0,നിയമാനുസൃതം
kosher,0.75,0.0,കോഷർ
disarming,0.75,0.125,നിരായുധീകരണം
white,0.75,0.125,വെള്ള
ladylike,0.75,0.0,സ്ത്രീ പോലുള്ള
unprintable,0.75,0.25,അച്ചടിക്കാൻ കഴിയില്ല
diffident,0.875,0.0,വ്യത്യസ്തമാണ്
answerable,0.875,0.0,ഉത്തരം നൽകാവുന്ന
emancipative,0.75,0.125,വിമോചനം
danceable,0.75,0.0,നൃത്തം ചെയ്യാവുന്ന
opposite,0.75,0.125,എതിർവശത്ത്
antiseptic,0.75,0.25,ആന്റിസെപ്റ്റിക്
shapely,0.75,0.0,ആകൃതിയിൽ
well-proportioned,0.75,0.0,നന്നായി ആനുപാതികമായി
sound,0.75,0.0,ശബ്ദം
straightarrow,0.875,0.125,നേരേ
upper,0.75,0.0,മുകളിലെ
banner,0.875,0.0,ബാനർ
gilt-edged,0.75,0.0,ഗിൽറ്റ്-എഡ്ജ്
premium,0.75,0.0,പ്രീമിയം
shining,0.75,0.0,തിളങ്ങുന്നു
spiffing,0.875,0.0,സ്പിഫിംഗ്
choice,0.75,0.125,ചോയിസ്
serviceable,0.75,0.0,സേവനയോഗ്യമാണ്
sacred,0.75,0.0,പവിത്രമാണ്
constitutional,0.75,0.0,ഭരണഘടനാപരമായ
deliverable,0.75,0.0,വിടുവിക്കാവുന്ന
ducal,0.75,0.0,ഡ്യൂക്കൽ
masterstroke,0.75,0.0,മാസ്റ്റർസ്ട്രോക്ക്
pleasantry,0.75,0.0,സുഖം
indignity,0.75,0.0,നീരസം
props,0.875,0.0,പ്രൊഫഷണലുകൾ
titillation,0.75,0.0,ടൈറ്റിലേഷൻ
beatification,0.75,0.0,ഭംഗി
rambouillet,0.75,0.0,റാംബില്ലറ്റ്
character,0.875,0.0,പ്രതീകം
drama,0.75,0.0,നാടകം
chirpiness,0.75,0.0,ചിരിപ്പ്
vivacity,0.75,0.25,സജീവത
mettlesomeness,0.75,0.0,mettlesomeness
bluffness,0.875,0.0,മണ്ടത്തരം
picturesqueness,0.875,0.0,ചിത്രരചന
pleasingness,0.75,0.0,പ്രസാദം
attractiveness,0.75,0.0,ആകർഷണം
innateness,0.75,0.25,അന്തർലീനത
totality,0.75,0.0,മൊത്തം
looseness,0.75,0.25,അയവുള്ളത്
wholesomeness,0.875,0.0,പൂർണ്ണത
healthfulness,0.875,0.0,ആരോഗ്യകരമായ
trueness,0.75,0.0,സത്യസന്ധത
tastefulness,0.875,0.0,രുചി
urbanity,0.875,0.0,നഗരത്വം
conscientiousness,0.75,0.0,മന ci സാക്ഷി
safeness,0.75,0.25,സുരക്ഷിതത്വം
scrupulousness,0.75,0.0,സൂക്ഷ്മത
integrity,0.875,0.125,സമഗ്രത
probity,0.75,0.0,സാധ്യത
artfulness,0.75,0.0,കലാപരമായി
dedication,0.875,0.0,സമർപ്പണം
urbanity,0.875,0.0,നഗരത്വം
crispness,0.875,0.0,ശാന്തത
extremeness,0.75,0.25,തീവ്രത
reasonableness,0.75,0.0,ന്യായബോധം
affirmativeness,0.75,0.0,സ്ഥിരീകരണം
importance,0.75,0.125,പ്രാധാന്യം
account,0.875,0.125,അക്കൗണ്ട്
meaningfulness,0.75,0.125,അർത്ഥവത്തായ
shrillness,0.75,0.25,ചുരുക്കം
eye,0.75,0.0,കണ്ണ്
logic,0.75,0.0,യുക്തി
judiciousness,0.875,0.0,നീതി
ear,0.75,0.0,ചെവി
balletomania,0.75,0.0,ബാലെറ്റോമാനിയ
mastering,0.75,0.0,മാസ്റ്ററിംഗ്
principle,0.75,0.0,തത്വം
hedonism,0.75,0.0,ഹെഡോണിസം
courtesy,0.75,0.0,കടപ്പാട്
topper,0.75,0.0,ടോപ്പർ
divination,0.875,0.0,ഭാവികാലം
moralism,0.75,0.125,ധാർമ്മികത
bonheur,0.875,0.0,സന്തോഷം
beneficence,0.75,0.0,പ്രയോജനം
criollo,0.75,0.0,ക്രിയോൾ
amoralist,0.75,0.0,അമോറലിസ്റ്റ്
brick,0.75,0.0,ഇഷ്ടിക
first-rater,1.0,0.0,ഫസ്റ്റ്-റേറ്റർ
out-and-outer,0.75,0.0,പുറത്തും പുറത്തും
pleaser,0.75,0.0,പ്രസാദകൻ
possible,0.75,0.0,സാധ്യമാണ്
serendipity,0.75,0.125,യാദൃശ്ചികത
antithesis,0.75,0.0,വിരുദ്ധത
contrary,0.75,0.0,നേരെമറിച്ച്
algidity,0.75,0.25,ആൽജിഡിറ്റി
pathology,0.75,0.125,പാത്തോളജി
character,0.875,0.0,പ്രതീകം
fettle,0.75,0.0,ഭ്രൂണം
time,0.75,0.0,സമയം
simply,0.75,0.0,ലളിതമായി
downright,0.75,0.0,നേരായ
recuperate,0.75,0.0,സുഖം പ്രാപിക്കുക
redound,0.75,0.0,റീഡ ound ണ്ട്
enervate,0.75,0.0,enervate
delouse,0.75,0.0,delouse
think,0.75,0.0,ചിന്തിക്കുക
receive,0.75,0.0,സ്വീകരിക്കുക
consider,0.75,0.0,പരിഗണിക്കുക
give,0.75,0.125,കൊടുക്കുക
filigree,0.875,0.0,ഫിലിഗ്രി
stultify,0.75,0.125,stultify
see,0.75,0.0,കാണുക
vest,0.875,0.0,വെസ്റ്റ്
agree,0.875,0.0,സമ്മതിക്കുന്നു
suit,0.875,0.0,സ്യൂട്ട്
belong,0.75,0.0,ഉൾപ്പെടുന്നു
make,0.875,0.0,ഉണ്ടാക്കുക
sensation,0.9,0.0,സംവേദനം
thriving,0.9,0.0,അഭിവൃദ്ധി പ്രാപിക്കുന്നു
marvels,0.9,0.0,അത്ഭുതങ്ങൾ
vibrant,0.9,0.0,ibra ർജ്ജസ്വലമായ
fragrant,0.9,0.0,സുഗന്ധം
enthusiast,0.9,0.0,ഉത്സാഹിയായ
successfully,0.9,0.0,വിജയകരമായി
gifted,0.9,0.0,സമ്മാനം
unequivocal,0.9,0.0,വ്യക്തമല്ലാത്ത
readily,0.9,0.0,എളുപ്പത്തിൽ
solicitously,0.9,0.0,അഭ്യർത്ഥനയോടെ
enchantingly,0.9,0.0,മോഹിപ്പിക്കുന്ന
gold,0.9,0.0,സ്വർണം
comforting,0.9,0.0,ആശ്വാസകരമാണ്
portable,0.9,0.0,പോർട്ടബിൾ
sensations,0.9,0.0,സംവേദനങ്ങൾ
truthful,0.9,0.0,സത്യസന്ധൻ
notably,0.9,0.0,പ്രധാനപ്പെട്ടത്
bonny,0.9,0.0,ബോണി
adulate,0.9,0.0,adulate
jolly,0.9,0.0,ജോളി
supurb,0.9,0.0,supurb
aspiration,0.9,0.0,അഭിലാഷം
venerate,0.9,0.0,ആരാധിക്കുക
liking,0.9,0.0,ഇഷ്ടപ്പെടുന്നു
sweeping,0.9,0.0,തൂത്തുവാരൽ
flexible,0.9,0.0,വഴങ്ങുന്ന
liberty,0.9,0.0,സ്വാതന്ത്ര്യം
refresh,0.9,0.0,പുതുക്കുക
vivacious,0.9,0.0,സജീവമായ
gem,0.9,0.0,രത്നം
impress,0.9,0.0,മതിപ്പുളവാക്കുക
trumpet,0.9,0.0,കാഹളം
entrust,0.9,0.0,ഏൽപ്പിക്കുക
catchy,0.9,0.0,ആകർഷകമായ
talents,0.9,0.0,കഴിവുകൾ
retractable,0.9,0.0,പിൻവലിക്കാവുന്ന
passionate,0.9,0.0,വികാരാധീനമായ
triumph,0.9,0.0,വിജയം
afordable,0.9,0.0,afordable
congratulations,0.9,0.0,അഭിനന്ദനങ്ങൾ
bargain,0.9,0.0,വിലപേശൽ
glad,0.9,0.0,സന്തോഷിപ്പിക്കുന്നു
rejuvenated,0.9,0.0,പുനരുജ്ജീവിപ്പിച്ചു
top,0.9,0.0,മുകളിൽ
gladden,0.9,0.0,സന്തോഷിച്ചു
energize,0.9,0.0,g ർജ്ജസ്വലമാക്കുക
humane,0.9,0.0,മാനുഷികമായ
swank,0.9,0.0,swank
insightfully,0.9,0.0,ഉൾക്കാഴ്ചയോടെ
courageousness,0.9,0.0,ധൈര്യം
fancinating,0.9,0.0,കൗതുകം
maturity,0.9,0.0,പക്വത
energy-efficient,0.9,0.0,ഊർജ്ജ കാര്യക്ഷമമായ
calm,0.9,0.0,ശാന്തം
desirable,0.9,0.0,അഭികാമ്യം
poeticize,0.9,0.0,കാവ്യാത്മകമാക്കുക
easiest,0.9,0.0,എളുപ്പമാണ്
low-price,0.9,0.0,കുറഞ്ഞ വില
striving,0.9,0.0,പരിശ്രമിക്കുന്നു
advantage,0.9,0.0,നേട്ടം
cheerful,0.9,0.0,സന്തോഷവതി
ample,0.9,0.0,മതിയാവോളമുള്ള
steady,0.9,0.0,സ്ഥിരതയുള്ള
effortless,0.9,0.0,അനായാസമാണ്
innovation,0.9,0.0,നവീകരണം
fine-looking,0.9,0.0,മനോഹരമായി കാണപ്പെടുന്നു
wonders,0.9,0.0,അത്ഭുതങ്ങൾ
cashback,0.9,0.0,പണം തിരികെ
quicker,0.9,0.0,വേഗത്തിൽ
gleeful,0.9,0.0,സന്തോഷം
expertly,0.9,0.0,വിദഗ്ദ്ധമായി
divine,0.9,0.0,ദിവ്യ
miraculously,0.9,0.0,അത്ഭുതകരമായി
daring,0.9,0.0,ധൈര്യമുള്ള
pepped,0.9,0.0,കുരുമുളക്
cooperatively,0.9,0.0,സഹകരണത്തോടെ
gainful,0.9,0.0,ലാഭകരമായ
rewarding,0.9,0.0,പ്രതിഫലദായകമാണ്
magnificently,0.9,0.0,ഗംഭീരമായി
captivate,0.9,0.0,ആകർഷിക്കുക
exceeding,0.9,0.0,കവിയുന്നു
ready,0.9,0.0,തയ്യാറാണ്
invaluablely,0.9,0.0,അമൂല്യമായി
modesty,0.9,0.0,എളിമ
innovative,0.9,0.0,നൂതനമായത്
rapturous,0.9,0.0,അത്യന്താപേക്ഷിതമാണ്
soulful,0.9,0.0,ആത്മാവുള്ള
hard-working,0.9,0.0,കഠിനാദ്ധ്വാനിയായ
understandable,0.9,0.0,മനസ്സിലാക്കാവുന്നതേയുള്ളൂ
resourcefulness,0.9,0.0,വിഭവസമൃദ്ധി
illumine,0.9,0.0,പ്രകാശിച്ചു
trusty,0.9,0.0,വിശ്വസനീയമാണ്
patriot,0.9,0.0,രാജ്യസ്നേഹി
amply,0.9,0.0,മതിയായ
appreciate,0.9,0.0,അഭിനന്ദിക്കുക
large-capacity,0.9,0.0,വലിയ ശേഷി
ardent,0.9,0.0,തീവ്രമായ
inspiration,0.9,0.0,പ്രചോദനം
topnotch,0.9,0.0,മുന്തിയത്
fluent,0.9,0.0,നിഷ്പ്രയാസം
well-balanced,0.9,0.0,നന്നായി സമീകൃതമായി
clear-cut,0.9,0.0,വളരെ വ്യക്തമായ
lovely,0.9,0.0,മനോഹരമാണ്
frugal,0.9,0.0,മിതത്വം
affirm,0.9,0.0,ഉറപ്പുപറയുക
idealize,0.9,0.0,അനുയോജ്യമാക്കുക
great,0.9,0.0,കൊള്ളാം
profoundly,0.9,0.0,അഗാധമായി
gumption,0.9,0.0,ഗംപ്ഷൻ
elation,0.9,0.0,ഉന്മേഷം
stability,0.9,0.0,സ്ഥിരത
spellbound,0.9,0.0,അക്ഷരത്തെറ്റ്
obsessions,0.9,0.0,ഗർഭച്ഛിദ്രം
applaud,0.9,0.0,കരഘോഷം
willing,0.9,0.0,സന്നദ്ധത
well-bred,0.9,0.0,നന്നായി വളർത്തുന്നു
cleanly,0.9,0.0,വൃത്തിയായി
graciousness,0.9,0.0,കൃപ
constructive,0.9,0.0,സൃഷ്ടിപരമായ
pampers,0.9,0.0,pampers
hotcakes,0.9,0.0,ഹോട്ട്‌കേക്കുകൾ
realistic,0.9,0.0,റിയലിസ്റ്റിക്
nicely,0.9,0.0,നന്നായി
unbiased,0.9,0.0,പക്ഷപാതമില്ലാത്ത
virtuously,0.9,0.0,പുണ്യമായി
free,0.9,0.0,സൗ ജന്യം
fairly,0.9,0.0,ന്യായമായും
cushy,0.9,0.0,കുഷി
grand,0.9,0.0,ഉയരമുള്ളത്
admirer,0.9,0.0,അഭിനന്ദിക്കുക
peaceable,0.9,0.0,സമാധാനപരമാണ്
laud,0.9,0.0,മേശ
renewed,0.9,0.0,പുതുക്കി
inspire,0.9,0.0,പ്രചോദിപ്പിക്കുക
buoyant,0.9,0.0,തിളക്കം
humility,0.9,0.0,വിനയം
stabilize,0.9,0.0,സ്ഥിരപ്പെടുത്തുക
hopeful,0.9,0.0,പ്രതീക്ഷ
staunchness,0.9,0.0,കാഠിന്യം
tenderly,0.9,0.0,ആർദ്രതയോടെ
amiabily,0.9,0.0,സൗഹാർദ്ദപരമായി
liberation,0.9,0.0,വിമോചനം
loveliness,0.9,0.0,സൗന്ദര്യം
stunned,0.9,0.0,സ്തബ്ധനായി
seamless,0.9,0.0,തടസ്സമില്ലാത്ത
supremely,0.9,0.0,പരമപ്രധാനമാണ്
capable,0.9,0.0,കഴിവുള്ള
firmer,0.9,0.0,ഉറച്ച
overture,0.9,0.0,ഓവർചർ
chivalrous,0.9,0.0,ധൈര്യശാലിയായ
ingeniously,0.9,0.0,സമർത്ഥമായി
freedom,0.9,0.0,സ്വാതന്ത്ര്യം
well-positioned,0.9,0.0,നന്നായി സ്ഥാനം പിടിച്ചിരിക്കുന്നു
balanced,0.9,0.0,സമതുലിതമായ
refunded,0.9,0.0,റീഫണ്ട് ചെയ്തു
triumphal,0.9,0.0,വിജയകരമായ
angelic,0.9,0.0,മാലാഖ
matchless,0.9,0.0,പൊരുത്തമില്ലാത്ത
tenacious,0.9,0.0,ധീരത
successful,0.9,0.0,വിജയിച്ചു
powerfully,0.9,0.0,ശക്തമായി
uplifting,0.9,0.0,ഉയർത്തൽ
dynamic,0.9,0.0,ചലനാത്മക
thankful,0.9,0.0,നന്ദിയുള്ള
cuteness,0.9,0.0,കടുപ്പം
champ,0.9,0.0,ഫീൽഡ്
intriguingly,0.9,0.0,ക ri തുകകരമായി
sufficiently,0.9,0.0,മതിയായ
pepping,0.9,0.0,കുരുമുളക്
god-send,0.9,0.0,ദൈവം അയയ്‌ക്കുക
mature,0.9,0.0,പക്വത
top-quality,0.9,0.0,മികച്ച നിലവാരം
efficient,0.9,0.0,കാര്യക്ഷമമാണ്
easy-to-use,0.9,0.0,ഉപയോഗിക്കാൻ എളുപ്പമാണ്
peppy,0.9,0.0,കുരുമുളക്
idol,0.9,0.0,വിഗ്രഹം
elegantly,0.9,0.0,ഗംഭീരമായി
glorious,0.9,0.0,മഹത്വമുള്ള
insightful,0.9,0.0,ഉൾക്കാഴ്ചയുള്ള
economical,0.9,0.0,സാമ്പത്തിക
reassurance,0.9,0.0,ഉറപ്പ്
premier,0.9,0.0,ആദ്യം
redeem,0.9,0.0,വീണ്ടെടുക്കുക
pain-free,0.9,0.0,വേദനരഹിതം
supporter,0.9,0.0,പിന്തുണക്കാരൻ
rejoicingly,0.9,0.0,സന്തോഷത്തോടെ
dawn,0.9,0.0,പ്രഭാതത്തെ
gutsy,0.9,0.0,ധൈര്യം
terrifically,0.9,0.0,ഭയങ്കരമായി
imaculate,0.9,0.0,കുറ്റമറ്റ
appreciated,0.9,0.0,അഭിനന്ദിച്ചു
strongest,0.9,0.0,ഏറ്റവും ശക്തൻ
accomplish,0.9,0.0,നിർവ്വഹിക്കുക
stimulate,0.9,0.0,ഉത്തേജിപ്പിക്കുക
distinguished,0.9,0.0,വിശിഷ്ടം
joy,0.9,0.0,സന്തോഷം
enjoyed,0.9,0.0,ആസ്വദിച്ചു
elate,0.9,0.0,എലേറ്റ്
benefit,0.9,0.0,പ്രയോജനം
openness,0.9,0.0,തുറന്നത
achievement,0.9,0.0,നേട്ടം
honorable,0.9,0.0,മാന്യമായ
salute,0.9,0.0,ആരോഗ്യം
genuine,0.9,0.0,യഥാർത്ഥ
unbound,0.9,0.0,പരിധിയില്ലാത്ത
convienient,0.9,0.0,അനുയോജ്യമായത്
enlighten,0.9,0.0,പ്രബുദ്ധമാക്കുക
dumbfounding,0.9,0.0,ഓർമ
unabashed,0.9,0.0,അഴിച്ചുമാറ്റിയത്
rapturously,0.9,0.0,അത്യന്താപേക്ഷിതമായി
steadiness,0.9,0.0,സ്ഥിരത
sensationally,0.9,0.0,സംവേദനാത്മകമായി
clearer,0.9,0.0,വ്യക്തമാണ്
selective,0.9,0.0,സെലക്ടീവ്
affirmative,0.9,0.0,സ്ഥിരീകരിക്കുന്നു
dirt-cheap,0.9,0.0,തുച്ഛമായത്
trust,0.9,0.0,ആശ്രയം
enthusiasm,0.9,0.0,ആവേശം
undaunted,0.9,0.0,ഭയപ്പെടാത്ത
courageously,0.9,0.0,ധൈര്യത്തോടെ
useful,0.9,0.0,ഉപയോഗപ്രദമാണ്
adequate,0.9,0.0,മതിയായ
jubilation,0.9,0.0,സന്തോഷം
admirably,0.9,0.0,പ്രശംസനീയമായി
phenomenally,0.9,0.0,അസാധാരണമായി
decisiveness,0.9,0.0,നിർണ്ണായകത
cozy,0.9,0.0,സുഖപ്രദമായ
compassion,0.9,0.0,അനുകമ്പ
handier,0.9,0.0,ഹാൻഡിയർ
clears,0.9,0.0,മായ്‌ക്കുന്നു
convincingly,0.9,0.0,ബോധ്യത്തോടെ
preferring,0.9,0.0,ഇഷ്ടപ്പെടുന്നു
sagely,0.9,0.0,sagely
viewable,0.9,0.0,കാണാനാകും
awesome,0.9,0.0,ആകർഷകമാണ്
abounds,0.9,0.0,പെരുകുന്നു
keenness,0.9,0.0,തീവ്രത
awards,0.9,0.0,അവാർഡുകൾ
supportive,0.9,0.0,പിന്തുണയ്ക്കുന്നു
fine,0.9,0.0,പിഴ
pamperedness,0.9,0.0,ഓർമപ്പെടുത്തൽ
unrivaled,0.9,0.0,സമാനതകളില്ലാത്ത
best-selling,0.9,0.0,ഏറ്റവും കൂടുതൽ വിറ്റുപോയത്
hearten,0.9,0.0,ഹൃദയം
sturdier,0.9,0.0,ശക്തൻ
advantages,0.9,0.0,ഗുണങ്ങൾ
panoramic,0.9,0.0,പനോരമിക്
enhanced,0.9,0.0,മെച്ചപ്പെടുത്തി
eulogize,0.9,0.0,പ്രശംസിക്കുക
lighter,0.9,0.0,ഭാരം കുറഞ്ഞത്
won,0.9,0.0,ജയിച്ചു
comprehensive,0.9,0.0,സമഗ്രമായ
revival,0.9,0.0,പുനരുജ്ജീവിപ്പിക്കൽ
skilled,0.9,0.0,പ്രഗത്ഭൻ
enticing,0.9,0.0,മോഹിപ്പിക്കുന്ന
tenacity,0.9,0.0,സ്ഥിരത
supporting,0.9,0.0,പിന്തുണയ്ക്കുന്നു
greatest,0.9,0.0,ഏറ്റവും വലിയ
fabulously,0.9,0.0,ഗംഭീരമായി
altruistic,0.9,0.0,പരോപകാര സ്വഭാവം
enticingly,0.9,0.0,ആകർഷകമായി
silent,0.9,0.0,നിശബ്ദത
pleasant,0.9,0.0,സുഖകരമാണ്
fondness,0.9,0.0,സ്നേഹം
upgradeable,0.9,0.0,അപ്‌ഗ്രേഡുചെയ്യാനാകും
phenomenal,0.9,0.0,അസാധാരണമായത്
fans,0.9,0.0,ആരാധകർ
state-of-the-art,0.9,0.0,സ്റ്റേറ്റ് ഓഫ് ദി ആർട്ട്
noble,0.9,0.0,കുലീനൻ
fast-growing,0.9,0.0,അതിവേഗം വളരുന്ന
serene,0.9,0.0,ശാന്തമായ
handsomely,0.9,0.0,സുന്ദരനായി
nourish,0.9,0.0,പോഷിപ്പിക്കുക
usable,0.9,0.0,ഉപയോഗയോഗ്യമാണ്
spotless,0.9,0.0,കളങ്കമില്ലാത്ത
bless,0.9,0.0,അനുഗ്രഹിക്കണമേ
exemplar,0.9,0.0,മാതൃകാപരമായ
poignant,0.9,0.0,വിശദമായ
ambitious,0.9,0.0,അഭിലാഷം
worked,0.9,0.0,ജോലി ചെയ്തു
proud,0.9,0.0,അഹങ്കാരം
enrich,0.9,0.0,സമ്പുഷ്ടമാക്കുക
kindness,0.9,0.0,ദയ
warmth,0.9,0.0,th ഷ്മളത
excitement,0.9,0.0,ആവേശം
sweetly,0.9,0.0,മധുരമായി
blithe,0.9,0.0,ബ്ലിറ്റ്
contribution,0.9,0.0,സംഭാവന
rejuvenating,0.9,0.0,പുനരുജ്ജീവിപ്പിക്കുന്നു
intimacy,0.9,0.0,അടുപ്പം
effectively,0.9,0.0,ഫലപ്രദമായി
wholesome,0.9,0.0,ആരോഗ്യകരമായ
approve,0.9,0.0,അംഗീകരിക്കുക
truthfulness,0.9,0.0,സത്യസന്ധത
handily,0.9,0.0,എളുപ്പത്തിൽ
staunchly,0.9,0.0,ശക്തമായി
prominence,0.9,0.0,പ്രാധാന്യം
merciful,0.9,0.0,കരുണയുള്ളവൻ
stirringly,0.9,0.0,മണ്ണിളക്കി
outdone,0.9,0.0,കാലഹരണപ്പെട്ടു
overtake,0.9,0.0,മറികടക്കുക
unbeatable,0.9,0.0,തോൽവിയറിയാത്ത
sufficient,0.9,0.0,മതി
ardently,0.9,0.0,തീവ്രമായി
classic,0.9,0.0,ക്ലാസിക്
civility,0.9,0.0,നാഗരികത
ingenuity,0.9,0.0,ചാതുര്യം
masterpiece,0.9,0.0,ഉൽകൃഷ്ടസൃഷ്ടി
fidelity,0.9,0.0,വിശ്വസ്തത
reliable,0.9,0.0,വിശ്വസനീയമായത്
charisma,0.9,0.0,കരിഷ്മ
readable,0.9,0.0,വായിക്കാൻ കഴിയുന്ന
compatible,0.9,0.0,അനുയോജ്യമാണ്
fulfillment,0.9,0.0,പൂർത്തീകരണം
skillfully,0.9,0.0,നൈപുണ്യത്തോടെ
tingle,0.9,0.0,ഇഴയുക
excel,0.9,0.0,മികവ്
enviously,0.9,0.0,അസൂയയോടെ
swanky,0.9,0.0,സ്വാൻകി
celebration,0.9,0.0,ആഘോഷം
progress,0.9,0.0,പുരോഗതി
empowerment,0.9,0.0,ശാക്തീകരണം
tranquility,0.9,0.0,ശാന്തത
led,0.9,0.0,എൽഇഡി
achievible,0.9,0.0,നേടാവുന്ന
bright,0.9,0.0,ശോഭയുള്ള
appreciatively,0.9,0.0,അഭിനന്ദനാർഹമാണ്
inspirational,0.9,0.0,പ്രചോദനാത്മകമാണ്
accessible,0.9,0.0,ആക്‌സസ് ചെയ്യാനാകും
lionhearted,0.9,0.0,സിംഹഹൃദയം
refreshing,0.9,0.0,ഉന്മേഷം
splendidly,0.9,0.0,ഗംഭീരമായി
marvelous,0.9,0.0,ആശ്ചര്യം
illustrious,0.9,0.0,വിശിഷ്ടം
revives,0.9,0.0,പുനരുജ്ജീവിപ്പിക്കുന്നു
originality,0.9,0.0,ഒറിജിനാലിറ്റി
gratification,0.9,0.0,സംതൃപ്തി
motivated,0.9,0.0,പ്രചോദനം
playfully,0.9,0.0,കളിയായി
awe,0.9,0.0,വിസ്മയം
overtakes,0.9,0.0,മറികടക്കുന്നു
eloquent,0.9,0.0,വാചാലൻ
proficient,0.9,0.0,പ്രാവീണ്യം
cheapest,0.9,0.0,വിലകുറഞ്ഞത്
intelligible,0.9,0.0,മനസ്സിലാക്കാവുന്നതേയുള്ളൂ
luxuriant,0.9,0.0,ആഡംബര
adaptable,0.9,0.0,പൊരുത്തപ്പെടാവുന്ന
enraptured,0.9,0.0,പൊതിഞ്ഞു
luckiest,0.9,0.0,ഭാഗ്യവാൻ
healthy,0.9,0.0,ആരോഗ്യമുള്ള
luster,0.9,0.0,തിളക്കം
brotherly,0.9,0.0,സഹോദരൻ
compliment,0.9,0.0,അഭിനന്ദനം
leading,0.9,0.0,നയിക്കുന്നു
fortunately,0.9,0.0,ഭാഗ്യവശാൽ
resplendent,0.9,0.0,ഉജ്ജ്വലമായ
obtainable,0.9,0.0,ലഭിക്കും
inventive,0.9,0.0,കണ്ടുപിടുത്തം
ardor,0.9,0.0,കത്തുന്ന
propitiously,0.9,0.0,ഉചിതമായി
cost-effective,0.9,0.0,ചെലവ് കുറഞ്ഞ
charismatic,0.9,0.0,കരിസ്മാറ്റിക്
merit,0.9,0.0,മെറിറ്റ്
gusto,0.9,0.0,ആവേശം
stimulates,0.9,0.0,ഉത്തേജിപ്പിക്കുന്നു
coherent,0.9,0.0,ആകർഷണീയമായ
providence,0.9,0.0,ദൈവാധീനം
exaltedly,0.9,0.0,ഉന്നതമായി
neatly,0.9,0.0,ഭംഗിയായി
affordable,0.9,0.0,താങ്ങാനാവുന്ന
effectiveness,0.9,0.0,ഫലപ്രാപ്തി
monumental,0.9,0.0,സ്മാരകം
pleased,0.9,0.0,സന്തോഷിച്ചു
righteousness,0.9,0.0,നീതി
miracle,0.9,0.0,അത്ഭുതം
respectable,0.9,0.0,മാന്യമായ
upbeat,0.9,0.0,ഉത്സാഹം
winner,0.9,0.0,വിജയി
laudably,0.9,0.0,പ്രശംസനീയമായി
luckiness,0.9,0.0,ഭാഗ്യം
assurance,0.9,0.0,ഇൻഷുറൻസ്
prestige,0.9,0.0,അന്തസ്സ്
qualified,0.9,0.0,യോഗ്യത
fruitful,0.9,0.0,ഫലപ്രദമാണ്
ilu,0.9,0.0,സൗന്ദര്യം
vivid,0.9,0.0,ഉജ്ജ്വലമായ
spirited,0.9,0.0,ഉത്സാഹമുള്ള
godsend,0.9,0.0,ഗോഡ്സെന്റ്
mesmerizes,0.9,0.0,ഓർമ്മിപ്പിക്കുന്നു
satisfying,0.9,0.0,തൃപ്തികരമായ
masterful,0.9,0.0,പ്രഗത്ഭൻ
sublime,0.9,0.0,ഗംഭീരമായ
mercy,0.9,0.0,കാരുണ്യം
brilliantly,0.9,0.0,മിഴിവോടെ
loving,0.9,0.0,സ്നേഹമുള്ള
entertaining,0.9,0.0,വിനോദം
earnest,0.9,0.0,ആത്മാർത്ഥതയോടെ
ergonomical,0.9,0.0,ergonomical
refinement,0.9,0.0,പരിഷ്ക്കരണം
complementary,0.9,0.0,പൂരകമാണ്
patient,0.9,0.0,രോഗി
inviolate,0.9,0.0,ലംഘിക്കുക
eagerness,0.9,0.0,ഉത്സാഹം
civilize,0.9,0.0,നാഗരികത
well-mannered,0.9,0.0,നല്ല പെരുമാറ്റരീതിയുള്ള
dignity,0.9,0.0,അന്തസ്സ്
steadiest,0.9,0.0,സ്ഥിരത
favorite,0.9,0.0,പ്രിയപ്പെട്ടവ
astutely,0.9,0.0,ആശ്ചര്യത്തോടെ
splendid,0.9,0.0,ഗംഭീരമായ
subsidizing,0.9,0.0,സബ്‌സിഡി നൽകുന്നു
plush,0.9,0.0,പ്ലഷ്
marvelously,0.9,0.0,അത്ഭുതകരമായി
adorer,0.9,0.0,സ്നേഹം
happier,0.9,0.0,സന്തോഷം
perseverance,0.9,0.0,സ്ഥിരോത്സാഹം
sensational,0.9,0.0,സംവേദനക്ഷമത
nimble,0.9,0.0,വേഗതയേറിയ
multi-purpose,0.9,0.0,മൾട്ടി പർപ്പസ്
affably,0.9,0.0,മാന്യമായി
astonish,0.9,0.0,ആശ്ചര്യപ്പെടുത്തുക
lover,0.9,0.0,കാമുകൻ
nourishing,0.9,0.0,പോഷിപ്പിക്കുന്ന
upheld,0.9,0.0,ഉയർത്തിപ്പിടിച്ചു
exalt,0.9,0.0,ഉയർത്തുക
happy,0.9,0.0,സന്തോഷം
prodigiously,0.9,0.0,അതിശയകരമായി
humble,0.9,0.0,വിനീതൻ
proven,0.9,0.0,തെളിയിക്കപ്പെട്ടു
resounding,0.9,0.0,അതിശയിപ്പിക്കുന്ന
cashbacks,0.9,0.0,ക്യാഷ്ബാക്കുകൾ
visionary,0.9,0.0,ദർശനം
thoughtful,0.9,0.0,ചിന്താശൂന്യമായ
smarter,0.9,0.0,മികച്ചത്
conciliate,0.9,0.0,അനുരഞ്ജനം
credible,0.9,0.0,വിശ്വസനീയമായത്
dependable,0.9,0.0,ആശ്രയിക്കാവുന്ന
saint,0.9,0.0,വിശുദ്ധൻ
fairness,0.9,0.0,ന്യായബോധം
victorious,0.9,0.0,വിജയിച്ചു
excels,0.9,0.0,മികവ് പുലർത്തുന്നു
celebrated,0.9,0.0,ആഘോഷിച്ചു
keenly,0.9,0.0,ശ്രദ്ധയോടെ
humorously,0.9,0.0,നർമ്മത്തോടെ
effectual,0.9,0.0,ഫലപ്രദമാണ്
enchanting,0.9,0.0,മോഹിപ്പിക്കുന്ന
favour,0.9,0.0,പ്രീതി
titillate,0.9,0.0,ടൈറ്റിലേറ്റ്
flexibility,0.9,0.0,വഴക്കം
mesmerize,0.9,0.0,ഓർമ്മിപ്പിക്കുക
favorable,0.9,0.0,അനുകൂലമാണ്
unwavering,0.9,0.0,അചഞ്ചലമായ
neat,0.9,0.0,വൃത്തിയായ
generous,0.9,0.0,ഉദാരമായ
satisfies,0.9,0.0,തൃപ്തിപ്പെടുത്തുന്നു
consummate,0.9,0.0,സമ്പൂർണ്ണ
marvellous,0.9,0.0,ആശ്ചര്യം
tempting,0.9,0.0,പ്രലോഭനം
mastery,0.9,0.0,പാണ്ഡിത്യം
peacefully,0.9,0.0,സമാധാനപരമായി
improvements,0.9,0.0,മെച്ചപ്പെടുത്തലുകൾ
amicability,0.9,0.0,സൗഹാർദ്ദം
indebted,0.9,0.0,കടപ്പെട്ടിരിക്കുന്നു
high-quality,0.9,0.0,ഉയർന്ന നിലവാരമുള്ളത്
unfettered,0.9,0.0,തടസ്സമില്ലാത്ത
easing,0.9,0.0,ലഘൂകരിക്കുന്നു
exonerate,0.9,0.0,മോചിപ്പിക്കുക
enhance,0.9,0.0,മെച്ചപ്പെടുത്തുക
evaluative,0.9,0.0,വിലയിരുത്തൽ
fabulous,0.9,0.0,ഗംഭീര
mind-blowing,0.9,0.0,മനസ്സിനെ ഭീതിപ്പെടുത്തുന്നതാണ്
well-educated,0.9,0.0,നല്ല വിദ്യാഭ്യാസം നേടിയ
heroine,0.9,0.0,നായിക
daringly,0.9,0.0,ധൈര്യത്തോടെ
lavish,0.9,0.0,ആ v ംബര
luxuriously,0.9,0.0,ആഡംബരത്തോടെ
marvelousness,0.9,0.0,അത്ഭുതം
classy,0.9,0.0,ക്ലാസ്സി
tickle,0.9,0.0,ഇക്കിളി
woo,0.9,0.0,woo
low-cost,0.9,0.0,ചെലവുകുറഞ്ഞത്
restored,0.9,0.0,പുന ored സ്ഥാപിച്ചു
romanticize,0.9,0.0,റൊമാന്റിക് ചെയ്യുക
rejoice,0.9,0.0,സന്തോഷിപ്പിൻ
wholeheartedly,0.9,0.0,പൂർണ്ണഹൃദയത്തോടെ
smitten,0.9,0.0,അടിച്ചു
illuminating,0.9,0.0,പ്രകാശിപ്പിക്കുന്ന
diligent,0.9,0.0,ഉത്സാഹമുള്ള
amazed,0.9,0.0,ആശ്ചര്യപ്പെട്ടു
levity,0.9,0.0,ലെവിറ്റി
reverently,0.9,0.0,ഭക്തിപൂർവ്വം
courageous,0.9,0.0,ധൈര്യമുള്ള
tantalizingly,0.9,0.0,തന്ത്രപരമായി
aver,0.9,0.0,ഉള്ളത്
congenial,0.9,0.0,അനുരൂപമായ
pleases,0.9,0.0,സന്തോഷിക്കുന്നു
toughest,0.9,0.0,ഏറ്റവും കഠിനമായത്
tender,0.9,0.0,ടെൻഡർ
permissible,0.9,0.0,അനുവദനീയമാണ്
alluringly,0.9,0.0,ആകർഷകമായി
astonishment,0.9,0.0,വിസ്മയം
quiet,0.9,0.0,ശാന്തം
commitment,0.9,0.0,പ്രതിബദ്ധത
indulgence,0.9,0.0,ആഹ്ലാദം
endorse,0.9,0.0,അംഗീകരിക്കുക
glowingly,0.9,0.0,തിളങ്ങുന്നു
congratulate,0.9,0.0,അഭിനന്ദിക്കുക
peace,0.9,0.0,സമാധാനം
keen,0.9,0.0,ശ്രദ്ധാലു
breathlessness,0.9,0.0,ആശ്വാസം
sufficed,0.9,0.0,മതി
humourous,0.9,0.0,നർമ്മം
unreal,0.9,0.0,വാസ്തവമല്ല
delicate,0.9,0.0,അതിലോലമായ
flourish,0.9,0.0,തഴച്ചുവളരുക
purify,0.9,0.0,ശുദ്ധീകരിക്കുക
user-friendly,0.9,0.0,ഉപയോക്ത ഹിതകരം
intricate,0.9,0.0,സങ്കീർണ്ണമായ
enjoyably,0.9,0.0,ആസ്വാദ്യകരമായി
well-managed,0.9,0.0,നന്നായി കൈകാര്യം ചെയ്യുന്നു
perfectly,0.9,0.0,തികച്ചും
worthy,0.9,0.0,യോഗ്യൻ
rightful,0.9,0.0,ശരിയായ
fastest,0.9,0.0,വേഗതയേറിയത്
extoll,0.9,0.0,പ്രശംസിക്കുക
defeated,0.9,0.0,പരാജയപ്പെടുത്തി
radiance,0.9,0.0,പ്രകാശം
flashy,0.9,0.0,മിന്നുന്ന
generosity,0.9,0.0,er ദാര്യം
merry,0.9,0.0,ഉല്ലാസം
groundbreaking,0.9,0.0,തകർപ്പൻ
decisive,0.9,0.0,നിർണ്ണായകമാണ്
protection,0.9,0.0,പരിരക്ഷണം
interesting,0.9,0.0,രസകരമാണ്
satisfactory,0.9,0.0,തൃപ്തികരമാണ്
ecenomical,0.9,0.0,ecenomical
prowess,0.9,0.0,വീര്യം
adorable,0.9,0.0,ആ orable ംബര
mesmerizing,0.9,0.0,മനംമയക്കുന്ന
uncomplicated,0.9,0.0,സങ്കീർണ്ണമല്ലാത്തത്
entice,0.9,0.0,വശീകരിക്കും
fun,0.9,0.0,രസകരമാണ്
best,0.9,0.0,മികച്ചത്
godlike,0.9,0.0,ദൈവികസമാനമായ
attune,0.9,0.0,അറ്റൂൺ
toll-free,0.9,0.0,ടോൾ ഫ്രീ
regard,0.9,0.0,പരിഗണിക്കുക
ameliorate,0.9,0.0,മെച്ചപ്പെടുത്തുക
useable,0.9,0.0,ഉപയോഗയോഗ്യമാണ്
top-notch,0.9,0.0,മുന്തിയത്
astoundingly,0.9,0.0,ആശ്ചര്യകരമായി
celebrate,0.9,0.0,ആഘോഷിക്കാൻ
affable,0.9,0.0,മാന്യമായ
flourishing,0.9,0.0,തഴച്ചുവളരുന്നു
easiness,0.9,0.0,അനായാസം
well-behaved,0.9,0.0,നന്നായി പെരുമാറി
enjoyment,0.9,0.0,ആസ്വാദനം
exultingly,0.9,0.0,സന്തോഷത്തോടെ
popular,0.9,0.0,ജനപ്രിയമാണ്
cornerstone,0.9,0.0,മൂലക്കല്ല്
remedy,0.9,0.0,പ്രതിവിധി
greatness,0.9,0.0,മഹത്വം
effusiveness,0.9,0.0,ഫലപ്രാപ്തി
cool,0.9,0.0,അടിപൊളി
raptureously,0.9,0.0,പരസംഗമായി
bolster,0.9,0.0,ബോൾസ്റ്റർ
erudite,0.9,0.0,പണ്ഡിതൻ
smoothest,0.9,0.0,ഏറ്റവും സുഗമമായത്
examplar,0.9,0.0,ഉദാഹരണം
exciting,0.9,0.0,ആവേശകരമായ
apotheosis,0.9,0.0,അപ്പോഥിയോസിസ്
convenience,0.9,0.0,സൗകര്യം
impeccably,0.9,0.0,കുറ്റമറ്റ രീതിയിൽ
kindliness,0.9,0.0,ദയ
recover,0.9,0.0,വീണ്ടെടുക്കുക
standout,0.9,0.0,വേറിട്ടു നിന്നു
halcyon,0.9,0.0,ഹാൽസിയോൺ
satisfactorily,0.9,0.0,തൃപ്തികരമായി
worth-while,0.9,0.0,വിലമതിക്കുന്ന സമയത്ത്
well-being,0.9,0.0,ക്ഷേമം
thrill,0.9,0.0,ത്രില്ല്
rightly,0.9,0.0,ശരിയായി
entrancing,0.9,0.0,പ്രവേശനം
victory,0.9,0.0,വിജയം
survivor,0.9,0.0,അതിജീവിച്ചയാൾ
dreamland,0.9,0.0,ഡ്രീംലാന്റ്
renaissance,0.9,0.0,നവോത്ഥാനത്തിന്റെ
radiant,0.9,0.0,പ്രകാശം
delicacy,0.9,0.0,സ്വാദിഷ്ടത
innocuous,0.9,0.0,നിരുപദ്രവകരമായ
enthral,0.9,0.0,ആകർഷിക്കുക
comfort,0.9,0.0,ആശ്വാസം
sexy,0.9,0.0,സെക്സി
champion,0.9,0.0,ചാമ്പ്യൻ
amazes,0.9,0.0,ആശ്ചര്യപ്പെടുത്തുന്നു
enough,0.9,0.0,മതി
effusively,0.9,0.0,ഫലപ്രദമായി
unquestionably,0.9,0.0,സംശയമില്ല
regally,0.9,0.0,നിയമാനുസൃതമായി
tough,0.9,0.0,കഠിനമാണ്
terrific,0.9,0.0,ഭയങ്കര
envious,0.9,0.0,അസൂയ
soothe,0.9,0.0,ശമിപ്പിക്കുക
astound,0.9,0.0,ആശ്ചര്യപ്പെടുത്തുന്നു
pleasingly,0.9,0.0,സന്തോഷത്തോടെ
agreeableness,0.9,0.0,സ്വീകാര്യത
marveled,0.9,0.0,ആശ്ചര്യപ്പെട്ടു
assuredly,0.9,0.0,തീർച്ചയായും
chivalry,0.9,0.0,ധീരത
pleasurably,0.9,0.0,സന്തോഷത്തോടെ
hug,0.9,0.0,ആലിംഗനം
sincere,0.9,0.0,ആത്മാർത്ഥത
affectation,0.9,0.0,അസൈൻമെന്റ്
exquisitely,0.9,0.0,വിശിഷ്ടമായി
amaze,0.9,0.0,വിസ്മയിപ്പിക്കുക
fortuitous,0.9,0.0,ഭാഗ്യവാൻ
god-given,0.9,0.0,ദൈവം നൽകിയ
shiny,0.9,0.0,തിളങ്ങുന്ന
tolerable,0.9,0.0,സഹിക്കാവുന്ന
stunning,0.9,0.0,അതിശയകരമായത്
preeminent,0.9,0.0,പ്രധാനം
protect,0.9,0.0,പരിരക്ഷിക്കുക
masterpieces,0.9,0.0,മാസ്റ്റർപീസുകൾ
merriness,0.9,0.0,സന്തോഷം
sumptuousness,0.9,0.0,സമ്പൂർണ്ണത
exellent,0.9,0.0,വിശിഷ്ടം
defender,0.9,0.0,ഡിഫെൻഡർ
responsibly,0.9,0.0,ഉത്തരവാദിത്തത്തോടെ
warmer,0.9,0.0,ചൂട്
self-sufficiency,0.9,0.0,സ്വയംപര്യാപ്തത
snazzy,0.9,0.0,സ്നാസി
brighten,0.9,0.0,തെളിച്ചമുള്ളതാക്കുക
cleanliness,0.9,0.0,ശുചിത്വം
saintliness,0.9,0.0,വിശുദ്ധത
heartwarming,0.9,0.0,ഹൃദയസ്‌പർശിയായ
polished,0.9,0.0,മിനുക്കി
superiority,0.9,0.0,ശ്രേഷ്ഠത
goodly,0.9,0.0,നന്നായി
inexpensive,0.9,0.0,വിലകുറഞ്ഞ
pluses,0.9,0.0,പ്ലസുകൾ
valuable,0.9,0.0,വിലപ്പെട്ടതാണ്
straightforward,0.9,0.0,നേരേചൊവ്വേ
rewardingly,0.9,0.0,പ്രതിഫലദായകമായി
chaste,0.9,0.0,പവിത്രൻ
counter-attacks,0.9,0.0,പ്രത്യാക്രമണങ്ങൾ
posh,0.9,0.0,ആഡംബര
meticulous,0.9,0.0,സൂക്ഷ്മമായ
empower,0.9,0.0,ശക്തിപ്പെടുത്തുന്ന
gained,0.9,0.0,നേടി
modern,0.9,0.0,ആധുനികം
handy,0.9,0.0,ഹാൻഡി
heartfelt,0.9,0.0,ഹൃദയംഗമമായ
encouraging,0.9,0.0,പ്രോത്സാഹിപ്പിക്കുന്നു
ecstatic,0.9,0.0,എക്സ്റ്റാറ്റിക്
creative,0.9,0.0,സൃഷ്ടിപരമായ
respectfully,0.9,0.0,മാന്യമായി
avid,0.9,0.0,ഉത്സാഹമുള്ള
legendary,0.9,0.0,ഇതിഹാസം
veritable,0.9,0.0,ശരി
exceeded,0.9,0.0,കവിഞ്ഞു
supple,0.9,0.0,അനുബന്ധം
tremendously,0.9,0.0,വളരെയധികം
cherub,0.9,0.0,കെരൂബ്
winners,0.9,0.0,വിജയികൾ
rockstars,0.9,0.0,റോക്ക്സ്റ്റാറുകൾ
serenity,0.9,0.0,ശാന്തത
profound,0.9,0.0,അഗാധമായ
light-hearted,0.9,0.0,ലഘുവായ
enthusiastic,0.9,0.0,ഉത്സാഹമുള്ള
joyous,0.9,0.0,സന്തോഷം
recommendations,0.9,0.0,ശുപാർശകൾ
consistent,0.9,0.0,സ്ഥിരത
exaltation,0.9,0.0,ഉയർത്തൽ
sweetness,0.9,0.0,മാധുര്യം
winning,0.9,0.0,വിജയിച്ചു
peps,0.9,0.0,കുരുമുളക്
razor-sharp,0.9,0.0,റേസർ-ഷാർപ്പ്
boom,0.9,0.0,കുതിച്ചുചാട്ടം
enticed,0.9,0.0,വശീകരിച്ചു
revolutionary,0.9,0.0,വിപ്ലവകാരി
wonderful,0.9,0.0,അത്ഭുതകരമായ
cure,0.9,0.0,രോഗശമനം
devout,0.9,0.0,ഭക്തൻ
diligence,0.9,0.0,ഉത്സാഹം
worthiness,0.9,0.0,യോഗ്യത
twinkly,0.9,0.0,മിന്നിത്തിളങ്ങുന്നു
cheaper,0.9,0.0,വിലകുറഞ്ഞത്
exceled,0.9,0.0,മികവ് പുലർത്തി
abound,0.9,0.0,സമൃദ്ധമായി
opulent,0.9,0.0,സമൃദ്ധമായ
wealthy,0.9,0.0,സമ്പന്നർ
blossom,0.9,0.0,പുഷ്പം
optimism,0.9,0.0,ശുഭാപ്തിവിശ്വാസം
gladness,0.9,0.0,സന്തോഷം
roomier,0.9,0.0,റൂമിയർ
saintly,0.9,0.0,വിശുദ്ധൻ
favored,0.9,0.0,പ്രിയങ്കരമായി
lovable,0.9,0.0,സ്നേഹസമ്പന്നൻ
unforgettable,0.9,0.0,മറക്കാനാവാത്ത
outshine,0.9,0.0,പുറംതള്ളുക
restructuring,0.9,0.0,പുന ruct സംഘടന
prominent,0.9,0.0,പ്രമുഖർ
altruistically,0.9,0.0,പരോപകാരപരമായി
simpler,0.9,0.0,ലളിതമാണ്
cute,0.9,0.0,ക്യൂട്ട്
well-run,0.9,0.0,നന്നായി ഓടുന്നു
bountiful,0.9,0.0,സമൃദ്ധമായ
speedily,0.9,0.0,വേഗത്തിൽ
commendable,0.9,0.0,പ്രശംസനീയമാണ്
restful,0.9,0.0,വിശ്രമം
captivating,0.9,0.0,ആകർഷകമാണ്
lovably,0.9,0.0,സ്നേഹപൂർവ്വം
energetic,0.9,0.0,get ർജ്ജസ്വലമായ
freedoms,0.9,0.0,സ്വാതന്ത്ര്യങ്ങൾ
sleek,0.9,0.0,നേർത്ത
lawful,0.9,0.0,നിയമാനുസൃതം
crisp,0.9,0.0,ശാന്തയുടെ
foolproof,0.9,0.0,വിഡ് p ി
truthfully,0.9,0.0,സത്യസന്ധമായി
sparkling,0.9,0.0,തിളങ്ങുന്ന
beckoned,0.9,0.0,ആക്രോശിച്ചു
resilient,0.9,0.0,പ്രതിരോധശേഷിയുള്ള
faithful,0.9,0.0,വിശ്വസ്ത
rejoicing,0.9,0.0,സന്തോഷിക്കുന്നു
helping,0.9,0.0,സഹായിക്കുക
dazzling,0.9,0.0,മിന്നുന്ന
capability,0.9,0.0,കഴിവ്
affluent,0.9,0.0,സമ്പന്നർ
exceed,0.9,0.0,കവിയുക
hero,0.9,0.0,കഥാനായകന്
steadfast,0.9,0.0,സ്ഥിരത
a+,0.9,0.0,a +
irreproachable,0.9,0.0,മാറ്റാൻ കഴിയാത്ത
sociable,0.9,0.0,സ iable ഹാർദ്ദപരമായ
plusses,0.9,0.0,പ്ലസ്സുകൾ
praiseworthy,0.9,0.0,പ്രശംസനീയമാണ്
self-satisfaction,0.9,0.0,ആത്മ സംതൃപ്തി
likable,0.9,0.0,ഇഷ്ടപ്പെടാവുന്ന
rightfully,0.9,0.0,ശരിയായി
wins,0.9,0.0,വിജയിക്കുന്നു
refined,0.9,0.0,പരിഷ്‌ക്കരിച്ചു
charitable,0.9,0.0,ചാരിറ്റബിൾ
poise,0.9,0.0,സമനില
gooood,0.9,0.0,gooood
agreeable,0.9,0.0,സ്വീകാര്യമാണ്
dexterous,0.9,0.0,ഡെക്സറസ്
well-established,0.9,0.0,നന്നായി സ്ഥാപിതമാണ്
amiable,0.9,0.0,സൗഹാർദ്ദപരമായ
brisk,0.9,0.0,വേഗതയുള്ള
sincerity,0.9,0.0,ആത്മാർത്ഥത
beauty,0.9,0.0,സൗന്ദര്യം
advocates,0.9,0.0,അഭിഭാഷകർ
concise,0.9,0.0,സംക്ഷിപ്തമായ
prudently,0.9,0.0,വിവേകത്തോടെ
revelation,0.9,0.0,വെളിപ്പെടുന്ന
ultra-crisp,0.9,0.0,അൾട്രാ ക്രിസ്പ്
revitalize,0.9,0.0,പുനരുജ്ജീവിപ്പിക്കുക
talent,0.9,0.0,കഴിവ്
wondrous,0.9,0.0,അത്ഭുതകരമായ
helpful,0.9,0.0,സഹായകരമാണ്
fervor,0.9,0.0,ഉത്സാഹം
swankier,0.9,0.0,സ്വാൻ‌കിയർ
graceful,0.9,0.0,ഭംഗിയുള്ള
trustingly,0.9,0.0,വിശ്വസനീയമായി
extraordinarily,0.9,0.0,അസാധാരണമായി
deginified,0.9,0.0,deginified
attractive,0.9,0.0,ആകർഷകമായ
powerful,0.9,0.0,ശക്തമായ
stimulating,0.9,0.0,ഉത്തേജിപ്പിക്കുന്നു
empathy,0.9,0.0,സമാനുഭാവം
suitable,0.9,0.0,അനുയോജ്യം
eye-catch,0.9,0.0,കണ്ണ് പിടിക്കുക
tempt,0.9,0.0,പരീക്ഷിക്കുക
auspicious,0.9,0.0,ശുഭ
enthralled,0.9,0.0,ആവേശഭരിതനായി
triumphantly,0.9,0.0,വിജയകരമായി
beneficent,0.9,0.0,ഗുണഭോക്താവ്
good,0.9,0.0,നല്ലത്
exceptionally,0.9,0.0,അസാധാരണമായി
dexterously,0.9,0.0,വിദഗ്ധമായി
survival,0.9,0.0,അതിജീവനം
maturely,0.9,0.0,പക്വതയോടെ
impartiality,0.9,0.0,നിഷ്പക്ഷത
relief,0.9,0.0,ആശ്വാസം
earnestness,0.9,0.0,ആത്മാർത്ഥത
trusted,0.9,0.0,വിശ്വസനീയമാണ്
peacekeepers,0.9,0.0,സമാധാന സേനാംഗങ്ങൾ
endorsed,0.9,0.0,അംഗീകരിച്ചു
diligently,0.9,0.0,ഉത്സാഹത്തോടെ
accomplished,0.9,0.0,നിർവ്വഹിച്ചു
entertain,0.9,0.0,വിനോദിക്കുക
tougher,0.9,0.0,കഠിനമാണ്
reforms,0.9,0.0,പരിഷ്കാരങ്ങൾ
wellbeing,0.9,0.0,ക്ഷേമം
guiltless,0.9,0.0,കുറ്റബോധമില്ലാത്ത
stimulative,0.9,0.0,ഉത്തേജക
flawless,0.9,0.0,കുറ്റമറ്റത്
spacious,0.9,0.0,വിശാലമായ
gracefully,0.9,0.0,മനോഹരമായി
surmount,0.9,0.0,മറികടക്കുക
poetic,0.9,0.0,കാവ്യാത്മകമാണ്
reaffirm,0.9,0.0,വീണ്ടും സ്ഥിരീകരിക്കുക
productive,0.9,0.0,ഉത്പാദകമായ
advantageously,0.9,0.0,പ്രയോജനകരമായി
better,0.9,0.0,മികച്ചത്
temptingly,0.9,0.0,പ്രലോഭനപരമായി
passionately,0.9,0.0,ആവേശത്തോടെ
rational,0.9,0.0,യുക്തിസഹമാണ്
breathtakingly,0.9,0.0,ആശ്വാസകരമാണ്
unquestionable,0.9,0.0,ചോദ്യം ചെയ്യാനാവാത്ത
fashionable,0.9,0.0,ഫാഷനബിൾ
uplift,0.9,0.0,ഉയർത്തുക
sharpest,0.9,0.0,മൂർച്ചയുള്ളത്
charming,0.9,0.0,ആകർഷകമായ
agile,0.9,0.0,ചടുലമായ
elated,0.9,0.0,ഉല്ലസിച്ചു
enrichment,0.9,0.0,സമ്പുഷ്ടീകരണം
considerate,0.9,0.0,പരിഗണിച്ചു
cleverly,0.9,0.0,ബുദ്ധിപൂർവ്വം
prefer,0.9,0.0,തിരഞ്ഞെടുക്കുക
privilege,0.9,0.0,പദവി
astounded,0.9,0.0,ആശ്ചര്യപ്പെട്ടു
trophy,0.9,0.0,ട്രോഫി
exceeds,0.9,0.0,കവിയുന്നു
cheery,0.9,0.0,സന്തോഷം
acclaimed,0.9,0.0,പ്രശംസ പിടിച്ചുപറ്റി
geekier,0.9,0.0,ഗീക്കിയർ
charm,0.9,0.0,ചാം
smiling,0.9,0.0,പുഞ്ചിരിക്കുന്നു
glitter,0.9,0.0,തിളങ്ങുന്ന
admiring,0.9,0.0,അഭിനന്ദിക്കുന്നു
invaluable,0.9,0.0,വിലമതിക്കാനാവാത്ത
magic,0.9,0.0,ജാലവിദ്യ
fastest-growing,0.9,0.0,അതിവേഗം വളരുന്ന
easier,0.9,0.0,വളരെ എളുപ്പം
revive,0.9,0.0,പുനരുജ്ജീവിപ്പിക്കുക
commend,0.9,0.0,അഭിനന്ദിക്കുക
prodigy,0.9,0.0,പ്രോഡിജി
fearless,0.9,0.0,നിർഭയ
convient,0.9,0.0,അനുയോജ്യം
savings,0.9,0.0,സേവിംഗ്സ്
appreciates,0.9,0.0,അഭിനന്ദിക്കുന്നു
hardier,0.9,0.0,കഠിനമാണ്
zippy,0.9,0.0,സിപ്പി
ebullient,0.9,0.0,ebullient
examplary,0.9,0.0,പരീക്ഷണാത്മക
prolific,0.9,0.0,സമൃദ്ധമാണ്
gallantly,0.9,0.0,ധീരമായി
manageable,0.9,0.0,കൈകാര്യം ചെയ്യാൻ‌ കഴിയും
protective,0.9,0.0,സംരക്ഷണം
politeness,0.9,0.0,മര്യാദ
optimistic,0.9,0.0,ശുഭാപ്തിവിശ്വാസം
sane,0.9,0.0,വിവേകം
fortunate,0.9,0.0,ഭാഗ്യം
doubtless,0.9,0.0,സംശയമില്ല
conscientious,0.9,0.0,മന ci സാക്ഷി
invincible,0.9,0.0,അജയ്യനായ
restructured,0.9,0.0,പുന ruct സംഘടിപ്പിച്ചു
fiery,0.9,0.0,അഗ്നിജ്വാല
irresistibly,0.9,0.0,അപ്രതിരോധ്യമായി
welcome,0.9,0.0,സ്വാഗതം
smilingly,0.9,0.0,പുഞ്ചിരിയോടെ
rapture,0.9,0.0,പരസംഗം
tantalizing,0.9,0.0,തന്ത്രപ്രധാനം
inspiring,0.9,0.0,പ്രചോദനം
luminous,0.9,0.0,തിളങ്ങുന്ന
luck,0.9,0.0,ഭാഗ്യം
efficiently,0.9,0.0,കാര്യക്ഷമമായി
recomend,0.9,0.0,വീണ്ടും ശുപാർശ ചെയ്യുക
beneficial,0.9,0.0,പ്രയോജനകരമായ
spontaneous,0.9,0.0,സ്വയമേവ
feasible,0.9,0.0,പ്രായോഗികം
cheer,0.9,0.0,ആഹ്ലാദിക്കുക
strong,0.9,0.0,ശക്തമായ
variety,0.9,0.0,വൈവിധ്യമാർന്നത്
prudence,0.9,0.0,ജാഗ്രത
romantic,0.9,0.0,റൊമാന്റിക്
marvel,0.9,0.0,അത്ഭുതം
upgradable,0.9,0.0,അപ്‌ഗ്രേഡുചെയ്യാനാകും
likes,0.9,0.0,ഇഷ്‌ടപ്പെടുന്നു
cooperative,0.9,0.0,സഹകരണ
idolized,0.9,0.0,വിഗ്രഹാരാധന
positively,0.9,0.0,ക്രിയാത്മകമായി
gain,0.9,0.0,നേട്ടം
eyecatch,0.9,0.0,ഐകാച്ച്
flatteringly,0.9,0.0,ആഹ്ലാദത്തോടെ
heroic,0.9,0.0,വീരശൂരൻ
zest,0.9,0.0,എഴുത്തുകാരൻ
attentive,0.9,0.0,ശ്രദ്ധിക്കുക
glorify,0.9,0.0,മഹത്വപ്പെടുത്തുക
prosperity,0.9,0.0,സമൃദ്ധി
smoothly,0.9,0.0,സുഗമമായി
authoritative,0.9,0.0,ആധികാരികം
meticulously,0.9,0.0,സൂക്ഷ്മതയോടെ
principled,0.9,0.0,തത്ത്വം
dignify,0.9,0.0,മാന്യമാക്കുക
eyecatching,0.9,0.0,ഐകാച്ചിംഗ്
excelent,0.9,0.0,മികച്ചത്
vibrantly,0.9,0.0,ibra ർജ്ജസ്വലമായി
advocated,0.9,0.0,വാദിച്ചു
desirous,0.9,0.0,ആഗ്രഹിക്കുന്ന
excite,0.9,0.0,ആവേശഭരിതമാക്കുക
proves,0.9,0.0,തെളിയിക്കുന്നു
trouble-free,0.9,0.0,പ്രശ്‌നരഹിതം
exuberant,0.9,0.0,ആഹ്ലാദകരമായ
promised,0.9,0.0,വാഗ്ദാനം ചെയ്തു
noteworthy,0.9,0.0,ശ്രദ്ധേയമാണ്
upliftment,0.9,0.0,ഉയർച്ച
wisdom,0.9,0.0,ജ്ഞാനം
judicious,0.9,0.0,ന്യായബോധമുള്ള
personages,0.9,0.0,പ്രതീകങ്ങൾ
blissful,0.9,0.0,ആനന്ദദായകമാണ്
rosy,0.9,0.0,റോസി
stately,0.9,0.0,ഗംഭീരമായി
fancier,0.9,0.0,ആരാധകൻ
finely,0.9,0.0,നന്നായി
intelligent,0.9,0.0,ബുദ്ധിമാൻ
lush,0.9,0.0,സമൃദ്ധമായ
thoughtfulness,0.9,0.0,ചിന്താശേഷി
feature-rich,0.9,0.0,സവിശേഷത നിറഞ്ഞത്
rock-stars,0.9,0.0,റോക്ക്-സ്റ്റാർസ്
morality,0.9,0.0,ധാർമ്മികത
qualify,0.9,0.0,യോഗ്യത
durable,0.9,0.0,മോടിയുള്ള
realizable,0.9,0.0,തിരിച്ചറിയാൻ കഴിയുന്ന
glistening,0.9,0.0,തിളങ്ങുന്നു
upscale,0.9,0.0,ഉയർന്ന നിലവാരം
well-regarded,0.9,0.0,നന്നായി പരിഗണിക്കപ്പെടുന്നു
fantastically,0.9,0.0,അതിശയകരമായി
thinner,0.9,0.0,നേർത്ത
lead,0.9,0.0,ലീഡ്
profuse,0.9,0.0,സമൃദ്ധമായി
jaw-droping,0.9,0.0,താടിയെല്ല്
reliably,0.9,0.0,വിശ്വസനീയമായി
clarity,0.9,0.0,വ്യക്തത
award,0.9,0.0,അവാർഡ്
relish,0.9,0.0,ആഹ്ലാദിക്കുക
wonderously,0.9,0.0,അത്ഭുതകരമായി
faithfulness,0.9,0.0,വിശ്വസ്തത
invigorating,0.9,0.0,ഉത്തേജനം
believeable,0.9,0.0,വിശ്വസനീയമാണ്
breakthrough,0.9,0.0,വഴിത്തിരിവ്
master,0.9,0.0,മാസ്റ്റർ
boost,0.9,0.0,ബൂസ്റ്റ്
flutter,0.9,0.0,പറക്കുക
illuminati,0.9,0.0,illuminati
dominated,0.9,0.0,ആധിപത്യം
inviolable,0.9,0.0,ലംഘിക്കാനാവാത്ത
delightfully,0.9,0.0,സന്തോഷത്തോടെ
ethical,0.9,0.0,നൈതിക
precious,0.9,0.0,വിലയേറിയ
dazzled,0.9,0.0,മിഴിവുറ്റത്
fast,0.9,0.0,വേഗത്തിൽ
tantalize,0.9,0.0,തന്ത്രപ്രധാനമാക്കുക
respect,0.9,0.0,ബഹുമാനം
reputation,0.9,0.0,മതിപ്പ്
precise,0.9,0.0,കൃത്യമായ
credence,0.9,0.0,വിശ്വാസ്യത
divinely,0.9,0.0,ദിവ്യമായി
benefits,0.9,0.0,ആനുകൂല്യങ്ങൾ
eye-catching,0.9,0.0,ശ്രദ്ധ ആകർഷിക്കുന്നു
adventuresome,0.9,0.0,സാഹസികത
impressive,0.9,0.0,ശ്രദ്ധേയമാണ്
facilitate,0.9,0.0,സുഗമമാക്കുക
well,0.9,0.0,നന്നായി
immense,0.9,0.0,അപാരമായത്
inestimably,0.9,0.0,നിശ്ചയമായും
well-connected,0.9,0.0,നന്നായി ബന്ധിപ്പിച്ചിരിക്കുന്നു
convenient,0.9,0.0,സൗകര്യപ്രദമാണ്
solidarity,0.9,0.0,ഐക്യദാർ ity ്യം
affirmation,0.9,0.0,സ്ഥിരീകരണം
hospitable,0.9,0.0,ആതിഥ്യമര്യാദ
commendably,0.9,0.0,അഭിനന്ദനാർഹമാണ്
exemplary,0.9,0.0,മാതൃകാപരമായ
thumb-up,0.9,0.0,തമ്പ്-അപ്പ്
thrifty,0.9,0.0,മിതവ്യയം
patience,0.9,0.0,ക്ഷമ
pep,0.9,0.0,pep
defeat,0.9,0.0,പരാജയം
trustworthy,0.9,0.0,വിശ്വാസയോഗ്യമായ
affability,0.9,0.0,ബാധ്യത
prosper,0.9,0.0,അഭിവൃദ്ധി പ്രാപിക്കുക
sharp,0.9,0.0,മൂർച്ചയുള്ളത്
traction,0.9,0.0,ട്രാക്ഷൻ
elevate,0.9,0.0,ഉയർത്തുക
festive,0.9,0.0,ഉത്സവം
superbly,0.9,0.0,അതിശയകരമായി
upgraded,0.9,0.0,നവീകരിച്ചു
glamorous,0.9,0.0,ഗ്ലാമറസ്
lively,0.9,0.0,ജീവസ്സുറ്റ
peerless,0.9,0.0,പിയർ‌ലെസ്സ്
bliss,0.9,0.0,പരമാനന്ദം
revere,0.9,0.0,ബഹുമാനിക്കുക
affectionate,0.9,0.0,വാത്സല്യമുള്ള
brilliant,0.9,0.0,ബുദ്ധിമാനായ
shine,0.9,0.0,തിളങ്ങുക
idolize,0.9,0.0,വിഗ്രഹാരാധന നടത്തുക
self-respect,0.9,0.0,സ്വയം ആദരവ്
suffice,0.9,0.0,മതി
exhilaration,0.9,0.0,ആഹ്ളാദം
fancy,0.9,0.0,ഫാൻസി
purposeful,0.9,0.0,ലക്ഷ്യബോധമുള്ള
wow,0.9,0.0,വൗ
diversified,0.9,0.0,വൈവിധ്യവൽക്കരിച്ചു
famous,0.9,0.0,പ്രസിദ്ധം
assurances,0.9,0.0,ഇൻഷുറൻസ്
slammin,0.9,0.0,സ്ലമ്മിൻ
love,0.9,0.0,സ്നേഹം
unlimited,0.9,0.0,പരിധിയില്ലാത്തത്
benefactor,0.9,0.0,ഗുണഭോക്താവ്
navigable,0.9,0.0,സഞ്ചാരയോഗ്യമാണ്
satisfied,0.9,0.0,സംതൃപ്തനായി
gush,0.9,0.0,ഗുഷ്
delightfulness,0.9,0.0,ആനന്ദം
fascinatingly,0.9,0.0,കൗതുകകരമായി
leads,0.9,0.0,ലീഡുകൾ
expeditiously,0.9,0.0,വേഗത്തിൽ
humour,0.9,0.0,നർമ്മം
reputable,0.9,0.0,മാന്യൻ
shimmeringly,0.9,0.0,തിളങ്ങുന്നു
genius,0.9,0.0,പ്രതിഭ
streamlined,0.9,0.0,കാര്യക്ഷമമാക്കി
unmatched,0.9,0.0,സമാനതകളില്ലാത്ത
boundless,0.9,0.0,അതിരുകളില്ലാത്ത
effortlessly,0.9,0.0,അനായാസമായി
lyrical,0.9,0.0,ഗാനരചയിതാവ്
reconciliation,0.9,0.0,അനുരഞ്ജനം
proper,0.9,0.0,ഉചിതമായത്
amuse,0.9,0.0,രസിപ്പിച്ചു
infallible,0.9,0.0,തെറ്റായ
immaculately,0.9,0.0,കുറ്റമറ്റ രീതിയിൽ
spellbindingly,0.9,0.0,അക്ഷരപ്പിശക്
cohesive,0.9,0.0,ഏകീകൃത
sweet,0.9,0.0,മധുരം
dominates,0.9,0.0,ആധിപത്യം പുലർത്തുന്നു
exceptional,0.9,0.0,അസാധാരണമായ
productively,0.9,0.0,ഉൽ‌പാദനപരമായി
successes,0.9,0.0,വിജയങ്ങൾ
pampered,0.9,0.0,ഓർമപ്പെടുത്തി
beneficiary,0.9,0.0,ഗുണഭോക്താവ്
supreme,0.9,0.0,പരമമായ
foresight,0.9,0.0,ദൂരക്കാഴ്ച
pleasantly,0.9,0.0,സന്തോഷത്തോടെ
conciliatory,0.9,0.0,അനുരഞ്ജനം
endorsement,0.9,0.0,അംഗീകാരം
outperforming,0.9,0.0,മികച്ച പ്രകടനം
assure,0.9,0.0,ഉറപ്പുതരുന്നു
mighty,0.9,0.0,വീരനായ
deserving,0.9,0.0,അർഹതയുള്ളവർ
colorful,0.9,0.0,വർണ്ണാഭമായ
enjoys,0.9,0.0,ആസ്വദിക്കുന്നു
sustainability,0.9,0.0,സുസ്ഥിരത
everlasting,0.9,0.0,നിത്യം
mesmerized,0.9,0.0,മയപ്പെടുത്തി
praise,0.9,0.0,സ്തുതി
togetherness,0.9,0.0,ഒരുമ
delight,0.9,0.0,ആനന്ദിക്കുക
vigilance,0.9,0.0,ജാഗ്രത
adjustable,0.9,0.0,ക്രമീകരിക്കാവുന്ന
extraordinary,0.9,0.0,അസാധാരണമായത്
memorable,0.9,0.0,അവിസ്മരണീയമായ
enlightenment,0.9,0.0,പ്രബുദ്ധത
swiftness,0.9,0.0,വേഗത
enchanted,0.9,0.0,മോഹിപ്പിക്കുന്ന
acumen,0.9,0.0,ചതുരശ്ര
unabashedly,0.9,0.0,നിഷ്‌കരുണം
fresher,0.9,0.0,പുതുമയുള്ളത്
joyously,0.9,0.0,സന്തോഷത്തോടെ
adroit,0.9,0.0,നൈപുണ്യമുള്ള
receptive,0.9,0.0,സ്വീകാര്യമായ
calming,0.9,0.0,ശാന്തമാക്കുന്നു
gallant,0.9,0.0,ധീരൻ
renowned,0.9,0.0,പ്രശസ്തൻ
fervent,0.9,0.0,തീക്ഷ്ണമായ
painless,0.9,0.0,വേദനയില്ലാത്ത
rapport,0.9,0.0,റിപ്പോർട്ട്
expansive,0.9,0.0,വിപുലമായ
raptureous,0.9,0.0,പരസംഗം
optimal,0.9,0.0,ഒപ്റ്റിമൽ
heroize,0.9,0.0,നായകനാക്കുക
thrillingly,0.9,0.0,ആവേശകരമായി
remarkably,0.9,0.0,ശ്രദ്ധേയമായി
eases,0.9,0.0,എളുപ്പമാക്കുന്നു
smart,0.9,0.0,സ്മാർട്ട്
amenable,0.9,0.0,പ്രയോജനകരമാണ്
dummy-proof,0.9,0.0,ഡമ്മി പ്രൂഫ്
overtook,0.9,0.0,മറികടന്നു
astounding,0.9,0.0,അമ്പരപ്പിക്കുന്ന
congratulatory,0.9,0.0,അഭിനന്ദനം
glowing,0.9,0.0,തിളങ്ങുന്ന
simplified,0.9,0.0,ലളിതമാക്കി
honor,0.9,0.0,ബഹുമാനം
detachable,0.9,0.0,വേർപെടുത്താവുന്ന
evocative,0.9,0.0,പ്രകോപനപരമായ
secure,0.9,0.0,സുരക്ഷിത
envy,0.9,0.0,അസൂയ
darling,0.9,0.0,ഡാർലിംഗ്
playful,0.9,0.0,കളിയായ
wonderous,0.9,0.0,അത്ഭുതകരമായ
paradise,0.9,0.0,പറുദീസ
lucid,0.9,0.0,വ്യക്തമായ
reachable,0.9,0.0,എത്തിച്ചേരാവുന്ന
gratifies,0.9,0.0,തൃപ്തിപ്പെടുത്തുന്നു
exult,0.9,0.0,ആനന്ദിക്കുക
splendor,0.9,0.0,ശോഭ
outshone,0.9,0.0,outs ട്ട്‌ഫോൺ
refreshed,0.9,0.0,പുതുക്കി
revel,0.9,0.0,ആനന്ദിക്കുക
revolutionize,0.9,0.0,വിപ്ലവം
brighter,0.9,0.0,തെളിച്ചമുള്ള
celebratory,0.9,0.0,ആഘോഷം
crisper,0.9,0.0,ക്രിസ്പർ
consistently,0.9,0.0,സ്ഥിരമായി
encouragement,0.9,0.0,പ്രോത്സാഹനം
workable,0.9,0.0,പ്രവർത്തനക്ഷമമാണ്
pleasure,0.9,0.0,ആനന്ദം
uphold,0.9,0.0,ഉയർത്തിപ്പിടിക്കുക
decency,0.9,0.0,മര്യാദ
trendy,0.9,0.0,ട്രെൻഡി
exaltingly,0.9,0.0,ഉയർത്തുന്നു
preferable,0.9,0.0,അഭികാമ്യം
problem-free,0.9,0.0,പ്രശ്നരഹിതം
accurate,0.9,0.0,കൃത്യം
ingenuously,0.9,0.0,സമർത്ഥമായി
jovial,0.9,0.0,സന്തോഷം
enthusiastically,0.9,0.0,ആവേശത്തോടെ
positive,0.9,0.0,പോസിറ്റീവ്
dumbfounded,0.9,0.0,ഭീമൻ
immaculate,0.9,0.0,കുറ്റമറ്റ
gratefully,0.9,0.0,നന്ദിയോടെ
pure,0.9,0.0,ശുദ്ധം
benevolence,0.9,0.0,ദയ
grateful,0.9,0.0,നന്ദിയുള്ളവർ
magnanimous,0.9,0.0,മഹത്തായ
audible,0.9,0.0,കേൾക്കാവുന്ന
fantastic,0.9,0.0,അതിശയകരമായത്
honoring,0.9,0.0,ബഹുമാനിക്കുന്നു
exhilarate,0.9,0.0,ആഹ്ലാദിക്കുക
savvy,0.9,0.0,വിദഗ്ദ്ധൻ
well-rounded,0.9,0.0,നന്നായി വൃത്താകൃതിയിലുള്ള
luxuriate,0.9,0.0,ആഡംബര
long-lasting,0.9,0.0,വളരെക്കാലം ഈടുനില്ക്കുന്ന
straighten,0.9,0.0,നേരെയാക്കുക
friendliness,0.9,0.0,സൗഹൃദം
courage,0.9,0.0,ധൈര്യം
ennoble,0.9,0.0,ennoble
agilely,0.9,0.0,ചടുലമായി
authentic,0.9,0.0,ആധികാരികം
smoother,0.9,0.0,സുഗമമായ
miracles,0.9,0.0,അത്ഭുതങ്ങൾ
destiny,0.9,0.0,വിധി
influential,0.9,0.0,സ്വാധീനമുള്ള
reconcile,0.9,0.0,അനുരഞ്ജനം
fav,0.9,0.0,fav
enrapture,0.9,0.0,enrapture
eager,0.9,0.0,ആകാംക്ഷയോടെ
entertains,0.9,0.0,രസിപ്പിക്കുന്നു
integral,0.9,0.0,അവിഭാജ്യ
majesty,0.9,0.0,മഹിമ
comfortably,0.9,0.0,സുഖമായി
vouch,0.9,0.0,വൗച്ച്
precisely,0.9,0.0,കൃത്യമായും
excitedness,0.9,0.0,ആവേശം
personalized,0.9,0.0,വ്യക്തിഗതമാക്കി
faultless,0.9,0.0,കുറ്റമറ്റത്
better-than-expected,0.9,0.0,പ്രതീക്ഷിച്ചതിലും മികച്ചത്
faster,0.9,0.0,വേഗത്തിൽ
trusting,0.9,0.0,വിശ്വസിക്കുന്നു
comfortable,0.9,0.0,സുഖകരമാണ്
respite,0.9,0.0,അവധി
elite,0.9,0.0,വരേണ്യവർഗം
respectful,0.9,0.0,മാന്യമായ
rock-star,0.9,0.0,റോക്ക് സ്റ്റാർ
stylish,0.9,0.0,സ്റ്റൈലിഷ്
endorses,0.9,0.0,അംഗീകരിക്കുന്നു
whooa,0.9,0.0,ഹൂവ
modest,0.9,0.0,എളിമ
gentlest,0.9,0.0,ശാന്തൻ
swift,0.9,0.0,സ്വിഫ്റ്റ്
skillful,0.9,0.0,നൈപുണ്യമുള്ള
individualized,0.9,0.0,വ്യക്തിഗതമാക്കി
remunerate,0.9,0.0,പ്രതിഫലം
advanced,0.9,0.0,വിപുലമായത്
contentment,0.9,0.0,സംതൃപ്‌തി
feisty,0.9,0.0,ഭയങ്കര
clear,0.9,0.0,വ്യക്തമാണ്
problem-solver,0.9,0.0,പ്രശ്നപരിഹാരി
cleared,0.9,0.0,മായ്ച്ചു
solace,0.9,0.0,സാന്ത്വനം
abundance,0.9,0.0,സമൃദ്ധി
bullish,0.9,0.0,ബുള്ളിഷ്
fascinate,0.9,0.0,മോഹിപ്പിക്കുക
positives,0.9,0.0,പോസിറ്റീവ്
plentiful,0.9,0.0,ധാരാളം
effusive,0.9,0.0,എഫ്യൂസീവ്
loved,0.9,0.0,സ്നേഹിച്ചു
entranced,0.9,0.0,പ്രവേശിച്ചു
gentle,0.9,0.0,സ gentle മ്യത
brilliance,0.9,0.0,ദീപ്തി
stupendously,0.9,0.0,വിഡ് .ിത്തമായി
intelligence,0.9,0.0,ബുദ്ധി
rockstar,0.9,0.0,റോക്ക്സ്റ്റാർ
proficiently,0.9,0.0,പ്രാവീണ്യത്തോടെ
enthuse,0.9,0.0,ഉത്സാഹം
luxurious,0.9,0.0,ആഡംബര
adaptive,0.9,0.0,അഡാപ്റ്റീവ്
complement,0.9,0.0,പൂരകമാക്കുക
mercifully,0.9,0.0,കരുണാമയനായി
lean,0.9,0.0,മെലിഞ്ഞ
intimate,0.9,0.0,അടുപ്പം
beutifully,0.9,0.0,ഭംഗിയായി
cleaner,0.9,0.0,ക്ലീനർ
freed,0.9,0.0,മോചിപ്പിച്ചു
gratified,0.9,0.0,തൃപ്‌തിപ്പെടുത്തി
ideal,0.9,0.0,അനുയോജ്യമായത്
vouchsafe,0.9,0.0,vouchsafe
ebulliently,0.9,0.0,സമർത്ഥമായി
redemption,0.9,0.0,വീണ്ടെടുപ്പ്
cherish,0.9,0.0,പരിപാലിക്കുക
whoooa,0.9,0.0,ഹൂവ
stunningly,0.9,0.0,അതിശയകരമാംവിധം
gladly,0.9,0.0,സന്തോഷത്തോടെ
triumphant,0.9,0.0,വിജയകരമായ
dead-cheap,0.9,0.0,ചത്ത-വിലകുറഞ്ഞ
illuminate,0.9,0.0,പ്രകാശിപ്പിക്കുക
promising,0.9,0.0,വാഗ്ദാനം ചെയ്യുന്നു
abundant,0.9,0.0,സമൃദ്ധമായ
rejuvenate,0.9,0.0,പുനരുജ്ജീവിപ്പിക്കുക
righten,0.9,0.0,ശരി
diplomatic,0.9,0.0,നയതന്ത്ര
exhilaratingly,0.9,0.0,ആഹ്ലാദകരമായ
resound,0.9,0.0,പുനരാരംഭിക്കുക
glimmer,0.9,0.0,തിളക്കം
hooray,0.9,0.0,ഹൂറേ
faith,0.9,0.0,വിശ്വാസം
foremost,0.9,0.0,ഏറ്റവും പ്രധാനം
heros,0.9,0.0,വീരന്മാർ
richness,0.9,0.0,സമൃദ്ധി
sumptuous,0.9,0.0,അതിശയകരമായ
excitedly,0.9,0.0,ആവേശത്തോടെ
adulation,0.9,0.0,പ്രശംസ
lavishly,0.9,0.0,ഗംഭീരമായി
irresistible,0.9,0.0,അപ്രതിരോധ്യമായ
valiantly,0.9,0.0,ധീരമായി
noiseless,0.9,0.0,ശബ്‌ദമില്ലാത്ത
record-setting,0.9,0.0,റെക്കോർഡ് ക്രമീകരണം
openly,0.9,0.0,പരസ്യമായി
idyllic,0.9,0.0,മന്ദബുദ്ധിയായ
coolest,0.9,0.0,ഏറ്റവും മികച്ചത്
justly,0.9,0.0,നീതിപൂർവ്വം
clean,0.9,0.0,വൃത്തിയായി
feat,0.9,0.0,നേട്ടം
excites,0.9,0.0,ആവേശം
fond,0.9,0.0,പശ്ചാത്തലം
harmony,0.9,0.0,ഐക്യം
recommend,0.9,0.0,ശുപാർശ ചെയ്യുക
goodwill,0.9,0.0,സ w ഹാർദ്ദം
excellant,0.9,0.0,മികവ്
pardon,0.9,0.0,മാപ്പ്
richer,0.9,0.0,സമ്പന്നൻ
smiles,0.9,0.0,പുഞ്ചിരിക്കുന്നു
indulgent,0.9,0.0,ആഹ്ലാദകരമായ
suave,0.9,0.0,മൃദുവായ
progressive,0.9,0.0,പുരോഗമനപരമായ
outsmart,0.9,0.0,out ട്ട്‌മാർട്ട്
conveniently,0.9,0.0,സൗകര്യപ്രദമായി
gratify,0.9,0.0,തൃപ്തിപ്പെടുത്തുക
steadfastness,0.9,0.0,സ്ഥിരത
rectify,0.9,0.0,നേരെയാക്കുക
pros,0.9,0.0,നേട്ടം
trump,0.9,0.0,ട്രംപ്
exultation,0.9,0.0,ആനന്ദം
thrive,0.9,0.0,അഭിവൃദ്ധിപ്പെടുത്തുക
generously,0.9,0.0,ഉദാരമായി
nourishment,0.9,0.0,ആഹാരം
momentous,0.9,0.0,സുപ്രധാനം
fortitude,0.9,0.0,മനോഭാവം
verifiable,0.9,0.0,പരിശോധിക്കാവുന്ന
supports,0.9,0.0,പിന്തുണയ്ക്കുന്നു
happily,0.9,0.0,സന്തോഷത്തോടെ
adoring,0.9,0.0,ആരാധിക്കുന്നു
stainless,0.9,0.0,സ്റ്റെയിൻ‌ലെസ്
treasure,0.9,0.0,നിധി
endear,0.9,0.0,പ്രിയ
enjoying,0.9,0.0,ആസ്വദിക്കുന്നു
articulate,0.9,0.0,കൂട്ടിച്ചേര്ക്കുക
beautify,0.9,0.0,മനോഹരമാക്കുക
palatial,0.9,0.0,കൊട്ടാരം
win,0.9,0.0,ജയിക്കുക
sincerely,0.9,0.0,ആത്മാർത്ഥതയോടെ
loyalty,0.9,0.0,സത്യസന്ധത
strikingly,0.9,0.0,ശ്രദ്ധേയമായി
rapid,0.9,0.0,ദ്രുതഗതിയിലുള്ളത്
fortuitously,0.9,0.0,ഭാഗ്യവശാൽ
recommended,0.9,0.0,ശുപാർശ ചെയ്ത
sharper,0.9,0.0,മൂർച്ചയുള്ള
deft,0.9,0.0,deft
pre-eminent,0.9,0.0,മുൻ‌നിരയിലുള്ളവർ
reasonable,0.9,0.0,ന്യായമായ
nifty,0.9,0.0,നിഫ്റ്റി
warm,0.9,0.0,.ഷ്മളമായ
counter-attack,0.9,0.0,തിരിച്ചടി
cajole,0.9,0.0,കാജോൾ
imaginative,0.9,0.0,ഭാവനാത്മക
thrilling,0.9,0.0,കുളിര്മഴയായി
issue-free,0.9,0.0,പ്രശ്നരഹിതം
adore,0.9,0.0,ആരാധിക്കുക
improves,0.9,0.0,മെച്ചപ്പെടുത്തുന്നു
wise,0.9,0.0,ജ്ഞാനമുള്ളവൻ
defeats,0.9,0.0,തോൽവികൾ
smartly,0.9,0.0,സമർത്ഥമായി
proactive,0.9,0.0,സജീവമാണ്
yay,0.9,0.0,വില്ലു
non-violence,0.9,0.0,അഹിംസ
majestic,0.9,0.0,ഗാംഭീര്യമുള്ളത്
worthwhile,0.9,0.0,മൂല്യവത്തായ
euphoria,0.9,0.0,ഉന്മേഷം
glow,0.9,0.0,തിളക്കം
perfection,0.9,0.0,പൂർണത
brightest,0.9,0.0,ഏറ്റവും തിളക്കമുള്ളത്
evenly,0.9,0.0,തുല്യമായി
excellent,0.9,0.0,മികച്ചത്
witty,0.9,0.0,നർമ്മം
glitz,0.9,0.0,ഗ്ലിറ്റ്സ്
leverage,0.9,0.0,കുതിപ്പ്
prospros,0.9,0.0,പ്രോസ്പ്രോസ്
fame,0.9,0.0,പ്രശസ്തി
golden,0.9,0.0,സ്വർണ്ണം
substantive,0.9,0.0,കാര്യമായ
accurately,0.9,0.0,കൃത്യമായി
seasoned,0.9,0.0,മസാല
stupendous,0.9,0.0,അതിശയകരമായത്
inestimable,0.9,0.0,വിലമതിക്കാനാവാത്ത
propitious,0.9,0.0,ഉചിതം
fashionably,0.9,0.0,ഫാഷനായി
regal,0.9,0.0,regal
persevere,0.9,0.0,സ്ഥിരോത്സാഹം
well-informed,0.9,0.0,നന്നായി അറിവുള്ളവർ
intrigue,0.9,0.0,ഗൂ ri ാലോചന
jubilant,0.9,0.0,സന്തോഷം
euphorically,0.9,0.0,ആദരവോടെ
amiability,0.9,0.0,സൗഹാർദ്ദം
suavely,0.9,0.0,സ്വയമേവ
galore,0.9,0.0,ഗംഭീരമായി
sturdy,0.9,0.0,ആരോഗ്യമുള്ള
transparent,0.9,0.0,സുതാര്യമാണ്
undamaged,0.9,0.0,കേടുപാടുകൾ സംഭവിച്ചിട്ടില്ല
cohere,0.9,0.0,cohere
danke,0.9,0.0,നന്ദി
elatedly,0.9,0.0,സന്തോഷത്തോടെ
benifits,0.9,0.0,ബെനിഫിറ്റുകൾ
achievements,0.9,0.0,നേട്ടങ്ങൾ
shimmering,0.9,0.0,തിളങ്ങുന്നു
preferes,0.9,0.0,മുൻ‌ഗണന
impartial,0.9,0.0,നിഷ്പക്ഷ
promise,0.9,0.0,വാഗ്ദാനം
spectacular,0.9,0.0,കൗതുകദൃശം
efficacious,0.9,0.0,ഫലപ്രദമാണ്
passion,0.9,0.0,അഭിനിവേശം
enhances,0.9,0.0,മെച്ചപ്പെടുത്തുന്നു
beckoning,0.9,0.0,മുന്നറിയിപ്പ്
earnestly,0.9,0.0,ആത്മാർത്ഥമായി
right,0.9,0.0,ശരി
mightily,0.9,0.0,ശക്തമായി
favor,0.9,0.0,പ്രീതി
ingenious,0.9,0.0,ചാതുര്യം
exuberantly,0.9,0.0,ആഹ്ലാദത്തോടെ
exuberance,0.9,0.0,ആദരവ്
magnificence,0.9,0.0,മഹത്വം
cleanest,0.9,0.0,ഏറ്റവും വൃത്തിയുള്ളത്
gaining,0.9,0.0,നേടുന്നു
fascinating,0.9,0.0,ക in തുകകരമായ
support,0.9,0.0,പിന്തുണ
soothingly,0.9,0.0,ശാന്തമായി
flattering,0.9,0.0,മുഖസ്തുതി
orderly,0.9,0.0,ചിട്ടയോടെ
wonderfully,0.9,0.0,അത്ഭുതകരമായി
equitable,0.9,0.0,നീതി
first-class,0.9,0.0,ഒന്നാം തരം
honored,0.9,0.0,ബഹുമാനിക്കപ്പെട്ടു
sparkle,0.9,0.0,തിളക്കം
adored,0.9,0.0,ആരാധിക്കുന്നു
ease,0.9,0.0,അനായാസം
enthrall,0.9,0.0,ആകർഷിക്കുക
available,0.9,0.0,ലഭ്യമാണ്
enliven,0.9,0.0,ജീവൻ
impressed,0.9,0.0,മതിപ്പുളവാക്കി
supported,0.9,0.0,പിന്തുണയ്‌ക്കുന്നു
pleasing,0.9,0.0,പ്രസാദകരമാണ്
versatile,0.9,0.0,വൈവിധ്യമാർന്ന
warmly,0.9,0.0,ly ഷ്മളമായി
marvelled,0.9,0.0,ആശ്ചര്യപ്പെട്ടു
pretty,0.9,0.0,സുന്ദരി
sprightly,0.9,0.0,ഭയത്തോടെ
fascination,0.9,0.0,മോഹം
fave,0.9,0.0,fave
reasonably,0.9,0.0,ന്യായമായും
ovation,0.9,0.0,ആദരവ്
speedy,0.9,0.0,വേഗതയുള്ളത്
satisfy,0.9,0.0,തൃപ്തിപ്പെടുത്തുക
super,0.9,0.0,സൂപ്പർ
privileged,0.9,0.0,പൂർവികർ
jaw-dropping,0.9,0.0,താടിയെല്ല്
better-known,0.9,0.0,നന്നായി അറിയപ്പെടുന്ന
accomplishments,0.9,0.0,നേട്ടങ്ങൾ
breakthroughs,0.9,0.0,മുന്നേറ്റങ്ങൾ
hilarious,0.9,0.0,നിലനില്ക്കുകയും
pride,0.9,0.0,അഹംഭാവം
hail,0.9,0.0,ആലിപ്പഴം
gains,0.9,0.0,നേട്ടങ്ങൾ
rectification,0.9,0.0,തിരുത്തൽ
kudos,0.9,0.0,പ്രശസ്തി
like,0.9,0.0,പോലെ
masters,0.9,0.0,യജമാനന്മാർ
appreciable,0.9,0.0,വിലമതിക്കാനാവാത്ത
nicest,0.9,0.0,ഏറ്റവും നല്ലത്
frolic,0.9,0.0,ഉല്ലാസം
safely,0.9,0.0,സുരക്ഷിതമായി
instrumental,0.9,0.0,ഇൻസ്ട്രുമെന്റൽ
spectacularly,0.9,0.0,ഗംഭീരമായി
harmless,0.9,0.0,നിരുപദ്രവകാരിയായ
unity,0.9,0.0,ഐക്യം
fast-paced,0.9,0.0,വേഗതയേറിയത്
ecstasy,0.9,0.0,എക്സ്റ്റസി
enjoy,0.9,0.0,ആസ്വദിക്കൂ
enhancement,0.9,0.0,മെച്ചപ്പെടുത്തൽ
assuring,0.9,0.0,ഉറപ്പ്
work,0.9,0.0,ജോലി
edify,0.9,0.0,എഡിറ്റുചെയ്യുക
formidable,0.9,0.0,ഭയങ്കര
instantly,0.9,0.0,തൽക്ഷണം
righteously,0.9,0.0,നീതിയോടെ
painlessly,0.9,0.0,വേദനയില്ലാതെ
comfy,0.9,0.0,സുഖപ്രദമായ
fervidly,0.9,0.0,തീക്ഷ്ണമായി
approval,0.9,0.0,അംഗീകാരം
fertile,0.9,0.0,ഫലഭൂയിഷ്ഠമായ
easygoing,0.9,0.0,ഈസി ഗോയിംഗ്
admiration,0.9,0.0,പ്രശംസ
reward,0.9,0.0,പ്രതിഫലം
promoter,0.9,0.0,പ്രൊമോട്ടർ
responsive,0.9,0.0,പ്രതികരിക്കുന്നു
rapt,0.9,0.0,റാപ്റ്റ്
wowing,0.9,0.0,wowing
promptly,0.9,0.0,ഉടനടി
awestruck,0.9,0.0,awestruck
joyful,0.9,0.0,സന്തോഷകരമായ
dominate,0.9,0.0,ആധിപത്യം സ്ഥാപിക്കുക
capably,0.9,0.0,സാധ്യമാണ്
virtue,0.9,0.0,പുണ്യം
prompt,0.9,0.0,പ്രോംപ്റ്റ്
willingly,0.9,0.0,മനസ്സോടെ
magical,0.9,0.0,മാന്ത്രികം
famed,0.9,0.0,പ്രശസ്തി
angel,0.9,0.0,മാലാഖ
masterfully,0.9,0.0,സമർത്ഥമായി
amazing,0.9,0.0,അത്ഭുതകരമായ
convincing,0.9,0.0,ബോധ്യപ്പെടുത്തുന്ന
awsome,0.9,0.0,ഭയങ്കര
reforming,0.9,0.0,പരിഷ്കരണം
clever,0.9,0.0,വിരുതുള്ള
fervently,0.9,0.0,തീക്ഷ്ണമായി
harmoniously,0.9,0.0,സ്വരച്ചേർച്ചയോടെ
compact,0.9,0.0,ഒതുക്കമുള്ള
enterprising,0.9,0.0,സംരംഭം
intriguing,0.9,0.0,ക ri തുകകരമായ
aspire,0.9,0.0,അഭിലാഷം
elegance,0.9,0.0,ചാരുത
delightful,0.9,0.0,ആനന്ദദായകമാണ്
maneuverable,0.9,0.0,കൈകാര്യം ചെയ്യാവുന്ന
friendly,0.9,0.0,സൗഹൃദ
gainfully,0.9,0.0,ലാഭകരമായി
ideally,0.9,0.0,തികച്ചും
complements,0.9,0.0,പൂർ‌ത്തിയാക്കുന്നു
hardy,0.9,0.0,ഹാർഡി
unconditional,0.9,0.0,നിരുപാധികം
homage,0.9,0.0,ആദരാഞ്ജലി
talented,0.9,0.0,കഴിവുള്ളവർ
stellarly,0.9,0.0,നക്ഷത്രപരമായി
futurestic,0.9,0.0,ഭാവി
congratulation,0.9,0.0,അഭിനന്ദനം
soft,0.9,0.0,മൃദുവായ
glory,0.9,0.0,മഹത്വം
encouragingly,0.9,0.0,പ്രോത്സാഹജനകമായി
stylishly,0.9,0.0,സ്റ്റൈലിഷ് ആയി
afford,0.9,0.0,താങ്ങാവുന്ന വില
jollify,0.9,0.0,jollify
skill,0.9,0.0,നൈപുണ്യം
reasoned,0.9,0.0,യുക്തിസഹമായി
piety,0.9,0.0,ഭക്തി
peaceful,0.9,0.0,സമാധാനപരമായ
warmhearted,0.9,0.0,warm ഷ്മളമായ
endorsing,0.9,0.0,അംഗീകരിക്കുന്നു
impressively,0.9,0.0,ശ്രദ്ധേയമായി
bravo,0.9,0.0,ബ്രാവോ
improvement,0.9,0.0,മെച്ചപ്പെടുത്തൽ
sumptuously,0.9,0.0,സമർത്ഥമായി
pamper,0.9,0.0,ഓർമിക്കുക
avidly,0.9,0.0,ഉത്സാഹത്തോടെ
profusion,0.9,0.0,സമൃദ്ധി
tenaciously,0.9,0.0,ദൃ ac മായി
glisten,0.9,0.0,തിളങ്ങുക
famously,0.9,0.0,പ്രസിദ്ധമായി
timely,0.9,0.0,സമയബന്ധിതമായി
well-known,0.9,0.0,അറിയപ്പെടുന്ന
tranquil,0.9,0.0,ശാന്തം
carefree,0.9,0.0,അശ്രദ്ധ
healthful,0.9,0.0,ആരോഗ്യകരമായ
dignified,0.9,0.0,മാന്യൻ
elegant,0.9,0.0,ഗംഭീര
easy,0.9,0.0,എളുപ്പമാണ്
excitingly,0.9,0.0,ആവേശത്തോടെ
well-received,0.9,0.0,മികച്ച സ്വീകാര്യത
impressiveness,0.9,0.0,മതിപ്പ്
simplifies,0.9,0.0,ലളിതമാക്കുന്നു
thrift,0.9,0.0,മിതവ്യയം
willingness,0.9,0.0,സന്നദ്ധത
virtuous,0.9,0.0,പുണ്യം
outperforms,0.9,0.0,മികച്ച പ്രകടനം
adroitly,0.9,0.0,adroitly
believable,0.9,0.0,വിശ്വസനീയമാണ്
ecstasies,0.9,0.0,എക്സ്റ്റാസീസ്
glimmering,0.9,0.0,തിളങ്ങുന്നു
continuity,0.9,0.0,തുടർച്ച
unaffected,0.9,0.0,ബാധിച്ചിട്ടില്ല
neatest,0.9,0.0,ഏറ്റവും ഭംഗിയുള്ളത്
prefered,0.9,0.0,മുൻ‌ഗണന
attraction,0.9,0.0,ആകർഷണം
kindly,0.9,0.0,ആദരവായി
breeze,0.9,0.0,കാറ്റ്
amicable,0.9,0.0,സൗഹാർദ്ദപരമായ
flatter,0.9,0.0,മുഖസ്തുതി
knowledgeable,0.9,0.0,വിവരമുള്ള
first-in-class,0.9,0.0,ഫസ്റ്റ്-ക്ലാസ്
gratifyingly,0.9,0.0,നന്ദിയോടെ
windfall,0.9,0.0,കാറ്റ് വീഴ്ച
nicer,0.9,0.0,നല്ലത്
dedicated,0.9,0.0,സമർപ്പിത
well-intentioned,0.9,0.0,നല്ല ഉദ്ദേശ്യത്തോടെ
autonomous,0.9,0.0,സ്വയംഭരണാധികാരം
awed,0.9,0.0,ഭയപ്പെട്ടു
promises,0.9,0.0,വാഗ്ദാനങ്ങൾ
lucrative,0.9,0.0,ലാഭകരമായ
compassionate,0.9,0.0,അനുകമ്പയുള്ള
dependably,0.9,0.0,ആശ്രയയോഗ്യമാണ്
handsome,0.9,0.0,സുന്ദരൻ
chic,0.9,0.0,ചിക്
excited,0.9,0.0,ആവേശത്തിലാണ്
infallibly,0.9,0.0,തെറ്റായി
proving,0.9,0.0,തെളിയിക്കുന്നു
impresses,0.9,0.0,മതിപ്പുളവാക്കുന്നു
interests,0.9,0.0,താൽപ്പര്യങ്ങൾ
enviably,0.9,0.0,അസൂയയോടെ
dotingly,0.9,0.0,dotingly
superior,0.9,0.0,ശ്രേഷ്ഠൻ
pleasurable,0.9,0.0,ആനന്ദകരമാണ്
industrious,0.9,0.0,കഠിനാധ്വാനം
polite,0.9,0.0,മര്യാദ
slick,0.9,0.0,സ്ലിക്ക്
compliant,0.9,0.0,കംപ്ലയിന്റ്
smile,0.9,0.0,പുഞ്ചിരി
agreeably,0.9,0.0,സമ്മതിക്കുന്നു
miraculousness,0.9,0.0,അത്ഭുതം
works,0.9,0.0,പ്രവർത്തിക്കുന്നു
reverent,0.9,0.0,ഭക്തിയുള്ള
graciously,0.9,0.0,കൃപയോടെ
pinnacle,0.9,0.0,പരകോടി
risk-free,0.9,0.0,അപകടരഹിതം
empathize,0.9,0.0,സമാനുഭാവം നേടുക
righteous,0.9,0.0,നീതിമാൻ
subsidize,0.9,0.0,സബ്സിഡി
effusion,0.9,0.0,എഫ്യൂഷൻ
unfazed,0.9,0.0,unazed
awarded,0.9,0.0,അവാർഡ്
excelled,0.9,0.0,മികവ് പുലർത്തി
beckon,0.9,0.0,beckon
well-backlit,0.9,0.0,നന്നായി ബാക്ക്ലിറ്റ്
law-abiding,0.9,0.0,നിയമം അനുസരിക്കുക
eased,0.9,0.0,ലഘൂകരിച്ചു
amusingly,0.9,0.0,രസകരമായി
sensible,0.9,0.0,വിവേകമുള്ള
impeccable,0.9,0.0,കുറ്റമറ്റത്
awesomely,0.9,0.0,ആകർഷണീയമായി
competitive,0.9,0.0,മത്സര
bravery,0.9,0.0,ധൈര്യം
distinction,0.9,0.0,വ്യത്യാസം
sagacity,0.9,0.0,നിഗൂ ity ത
goood,0.9,0.0,ഗുഡ്
properly,0.9,0.0,ശരിയായി
bloom,0.9,0.0,പൂത്തു
freshest,0.9,0.0,ഏറ്റവും പുതിയത്
richly,0.9,0.0,സമൃദ്ധമായി
well-wishers,0.9,0.0,അഭ്യുദയകാംക്ഷികൾ
flawlessly,0.9,0.0,കുറ്റമറ്റ രീതിയിൽ
quaint,0.9,0.0,ശാന്തം
smartest,0.9,0.0,മിടുക്കൻ
gracious,0.9,0.0,കൃപ
youthful,0.9,0.0,യുവത്വം
revolutionizes,0.9,0.0,വിപ്ലവം സൃഷ്ടിക്കുന്നു
eloquently,0.9,0.0,വാചാലമായി
beautiful,0.9,0.0,മനോഹരമാണ്
feasibly,0.9,0.0,സാധ്യമാണ്
relaxed,0.9,0.0,വിശ്രമിച്ചു
succes,0.9,0.0,വിജയം
incredible,0.9,0.0,അവിശ്വസനീയമായ
recovery,0.9,0.0,വീണ്ടെടുക്കൽ
wisely,0.9,0.0,വിവേകത്തോടെ
effective,0.9,0.0,ഫലപ്രദമാണ്
merriment,0.9,0.0,ഉല്ലാസം
low-risk,0.9,0.0,കുറഞ്ഞ അപകടസാധ്യത
affluence,0.9,0.0,സമ്പന്നത
admirable,0.9,0.0,പ്രശംസനീയമാണ്
inpressed,0.9,0.0,അമർത്തി
wows,0.9,0.0,കൊള്ളാം
refine,0.9,0.0,പരിഷ്കരിക്കുക
brave,0.9,0.0,ധീരൻ
amity,0.9,0.0,സൗഹൃദം
benevolent,0.9,0.0,ദയാലുവായ
securely,0.9,0.0,സുരക്ഷിതമായി
improved,0.9,0.0,മെച്ചപ്പെടുത്തി
desiring,0.9,0.0,ആഗ്രഹിക്കുന്നു
reform,0.9,0.0,പുനഃസംഘടന
romantically,0.9,0.0,പ്രണയപരമായി
sporty,0.9,0.0,സ്പോർട്ടി
reverence,0.9,0.0,ഭക്തി
invigorate,0.9,0.0,ശക്തിപ്പെടുത്തുക
outstanding,0.9,0.0,കുടിശ്ശിക
prefers,0.9,0.0,ഇഷ്ടപ്പെടുന്നു
magnificent,0.9,0.0,ഗംഭീരമായ
outperformed,0.9,0.0,മികച്ച പ്രകടനം
eminence,0.9,0.0,ശ്രേഷ്ഠത
satisified,0.9,0.0,തൃപ്‌തിപ്പെടുത്തി
enviousness,0.9,0.0,അസൂയ
overjoyed,0.9,0.0,സന്തോഷിച്ചു
sophisticated,0.9,0.0,സങ്കീർണ്ണമായ
extol,0.9,0.0,പ്രശംസ
astonishingly,0.9,0.0,അത്ഭുതകരമായി
world-famous,0.9,0.0,ലോകപ്രസിദ്ധമായ
gratitude,0.9,0.0,നന്ദി
deservedly,0.9,0.0,അർഹതയോടെ
mesmerizingly,0.9,0.0,അമ്പരപ്പിക്കുന്ന
unparalleled,0.9,0.0,സമാനതകളില്ലാത്ത
gorgeously,0.9,0.0,മനോഹരമായി
genial,0.9,0.0,കൊള്ളാം
succeed,0.9,0.0,വിജയിക്കുക
beautifullly,0.9,0.0,മനോഹരമായി
faithfully,0.9,0.0,വിശ്വസ്തതയോടെ
priceless,0.9,0.0,അമൂല്യമായ
exultant,0.9,0.0,നൃത്തം
thank,0.9,0.0,നന്ദി
thumbs-up,0.9,0.0,വിജയചിഹ്നം
titillating,0.9,0.0,ടൈറ്റിലറ്റിംഗ്
preferably,0.9,0.0,വെയിലത്ത്
wonder,0.9,0.0,അത്ഭുതവും
jubilate,0.9,0.0,സന്തോഷം
finest,0.9,0.0,മികച്ചത്
recommendation,0.9,0.0,ശുപാർശ
astonishing,0.9,0.0,ആശ്ചര്യപ്പെടുത്തുന്ന
enrapt,0.9,0.0,എൻ‌റാപ്റ്റ്
honesty,0.9,0.0,സത്യസന്ധത
luxury,0.9,0.0,ലക്ഷ്വറി
futuristic,0.9,0.0,ഫ്യൂച്ചറിസ്റ്റ്
important,0.9,0.0,പ്രധാനം
gaily,0.9,0.0,ജെയ്‌ലി
smooth,0.9,0.0,മിനുസമാർന്ന
stronger,0.9,0.0,ശക്തമാണ്
high-spirited,0.9,0.0,ഉയർന്ന ഉത്സാഹമുള്ള
succeeding,0.9,0.0,വിജയിക്കുന്നു
beloved,0.9,0.0,പ്രിയ
beautifully,0.9,0.0,മനോഹരമായി
sustainable,0.9,0.0,സുസ്ഥിര
staunch,0.9,0.0,ശക്തമായ
nice,0.9,0.0,കൊള്ളാം
acclamation,0.9,0.0,പ്രശംസ
stellar,0.9,0.0,നക്ഷത്ര
favorited,0.9,0.0,പ്രിയങ്കരമായി
zenith,0.9,0.0,zenith
courteous,0.9,0.0,മര്യാദയുള്ള
heroically,0.9,0.0,വീരോചിതമായി
lucky,0.9,0.0,ഭാഗ്യം
correctly,0.9,0.0,ശരിയായി
prudent,0.9,0.0,വിവേകമുള്ള
success,0.9,0.0,വിജയം
lustrous,0.9,0.0,മോഹിപ്പിക്കുന്ന
non-violent,0.9,0.0,അക്രമരഹിതം
fervid,0.9,0.0,fervid
gratifying,0.9,0.0,തൃപ്തിപ്പെടുത്തുന്നു
statuesque,0.9,0.0,പ്രതിമ
heartening,0.9,0.0,ഹൃദയസ്പർശിയായ
unequivocally,0.9,0.0,വ്യക്തമായും
brand-new,0.9,0.0,ബ്രാൻഡ് ന്യൂ
blockbuster,0.9,0.0,ബ്ലോക്ക്ബസ്റ്റർ
breathtaking,0.9,0.0,ആശ്വാസകരമാണ്
remission,0.9,0.0,റിമിഷൻ
heal,0.9,0.0,സുഖപ്പെടുത്തുക
accomodative,0.9,0.0,പാർപ്പിടം
ebullience,0.9,0.0,ebullience
rightness,0.9,0.0,ശരിയായത്
nobly,0.9,0.0,കുലീനൻ
finer,0.9,0.0,സൂക്ഷ്മമായ
gaiety,0.9,0.0,ഭംഗി
eagerly,0.9,0.0,ആകാംക്ഷയോടെ
accessable,0.9,0.0,ആക്സസ് ചെയ്യാവുന്ന
acclaim,0.9,0.0,പ്രശംസ
self-sufficient,0.9,0.0,സ്വയംപര്യാപ്തത
adulatory,0.9,0.0,adulatory
roomy,0.9,0.0,റൂമി
harmonious,0.9,0.0,സ്വരച്ചേർച്ച
ecstatically,0.9,0.0,ആവേശത്തോടെ
relent,0.9,0.0,അനുതപിക്കുക
impassioned,0.9,0.0,വികാരാധീനനായി
rectifying,0.9,0.0,തിരുത്തുന്നു
prize,0.9,0.0,സമ്മാനം
beauteous,0.9,0.0,സുന്ദരമായ
confidence,0.9,0.0,ആത്മവിശ്വാസം
cherished,0.9,0.0,വിലമതിക്കാനാവാത്ത
outstrip,0.9,0.0,st ട്ട്‌സ്ട്രിപ്പ്
wieldy,0.9,0.0,വിദഗ്ധൻ
picturesque,0.9,0.0,മനോഹരമായ
educated,0.9,0.0,വിദ്യാസമ്പന്നർ
dauntless,0.9,0.0,ഭയങ്കര
embolden,0.9,0.0,ധൈര്യമായി
reaffirmation,0.9,0.0,വീണ്ടും സ്ഥിരീകരണം
cost-saving,0.9,0.0,ചെലവ് ചുരുക്കല്
brainy,0.9,0.0,ബുദ്ധിമാനായ
unencumbered,0.9,0.0,കണക്കാക്കാത്തത്
amenity,0.9,0.0,സ .കര്യം
valor,0.9,0.0,മൂല്യം
convience,0.9,0.0,ആത്മവിശ്വാസം
err-free,0.9,0.0,പിശക് രഹിതം
hotcake,0.9,0.0,ചൂടുള്ള കേക്ക്
delighted,0.9,0.0,സന്തോഷവതി
prestigious,0.9,0.0,അഭിമാനകരമായ
amazingly,0.9,0.0,അത്ഭുതകരമായി
encourage,0.9,0.0,പ്രോത്സാഹിപ്പിക്കുന്നു
liked,0.9,0.0,ഇഷ്‌ടപ്പെട്ടു
correct,0.9,0.0,ശരിയാണ്
outdo,0.9,0.0,മറികടക്കുക
helped,0.9,0.0,സഹായിച്ചു
accolade,0.9,0.0,അംഗീകാരം
invulnerable,0.9,0.0,അവഗണിക്കാനാവാത്ത
defeating,0.9,0.0,പരാജയപ്പെടുത്തുന്നു
gems,0.9,0.0,രത്നങ്ങൾ
low-priced,0.9,0.0,കുറഞ്ഞ വില
patiently,0.9,0.0,ക്ഷമയോടെ
dazzle,0.9,0.0,മിഴിവ്
enviable,0.9,0.0,അസൂയാവഹമായ
engaging,0.9,0.0,ഇടപഴകൽ
ingenuous,0.9,0.0,ചാതുര്യം
peach,0.9,0.0,പീച്ച്
gleefully,0.9,0.0,സന്തോഷത്തോടെ
supurbly,0.9,0.0,supurbly
refund,0.9,0.0,റീഫണ്ട്
lower-priced,0.9,0.0,കുറഞ്ഞ വില
patriotic,0.9,0.0,ദേശസ്നേഹി
calmness,0.9,0.0,ശാന്തത
irreplaceable,0.9,0.0,മാറ്റാനാകാത്ത
fearlessly,0.9,0.0,നിർഭയമായി
steadfastly,0.9,0.0,സ്ഥിരതയോടെ
exalting,0.9,0.0,ഉയർത്തുന്നു
trustworthiness,0.9,0.0,വിശ്വാസ്യത
accommodative,0.9,0.0,പാർപ്പിടം
unrestricted,0.9,0.0,അനിയന്ത്രിതമായ
affordably,0.9,0.0,താങ്ങാനാവുന്ന തരത്തിൽ
appeal,0.9,0.0,അപ്പീൽ
integrated,0.9,0.0,സംയോജിത
dead-on,0.9,0.0,ഡെഡ്-ഓൺ
remarkable,0.9,0.0,ശ്രദ്ധേയമാണ്
brainiest,0.9,0.0,ബുദ്ധിമാനായ
time-honored,0.9,0.0,സമയ-ബഹുമതി
savior,0.9,0.0,രക്ഷകൻ
backbone,0.9,0.0,നട്ടെല്ല്
outstandingly,0.9,0.0,ശ്രദ്ധേയമായി
amazement,0.9,0.0,വിസ്മയം
replaceable,0.9,0.0,മാറ്റിസ്ഥാപിക്കാനാകും
swankiest,0.9,0.0,സ്വാൻ‌കിയസ്റ്റ്
energy-saving,0.9,0.0,energy ർജ്ജ സംരക്ഷണം
prodigious,0.9,0.0,അതിശയകരമായ
amicably,0.9,0.0,രമ്യമായി
guarantee,0.9,0.0,ഗ്യാരണ്ടി
simplifying,0.9,0.0,ലളിതമാക്കുന്നു
supremacy,0.9,0.0,മേധാവിത്വം
softer,0.9,0.0,മൃദുവായ
honest,0.9,0.0,സത്യസന്ധൻ
covenant,0.9,0.0,ഉടമ്പടി
striking,0.9,0.0,ശ്രദ്ധേയമാണ്
sensitive,0.9,0.0,സെൻസിറ്റീവ്
attractively,0.9,0.0,ആകർഷകമായി
electrify,0.9,0.0,വൈദ്യുതീകരിക്കുക
best-performing,0.9,0.0,മികച്ച പ്രകടനം
simplify,0.9,0.0,ലളിതമാക്കുക
spellbinding,0.9,0.0,അക്ഷരപ്പിശക്
cure-all,0.9,0.0,എല്ലാം സുഖപ്പെടുത്തുക
hands-down,0.9,0.0,കൈകൾ താഴ്ത്തുക
soundly,0.9,0.0,നന്നായി
snappy,0.9,0.0,സ്നാപ്പി
exquisite,0.9,0.0,വിശിഷ്ടം
reassure,0.9,0.0,ഉറപ്പുനൽകുക
brilliances,0.9,0.0,മിഴിവുകൾ
paramount,0.9,0.0,പരമ ount ണ്ട്
dextrous,0.9,0.0,ഡെക്സ്ട്രസ്
lucidly,0.9,0.0,വ്യക്തമായി
contrasty,0.9,0.0,ദൃശ്യതീവ്രത
accomplishment,0.9,0.0,നേട്ടം
humorous,0.9,0.0,നർമ്മം
appropriate,0.9,0.0,ഉചിതമായത്
undisputably,0.9,0.0,തർക്കമില്ലാതെ
clearly,0.9,0.0,വ്യക്തമായി
admiringly,0.9,0.0,പ്രശംസനീയമായി
eventful,0.9,0.0,സംഭവബഹുലമായ
guidance,0.9,0.0,മാർഗ്ഗനിർദ്ദേശം
hallowed,0.9,0.0,വിശുദ്ധം
liberate,0.9,0.0,സ്വതന്ത്രമാക്കുക
reclaim,0.9,0.0,വീണ്ടെടുക്കുക
outperform,0.9,0.0,മികച്ച പ്രകടനം
valiant,0.9,0.0,ധീരൻ
magnanimously,0.9,0.0,ഗംഭീരമായി
upliftingly,0.9,0.0,ഉയർത്തുന്നു
heaven,0.9,0.0,സ്വർഗ്ഗം
robust,0.9,0.0,കരുത്തുറ്റ
blameless,0.9,0.0,കുറ്റമില്ലാത്ത
spellbind,0.9,0.0,അക്ഷരപ്പിശക്
meritorious,0.9,0.0,മികവ്
self-determination,0.9,0.0,സ്വയം നിർണ്ണയം
happiness,0.9,0.0,സന്തോഷം
enjoyable,0.9,0.0,രസകരമായ
subsidizes,0.9,0.0,സബ്സിഡി
nurturing,0.9,0.0,പരിപോഷണം
eminent,0.9,0.0,പ്രഗത്ഭർ
heavenly,0.9,0.0,സ്വർഗ്ഗീയ
engrossing,0.9,0.0,മുഴുകുന്നു
rich,0.9,0.0,സമ്പന്നൻ
humor,0.9,0.0,നർമ്മം
first-rate,0.9,0.0,മുൻ നിര
unselfish,0.9,0.0,നിസ്വാർത്ഥ
oasis,0.9,0.0,മരുപ്പച്ച
poised,0.9,0.0,തയ്യാറായി
kid-friendly,0.9,0.0,കുട്ടികൾക്ക് അനുകൂലമായത്
harmonize,0.9,0.0,യോജിപ്പിക്കുക
vigilant,0.9,0.0,ജാഗ്രത
outwit,0.9,0.0,w ട്ട്‌വിറ്റ്
adoringly,0.9,0.0,ആരാധനയോടെ
quieter,0.9,0.0,ശാന്തം
fondly,0.9,0.0,സ്നേഹപൂർവ്വം
instructive,0.9,0.0,പ്രബോധനപരമായ
complemented,0.9,0.0,പൂരകമായി
all-around,0.9,0.0,ചുറ്റുപാടും
hallmarks,0.9,0.0,മുഖമുദ്രകൾ
soundness,0.9,0.0,ശബ്‌ദം
dashing,0.9,0.0,ഡാഷിംഗ്
overtaken,0.9,0.0,മറികടന്നു
grace,0.9,0.0,കൃപ
advocate,0.9,0.0,അഭിഭാഷകൻ
fanfare,0.9,0.0,ആരാധകരുടെ എണ്ണം
jubilantly,0.9,0.0,സന്തോഷത്തോടെ
praising,0.9,0.0,സ്തുതിക്കുന്നു
tops,0.9,0.0,ശൈലി
succeeds,0.9,0.0,വിജയിക്കുന്നു
astonished,0.9,0.0,ആശ്ചര്യപ്പെട്ടു
danken,0.9,0.0,നന്ദി പറയാൻ
affection,0.9,0.0,വാത്സല്യം
geeky,0.9,0.0,ഭംഗിയുള്ള
hot,0.9,0.0,ചൂടുള്ള
advantageous,0.9,0.0,പ്രയോജനകരമാണ്
improve,0.9,0.0,മെച്ചപ്പെടുത്തുക
sweetheart,0.9,0.0,പ്രണയിനി
eloquence,0.9,0.0,വാചാലത
audibly,0.9,0.0,ശ്രവിക്കാൻ
charmingly,0.9,0.0,ആകർഷകമായി
incredibly,0.9,0.0,അവിശ്വസനീയമാംവിധം
solicitous,0.9,0.0,അഭ്യർത്ഥന
well-made,0.9,0.0,നല്ല നിര്മിതി
logical,0.9,0.0,ലോജിക്കൽ
zeal,0.9,0.0,ശുഷ്കാന്തി
thoughtfully,0.9,0.0,ചിന്താപൂർവ്വം
solid,0.9,0.0,സോളിഡ്
deference,0.9,0.0,ബഹുമാനം
intuitive,0.9,0.0,അവബോധജന്യമാണ്
punctual,0.9,0.0,സമയനിഷ്ഠ
hallmark,0.9,0.0,മുഖമുദ്ര
redeeming,0.9,0.0,വീണ്ടെടുക്കുന്നു
safe,0.9,0.0,സുരക്ഷിതം
excallent,0.9,0.0,വിശിഷ്ടം
fortune,0.9,0.0,ഭാഗ്യം
grin,0.9,0.0,ചിരി
awesomeness,0.9,0.0,ആകർഷണീയത
succeeded,0.9,0.0,വിജയിച്ചിരിക്കുന്നു
beckons,0.9,0.0,വിളിക്കുന്നു
pamperedly,0.9,0.0,ഓർമിക്കുക
appreciative,0.9,0.0,അഭിനന്ദനം
thrilled,0.9,0.0,പുളകിതനായി
loyal,0.9,0.0,വിശ്വസ്തൻ
adventurous,0.9,0.0,സാഹസികം
booming,0.9,0.0,കുതിച്ചുയരുന്നു
renown,0.9,0.0,പ്രശസ്തി
dote,0.9,0.0,സ്ത്രീധനം
reformed,0.9,0.0,പരിഷ്കരിച്ചു
excellently,0.9,0.0,മികച്ച രീതിയിൽ
fresh,0.9,0.0,പുതിയത്
exceedingly,0.9,0.0,വളരെയധികം
undisputable,0.9,0.0,തർക്കമില്ലാത്ത
distinctive,0.9,0.0,വ്യതിരിക്തമായ
hale,0.9,0.0,hale
gloriously,0.9,0.0,മഹത്വത്തോടെ
elan,0.9,0.0,അറിയിപ്പ്
stylized,0.9,0.0,സ്റ്റൈലൈസ്ഡ്
sweeten,0.9,0.0,മധുരമാക്കുക
alluring,0.9,0.0,ആകർഷകമായ
fecilitous,0.9,0.0,മലിനമായ
overtaking,0.9,0.0,മറികടക്കുന്നു
saver,0.9,0.0,സേവർ
ftw,0.9,0.0,ftw
laudable,0.9,0.0,പ്രശംസനീയമാണ്
euphoric,0.9,0.0,ആഹ്ളാദം
impartially,0.9,0.0,നിഷ്പക്ഷമായി
lifesaver,0.9,0.0,ജീവരക്ഷകൻ
simplest,0.9,0.0,ഏറ്റവും ലളിതം
excellency,0.9,0.0,മികവ്
agility,0.9,0.0,ചാപല്യം
blessing,0.9,0.0,അനുഗ്രഹം
winnable,0.9,0.0,വിജയിക്കാൻ
fair,0.9,0.0,ന്യായമായ
monumentally,0.9,0.0,സ്മാരകമായി
felicity,0.9,0.0,ആശംസകൾ
hottest,0.9,0.0,ഏറ്റവും ചൂടേറിയത്
courtly,0.9,0.0,കോടതിയിൽ
headway,0.9,0.0,മുന്നോട്ട്
bonuses,0.9,0.0,ബോണസ്
best-known,0.9,0.0,ഏറ്റവും അറിയപ്പെടുന്ന
significant,0.9,0.0,ശ്രദ്ധേയമായത്
smoothes,0.9,0.0,സുഗമമാക്കുന്നു
prettily,0.9,0.0,മനോഹരമായി
affinity,0.9,0.0,അടുപ്പം
meaningful,0.9,0.0,അർത്ഥവത്തായ
prosperous,0.9,0.0,സമൃദ്ധമായ
ambitiously,0.9,0.0,അഭിലാഷത്തോടെ
versatility,0.9,0.0,വൈദഗ്ദ്ധ്യം
lawfully,0.9,0.0,നിയമപരമായി
resourceful,0.9,0.0,വിഭവസമൃദ്ധമായ
endearing,0.9,0.0,പ്രിയങ്കരമായ
felicitate,0.9,0.0,നല്ലതുവരട്ടെ
heartily,0.9,0.0,ഹൃദയപൂർവ്വം
admire,0.9,0.0,അഭിനന്ദിക്കുക
suffices,0.9,0.0,മതി
aspirations,0.9,0.0,അഭിലാഷങ്ങൾ
infallibility,0.9,0.0,തെറ്റിദ്ധാരണ
surpass,0.9,0.0,മറികടക്കുക
delicious,0.9,0.0,രുചികരമായ
complimentary,0.9,0.0,അഭിനന്ദനം
novelty,0.9,0.0,പുതുമ
coherence,0.9,0.0,പരസ്പരബന്ധം
subsidized,0.9,0.0,സബ്സിഡി
surreal,0.9,0.0,സർറിയൽ
spiritual,0.9,0.0,ആത്മീയം
grandeur,0.9,0.0,മഹത്വം
improving,0.9,0.0,മെച്ചപ്പെടുത്തുന്നു
goodness,0.9,0.0,നന്മ
bonus,0.9,0.0,ബോണസ്
amusing,0.9,0.0,രസകരമാണ്
confident,0.9,0.0,ആത്മവിശ്വാസത്തോടെ
felicitous,0.9,0.0,ആശംസകൾ
compactly,0.9,0.0,ചുരുക്കത്തിൽ
trivially,0.9,0.0,തുച്ഛമായി
achievable,0.9,0.0,നേടാവുന്ന
merrily,0.9,0.0,സന്തോഷത്തോടെ
exhilarating,0.9,0.0,സന്തോഷകരമായ
thrills,0.9,0.0,ത്രില്ലുകൾ
tidy,0.9,0.0,വൃത്തിയും വെടിപ്പും
jubiliant,0.9,0.0,ജൂബിലി
sensibly,0.9,0.0,വിവേകപൂർവ്വം
restructure,0.9,0.0,പുന ructure സംഘടന
miraculous,0.9,0.0,അത്ഭുതം
glee,0.9,0.0,സന്തോഷം
whoa,0.9,0.0,ശ്ശോ
superb,0.9,0.0,മികച്ചത്
obsession,0.9,0.0,ആസക്തി
joyfully,0.9,0.0,സന്തോഷത്തോടെ
undisputed,0.9,0.0,തർക്കമില്ലാത്തത്
comely,0.9,0.0,ഭംഗിയുള്ള
gorgeous,0.9,0.0,ശുഭ്രവസ്ത്രം
luckier,0.9,0.0,ഭാഗ്യവാൻ
worth,0.9,0.0,വിലമതിക്കുന്നു
beneficially,0.9,0.0,പ്രയോജനകരമായി
user-replaceable,0.9,0.0,ഉപയോക്താവ് മാറ്റിസ്ഥാപിക്കാനാകും
decent,0.9,0.0,മാന്യൻ
blissfully,0.9,0.0,ആനന്ദത്തോടെ
salutary,0.9,0.0,സല്യൂട്ടറി
commodious,0.9,0.0,ചരക്ക്
stable,0.9,0.0,സ്ഥിരതയുള്ള
scenic,0.9,0.0,മനോഹരമായ
unassailable,0.9,0.0,അനുവദനീയമല്ല
holy,0.9,0.0,വിശുദ്ധം
invincibility,0.9,0.0,അജയ്യത
enchant,0.9,0.0,മോഹിപ്പിക്കുക
appealing,0.9,0.0,ആകർഷകമാണ്
resolute,0.9,0.0,ദൃ ute നിശ്ചയം
titillatingly,0.9,0.0,ശീർഷകപരമായി
excellence,0.9,0.0,മികവ്
perfect,0.9,0.0,തികഞ്ഞത്
revolutionized,0.9,0.0,വിപ്ലവകരമായ
exalted,0.9,0.0,ഉയർത്തപ്പെട്ടു
loves,0.9,0.0,സ്നേഹിക്കുന്നു
accolades,0.9,0.0,അംഗീകാരങ്ങൾ
delectable,0.9,0.0,മാന്യമായ
wowed,0.9,0.0,കൊള്ളാം
