Term,PosScore,NegScore,Gujarati
direct,0.75,0.0,સીધા
adoptable,0.75,0.0,સ્વીકાર્ય
due,0.75,0.0,કારણે
ravishing,0.75,0.0,અસ્પષ્ટ
benefic,0.75,0.0,લાભકારક
unsurpassable,1.0,0.0,અસહ્ય
thorough,0.75,0.0,સંપૂર્ણ
cautious,0.75,0.0,સાવધ
competent,0.75,0.0,સક્ષમ
workmanlike,0.75,0.0,કામદાર
competent,0.75,0.0,સક્ષમ
full-blown,0.75,0.0,સંપૂર્ણ વિકસિત
conspicuous,0.75,0.0,સુસ્પષ્ટ
differentiable,0.75,0.0,તફાવતયોગ્ય
constant,0.75,0.125,સતત
incorrupt,0.75,0.25,અવ્યવસ્થિત
corn-fed,0.75,0.0,મકાઈવાળા
decorous,0.75,0.0,સુશોભન
definite,0.75,0.0,ચોક્કસ
importunate,0.75,0.125,ઇમ્પોન્યુટ
plummy,0.75,0.0,પ્લમ્મી
discerning,0.875,0.0,સમજદાર
incisive,0.75,0.0,કર્કશ
metal-cutting,0.75,0.0,મેટલ કટીંગ
bounden,0.875,0.0,બાઉન્ડ
disenchanted,0.875,0.0,છિન્નભિન્ન
exportable,0.75,0.0,નિકાસયોગ્ય
enlightened,0.75,0.0,પ્રબુદ્ધ
estimable,1.0,0.0,અનુમાનિત
exchangeable,0.75,0.0,વિનિમયક્ષમ
expendable,0.75,0.0,ખર્ચ કરવા યોગ્ય
extricable,0.75,0.0,કાricી શકાય તેવું
fit,0.75,0.0,ફિટ
pleasant-smelling,0.75,0.0,સુખદ ગંધ
goodish,0.75,0.0,goodish
goody-goody,0.875,0.0,ગુડી-ગુડી
white,0.75,0.0,સફેદ
good-natured,0.75,0.0,સ્વભાવનું
gainly,0.875,0.0,લાભદાયક
bouncing,0.75,0.0,ncingછળવું
firm,0.875,0.0,પે firmી
hearty,0.75,0.0,હાર્દિક
well-preserved,0.75,0.0,સારી રીતે સાચવેલ
laureate,0.75,0.0,વિજેતા
droll,0.75,0.0,drol
measurable,0.75,0.0,માપી શકાય તેવું
intellectual,0.875,0.0,બૌદ્ધિક
inviting,0.75,0.0,આમંત્રિત
gladsome,0.75,0.0,આનંદકારક
singable,0.75,0.0,ગાવા યોગ્ય
moralistic,0.75,0.125,નૈતિકવાદી
incorrupt,0.75,0.25,અવ્યવસ્થિત
licit,0.75,0.0,બોલી
incumbent,0.875,0.0,ઉપસ્થિત
unimpassioned,0.75,0.0,બેફામ
finished,0.75,0.0,સમાપ્ત
microscopic,0.75,0.0,માઇક્રોસ્કોપિક
halal,0.75,0.0,કાયદેસર
kosher,0.75,0.0,કોશેર
disarming,0.75,0.125,નિ: શસ્ત્ર
white,0.75,0.125,સફેદ
ladylike,0.75,0.0,મહિલા જેવા
unprintable,0.75,0.25,છાપેલું
diffident,0.875,0.0,ભિન્ન
answerable,0.875,0.0,જવાબદાર
emancipative,0.75,0.125,મુક્તિ
danceable,0.75,0.0,નૃત્યકારક
opposite,0.75,0.125,વિરુદ્ધ
antiseptic,0.75,0.25,એન્ટિસેપ્ટિક
shapely,0.75,0.0,સુક્ષ્મ
well-proportioned,0.75,0.0,પ્રમાણસર
sound,0.75,0.0,અવાજ
straightarrow,0.875,0.125,સીધા
upper,0.75,0.0,ઉપલા
banner,0.875,0.0,બેનર
gilt-edged,0.75,0.0,ગિલ્ટ ધાર
premium,0.75,0.0,પ્રીમિયમ
shining,0.75,0.0,ઝળહળતો
spiffing,0.875,0.0,સ્ફિફિંગ
choice,0.75,0.125,પસંદગી
serviceable,0.75,0.0,સેવાયોગ્ય
sacred,0.75,0.0,પવિત્ર
constitutional,0.75,0.0,બંધારણીય
deliverable,0.75,0.0,પહોંચાડવા યોગ્ય
ducal,0.75,0.0,ડ્યુકલ
masterstroke,0.75,0.0,માસ્ટરસ્ટ્રોક
pleasantry,0.75,0.0,સુખદ
indignity,0.75,0.0,ગુસ્સો
props,0.875,0.0,પ્રોપ્સ
titillation,0.75,0.0,ટાઇટિલેશન
beatification,0.75,0.0,બીટિફિકેશન
rambouillet,0.75,0.0,રેમ્બાઇલેટ
character,0.875,0.0,પાત્ર
drama,0.75,0.0,નાટક
chirpiness,0.75,0.0,ચપળતા
vivacity,0.75,0.25,જીવંતતા
mettlesomeness,0.75,0.0,ચતુરતા
bluffness,0.875,0.0,બ્લફનેસ
picturesqueness,0.875,0.0,મનોહરતા
pleasingness,0.75,0.0,ખુશી
attractiveness,0.75,0.0,આકર્ષણ
innateness,0.75,0.25,જન્મજાતતા
totality,0.75,0.0,સંપૂર્ણતા
looseness,0.75,0.25,looseીલાપણું
wholesomeness,0.875,0.0,તંદુરસ્ત
healthfulness,0.875,0.0,સ્વસ્થતા
trueness,0.75,0.0,સત્યતા
tastefulness,0.875,0.0,સ્વાદિષ્ટતા
urbanity,0.875,0.0,શહેરીતા
conscientiousness,0.75,0.0,સદ્ભાવના
safeness,0.75,0.25,સલામતતા
scrupulousness,0.75,0.0,બેભાન
integrity,0.875,0.125,અખંડિતતા
probity,0.75,0.0,સંભાવના
artfulness,0.75,0.0,કલાત્મકતા
dedication,0.875,0.0,સમર્પણ
urbanity,0.875,0.0,શહેરીતા
crispness,0.875,0.0,ચપળતા
extremeness,0.75,0.25,તીવ્રતા
reasonableness,0.75,0.0,વ્યાજબીતા
affirmativeness,0.75,0.0,સમર્થન
importance,0.75,0.125,મહત્વ
account,0.875,0.125,ખાતું
meaningfulness,0.75,0.125,અર્થપૂર્ણતા
shrillness,0.75,0.25,તીવ્રતા
eye,0.75,0.0,આંખ
logic,0.75,0.0,તર્ક
judiciousness,0.875,0.0,ન્યાય
ear,0.75,0.0,કાન
balletomania,0.75,0.0,બેલેટોમેનિયા
mastering,0.75,0.0,નિપુણતા
principle,0.75,0.0,સિદ્ધાંત
hedonism,0.75,0.0,હેડોનિઝમ
courtesy,0.75,0.0,સૌજન્ય
topper,0.75,0.0,ટોપર
divination,0.875,0.0,ભવિષ્યકથન
moralism,0.75,0.125,નૈતિકતા
bonheur,0.875,0.0,સુખ
beneficence,0.75,0.0,લાભ
criollo,0.75,0.0,ક્રેઓલ
amoralist,0.75,0.0,રાજ્યવાદી
brick,0.75,0.0,ઈંટ
first-rater,1.0,0.0,પ્રથમ રેટર
out-and-outer,0.75,0.0,બહાર અને બાહ્ય
pleaser,0.75,0.0,ખુશ
possible,0.75,0.0,શક્ય
serendipity,0.75,0.125,serendipity
antithesis,0.75,0.0,વિરોધાભાસ
contrary,0.75,0.0,વિપરીત
algidity,0.75,0.25,એલજીડીટી
pathology,0.75,0.125,રોગવિજ્ .ાન
character,0.875,0.0,પાત્ર
fettle,0.75,0.0,ગર્ભસ્થ
time,0.75,0.0,સમય
simply,0.75,0.0,ખાલી
downright,0.75,0.0,સીધા
recuperate,0.75,0.0,સ્વસ્થ થવું
redound,0.75,0.0,ગોળાકાર
enervate,0.75,0.0,ઉત્તેજિત કરવું
delouse,0.75,0.0,આનંદ
think,0.75,0.0,વિચારો
receive,0.75,0.0,પ્રાપ્ત કરો
consider,0.75,0.0,ધ્યાનમાં લો
give,0.75,0.125,આપો
filigree,0.875,0.0,ફીલીગરી
stultify,0.75,0.125,stultsfy
see,0.75,0.0,જુઓ
vest,0.875,0.0,વેસ્ટ
agree,0.875,0.0,સંમત
suit,0.875,0.0,દાવો
belong,0.75,0.0,સંબંધિત
make,0.875,0.0,બનાવો
sensation,0.9,0.0,સંવેદના
thriving,0.9,0.0,સમૃદ્ધ
marvels,0.9,0.0,અજાયબી
vibrant,0.9,0.0,જીવંત
fragrant,0.9,0.0,સુગંધિત
enthusiast,0.9,0.0,ઉત્સાહી
successfully,0.9,0.0,સફળતાપૂર્વક
gifted,0.9,0.0,હોશિયાર
unequivocal,0.9,0.0,અસ્પષ્ટ
readily,0.9,0.0,સહેલાઇથી
solicitously,0.9,0.0,એકાંતે
enchantingly,0.9,0.0,મોહક રીતે
gold,0.9,0.0,સોનું
comforting,0.9,0.0,દિલાસો આપે છે
portable,0.9,0.0,પોર્ટેબલ
sensations,0.9,0.0,સંવેદના
truthful,0.9,0.0,સત્યવાદી
notably,0.9,0.0,નોંધનીય
bonny,0.9,0.0,બોની
adulate,0.9,0.0,સ્વીકારવું
jolly,0.9,0.0,આનંદી
supurb,0.9,0.0,supurb
aspiration,0.9,0.0,મહાપ્રાણ
venerate,0.9,0.0,પૂજવું
liking,0.9,0.0,રુચિ પણ ધ્યાનપાત્ર
sweeping,0.9,0.0,સફાઈ
flexible,0.9,0.0,લવચીક
liberty,0.9,0.0,સ્વાતંત્ર્ય
refresh,0.9,0.0,તાજું કરો
vivacious,0.9,0.0,જીવંત
gem,0.9,0.0,મણિ
impress,0.9,0.0,પ્રભાવિત કરો
trumpet,0.9,0.0,ટ્રમ્પેટ
entrust,0.9,0.0,સોંપવું
catchy,0.9,0.0,આકર્ષક
talents,0.9,0.0,પ્રતિભા
retractable,0.9,0.0,પાછો ખેંચી શકાય તેવું
passionate,0.9,0.0,ઉત્સાહી
triumph,0.9,0.0,વિજય
afordable,0.9,0.0,ત્યજી શકાય તેવું
congratulations,0.9,0.0,અભિનંદન
bargain,0.9,0.0,સોદો
glad,0.9,0.0,પ્રસન્ન
rejuvenated,0.9,0.0,કાયાકલ્પ
top,0.9,0.0,ટોચ
gladden,0.9,0.0,ગ્લેડન
energize,0.9,0.0,ઉત્સાહિત કરવું
humane,0.9,0.0,માનવીય
swank,0.9,0.0,swank
insightfully,0.9,0.0,સમજદારીપૂર્વક
courageousness,0.9,0.0,હિંમત
fancinating,0.9,0.0,કાલ્પનિક
maturity,0.9,0.0,પરિપક્વતા
energy-efficient,0.9,0.0,energyર્જા-કાર્યક્ષમ
calm,0.9,0.0,શાંત
desirable,0.9,0.0,ઇચ્છનીય
poeticize,0.9,0.0,કાવ્યાત્મક
easiest,0.9,0.0,સૌથી સરળ
low-price,0.9,0.0,ઓછી કિંમત
striving,0.9,0.0,પ્રયાસશીલ
advantage,0.9,0.0,ફાયદો
cheerful,0.9,0.0,ખુશખુશાલ
ample,0.9,0.0,પૂરતું
steady,0.9,0.0,સ્થિર
effortless,0.9,0.0,સહેલું
innovation,0.9,0.0,નવીનતા
fine-looking,0.9,0.0,સુંદર દેખાવું
wonders,0.9,0.0,અજાયબીઓ
cashback,0.9,0.0,પાછા આવેલા પૈસા
quicker,0.9,0.0,ઝડપી
gleeful,0.9,0.0,આનંદકારક
expertly,0.9,0.0,કુશળતાથી
divine,0.9,0.0,દૈવી
miraculously,0.9,0.0,ચમત્કારિક રીતે
daring,0.9,0.0,હિંમતવાન
pepped,0.9,0.0,peped
cooperatively,0.9,0.0,સહકારથી
gainful,0.9,0.0,લાભકારક
rewarding,0.9,0.0,લાભદાયી
magnificently,0.9,0.0,ભવ્ય રીતે
captivate,0.9,0.0,મોહિત કરવું
exceeding,0.9,0.0,ઓળંગી
ready,0.9,0.0,તૈયાર છે
invaluablely,0.9,0.0,અમૂલ્ય
modesty,0.9,0.0,નમ્રતા
innovative,0.9,0.0,નવીન
rapturous,0.9,0.0,અસ્પષ્ટ
soulful,0.9,0.0,આત્મીય
hard-working,0.9,0.0,ખુબ મહેનતું
understandable,0.9,0.0,સમજી શકાય તેવું
resourcefulness,0.9,0.0,કોઠાસૂઝ
illumine,0.9,0.0,પ્રકાશિત
trusty,0.9,0.0,વિશ્વાસુ
patriot,0.9,0.0,દેશભક્ત
amply,0.9,0.0,પૂરતો
appreciate,0.9,0.0,કદર
large-capacity,0.9,0.0,મોટી ક્ષમતા
ardent,0.9,0.0,પ્રખર
inspiration,0.9,0.0,પ્રેરણા
topnotch,0.9,0.0,ટોપનોચ
fluent,0.9,0.0,અસ્ખલિત
well-balanced,0.9,0.0,સારી રીતે સંતુલિત
clear-cut,0.9,0.0,સ્પષ્ટ કટ
lovely,0.9,0.0,મનોરમ
frugal,0.9,0.0,ફ્રુગલ
affirm,0.9,0.0,ખાતરી
idealize,0.9,0.0,આદર્શ બનાવો
great,0.9,0.0,મહાન
profoundly,0.9,0.0,ગહન
gumption,0.9,0.0,ગમપન
elation,0.9,0.0,ઇલેશન
stability,0.9,0.0,સ્થિરતા
spellbound,0.9,0.0,જોડણી
obsessions,0.9,0.0,મનોગ્રસ્તિઓ
applaud,0.9,0.0,વધાવવું
willing,0.9,0.0,તૈયાર
well-bred,0.9,0.0,સારી સંવર્ધન
cleanly,0.9,0.0,સ્વચ્છ
graciousness,0.9,0.0,દયા
constructive,0.9,0.0,રચનાત્મક
pampers,0.9,0.0,લાડ લડાવવા
hotcakes,0.9,0.0,હોટકેક
realistic,0.9,0.0,વાસ્તવિક
nicely,0.9,0.0,સરસ રીતે
unbiased,0.9,0.0,પક્ષપાતી
virtuously,0.9,0.0,સદ્ગુણપણે
free,0.9,0.0,મફત
fairly,0.9,0.0,એકદમ
cushy,0.9,0.0,કુશળ
grand,0.9,0.0,.ંચું
admirer,0.9,0.0,પ્રશંસક
peaceable,0.9,0.0,શાંતિપૂર્ણ
laud,0.9,0.0,ટેબલ
renewed,0.9,0.0,નવીકરણ
inspire,0.9,0.0,પ્રેરણા
buoyant,0.9,0.0,આનંદકારક
humility,0.9,0.0,નમ્રતા
stabilize,0.9,0.0,સ્થિર
hopeful,0.9,0.0,આશાવાદી
staunchness,0.9,0.0,કટ્ટરતા
tenderly,0.9,0.0,કોમળતાથી
amiabily,0.9,0.0,અમીબિલી
liberation,0.9,0.0,મુક્તિ
loveliness,0.9,0.0,પ્રેમ
stunned,0.9,0.0,સ્તબ્ધ
seamless,0.9,0.0,સીમલેસ
supremely,0.9,0.0,સર્વોત્તમ
capable,0.9,0.0,સક્ષમ
firmer,0.9,0.0,મક્કમ
overture,0.9,0.0,આગળ નીકળી જવું
chivalrous,0.9,0.0,શૂરવીર
ingeniously,0.9,0.0,બુદ્ધિશાળી
freedom,0.9,0.0,સ્વતંત્રતા
well-positioned,0.9,0.0,સારી સ્થિતિમાં છે
balanced,0.9,0.0,સંતુલિત
refunded,0.9,0.0,પરત કર્યું
triumphal,0.9,0.0,વિજયી
angelic,0.9,0.0,દેવદૂત
matchless,0.9,0.0,અનુપમ
tenacious,0.9,0.0,કઠોર
successful,0.9,0.0,સફળ
powerfully,0.9,0.0,શક્તિશાળી
uplifting,0.9,0.0,ઉત્થાન
dynamic,0.9,0.0,ગતિશીલ
thankful,0.9,0.0,આભારી
cuteness,0.9,0.0,ક્યુટનેસ
champ,0.9,0.0,ક્ષેત્ર
intriguingly,0.9,0.0,ષડયંત્રથી
sufficiently,0.9,0.0,પૂરતા પ્રમાણમાં
pepping,0.9,0.0,પીપિંગ
god-send,0.9,0.0,ભગવાન મોકલો
mature,0.9,0.0,પરિપક્વ
top-quality,0.9,0.0,ઉંચી ગુણવત્તા
efficient,0.9,0.0,કાર્યક્ષમ
easy-to-use,0.9,0.0,ઉપયોગમાં સરળ
peppy,0.9,0.0,પપી
idol,0.9,0.0,મૂર્તિ
elegantly,0.9,0.0,સુંદર રીતે
glorious,0.9,0.0,તેજસ્વી
insightful,0.9,0.0,સમજદાર
economical,0.9,0.0,આર્થિક
reassurance,0.9,0.0,ખાતરી
premier,0.9,0.0,પ્રથમ
redeem,0.9,0.0,રિડીમ કરો
pain-free,0.9,0.0,પીડા મુક્ત
supporter,0.9,0.0,સમર્થક
rejoicingly,0.9,0.0,આનંદથી
dawn,0.9,0.0,પરો.
gutsy,0.9,0.0,હિંમતવાન
terrifically,0.9,0.0,ભયાનક રીતે
imaculate,0.9,0.0,કલ્પના
appreciated,0.9,0.0,પ્રશંસા
strongest,0.9,0.0,સૌથી મજબૂત
accomplish,0.9,0.0,પરિપૂર્ણ
stimulate,0.9,0.0,ઉત્તેજીત
distinguished,0.9,0.0,પ્રતિષ્ઠિત
joy,0.9,0.0,આનંદ
enjoyed,0.9,0.0,આનંદ
elate,0.9,0.0,આનંદ
benefit,0.9,0.0,લાભ
openness,0.9,0.0,નિખાલસતા
achievement,0.9,0.0,સિદ્ધિ
honorable,0.9,0.0,માનનીય
salute,0.9,0.0,આરોગ્ય
genuine,0.9,0.0,અસલી
unbound,0.9,0.0,અનબાઉન્ડ
convienient,0.9,0.0,અનુકુળ
enlighten,0.9,0.0,જ્lાન આપવું
dumbfounding,0.9,0.0,મૂર્ખામી
unabashed,0.9,0.0,અનબશેડ
rapturously,0.9,0.0,અત્યાનંદ
steadiness,0.9,0.0,સ્થિરતા
sensationally,0.9,0.0,સનસનાટીભર્યા
clearer,0.9,0.0,સ્પષ્ટ
selective,0.9,0.0,પસંદગીયુક્ત
affirmative,0.9,0.0,હકારાત્મક
dirt-cheap,0.9,0.0,ગંદકી-સસ્તી
trust,0.9,0.0,વિશ્વાસ
enthusiasm,0.9,0.0,ઉત્સાહ
undaunted,0.9,0.0,શંકાસ્પદ
courageously,0.9,0.0,હિંમતથી
useful,0.9,0.0,ઉપયોગી
adequate,0.9,0.0,પર્યાપ્ત
jubilation,0.9,0.0,ઉમંગ
admirably,0.9,0.0,પ્રશંસાપૂર્વક
phenomenally,0.9,0.0,અસાધારણ રીતે
decisiveness,0.9,0.0,નિર્ણાયકતા
cozy,0.9,0.0,હૂંફાળું
compassion,0.9,0.0,કરુણા
handier,0.9,0.0,હેન્ડિયર
clears,0.9,0.0,સાફ કરે છે
convincingly,0.9,0.0,ખાતરીપૂર્વક
preferring,0.9,0.0,પસંદ કરે છે
sagely,0.9,0.0,ageષિએ
viewable,0.9,0.0,જોઈ શકાય તેવું
awesome,0.9,0.0,અદ્ભુત
abounds,0.9,0.0,પુષ્કળ
keenness,0.9,0.0,આતુરતા
awards,0.9,0.0,એવોર્ડ
supportive,0.9,0.0,સહાયક
fine,0.9,0.0,સરસ
pamperedness,0.9,0.0,લાડ લડાવવા
unrivaled,0.9,0.0,અજોડ
best-selling,0.9,0.0,શ્રેષ્ઠ વેચાણ
hearten,0.9,0.0,દિલથી
sturdier,0.9,0.0,sturdier
advantages,0.9,0.0,ફાયદા
panoramic,0.9,0.0,મનોહર
enhanced,0.9,0.0,ઉન્નત
eulogize,0.9,0.0,ગમવું
lighter,0.9,0.0,હળવા
won,0.9,0.0,જીત્યો
comprehensive,0.9,0.0,વ્યાપક
revival,0.9,0.0,પુનરુત્થાન
skilled,0.9,0.0,કુશળ
enticing,0.9,0.0,મોહક
tenacity,0.9,0.0,સખ્તાઇ
supporting,0.9,0.0,સહાયક
greatest,0.9,0.0,મહાન
fabulously,0.9,0.0,કલ્પિતપણે
altruistic,0.9,0.0,પરોપકાર
enticingly,0.9,0.0,લુચ્ચાઈથી
silent,0.9,0.0,મૌન
pleasant,0.9,0.0,સુખદ
fondness,0.9,0.0,શોખ
upgradeable,0.9,0.0,અપગ્રેડેબલ
phenomenal,0.9,0.0,અસાધારણ
fans,0.9,0.0,ચાહકો
state-of-the-art,0.9,0.0,અદ્યતન રાજ્ય
noble,0.9,0.0,ઉમદા
fast-growing,0.9,0.0,ઝડપી વિકસિત
serene,0.9,0.0,શાંત
handsomely,0.9,0.0,ઉદારતાથી
nourish,0.9,0.0,પોષવું
usable,0.9,0.0,ઉપયોગી
spotless,0.9,0.0,નિષ્કલંક
bless,0.9,0.0,આશીર્વાદ
exemplar,0.9,0.0,અનુકરણીય
poignant,0.9,0.0,દ્વેષી
ambitious,0.9,0.0,મહત્વાકાંક્ષી
worked,0.9,0.0,કામ કર્યું
proud,0.9,0.0,ગર્વ
enrich,0.9,0.0,સમૃદ્ધ બનાવો
kindness,0.9,0.0,દયા
warmth,0.9,0.0,હૂંફ
excitement,0.9,0.0,ઉત્તેજના
sweetly,0.9,0.0,મીઠાશથી
blithe,0.9,0.0,બ્લીથ
contribution,0.9,0.0,ફાળો
rejuvenating,0.9,0.0,કાયાકલ્પ
intimacy,0.9,0.0,આત્મીયતા
effectively,0.9,0.0,અસરકારક રીતે
wholesome,0.9,0.0,તંદુરસ્ત
approve,0.9,0.0,મંજૂર
truthfulness,0.9,0.0,સત્યવાદ
handily,0.9,0.0,હાથથી
staunchly,0.9,0.0,કડક
prominence,0.9,0.0,પ્રાધાન્ય
merciful,0.9,0.0,દયાળુ
stirringly,0.9,0.0,હલાવીને
outdone,0.9,0.0,આઉટડોન
overtake,0.9,0.0,આગળ નીકળી જવું
unbeatable,0.9,0.0,અજેય
sufficient,0.9,0.0,પુરતું
ardently,0.9,0.0,ઉત્સાહથી
classic,0.9,0.0,ઉત્તમ
civility,0.9,0.0,નાગરિકતા
ingenuity,0.9,0.0,ચાતુર્ય
masterpiece,0.9,0.0,માસ્ટરપીસ
fidelity,0.9,0.0,વફાદારી
reliable,0.9,0.0,વિશ્વસનીય
charisma,0.9,0.0,કરિશ્મા
readable,0.9,0.0,વાંચી શકાય તેવું
compatible,0.9,0.0,સુસંગત
fulfillment,0.9,0.0,પરિપૂર્ણતા
skillfully,0.9,0.0,કુશળતાથી
tingle,0.9,0.0,કળતર
excel,0.9,0.0,એક્સેલ
enviously,0.9,0.0,ઈર્ષ્યાથી
swanky,0.9,0.0,swanky
celebration,0.9,0.0,ઉજવણી
progress,0.9,0.0,પ્રગતિ
empowerment,0.9,0.0,સશક્તિકરણ
tranquility,0.9,0.0,સુલેહ - શાંતિ
led,0.9,0.0,એલ.ઈ. ડી
achievible,0.9,0.0,પ્રાપ્ય
bright,0.9,0.0,તેજસ્વી
appreciatively,0.9,0.0,કદરકારક રીતે
inspirational,0.9,0.0,પ્રેરણાત્મક
accessible,0.9,0.0,સુલભ
lionhearted,0.9,0.0,સિંહણવાળું
refreshing,0.9,0.0,પ્રેરણાદાયક
splendidly,0.9,0.0,ભવ્ય રીતે
marvelous,0.9,0.0,શાનદાર
illustrious,0.9,0.0,પ્રખ્યાત
revives,0.9,0.0,ફરી
originality,0.9,0.0,મૌલિકતા
gratification,0.9,0.0,પ્રસન્નતા
motivated,0.9,0.0,પ્રેરિત
playfully,0.9,0.0,રમતથી
awe,0.9,0.0,ધાક
overtakes,0.9,0.0,આગળ નીકળી
eloquent,0.9,0.0,છટાદાર
proficient,0.9,0.0,નિપુણ
cheapest,0.9,0.0,સસ્તી
intelligible,0.9,0.0,બુદ્ધિગમ્ય
luxuriant,0.9,0.0,વૈભવી
adaptable,0.9,0.0,સ્વીકાર્ય
enraptured,0.9,0.0,enraptured
luckiest,0.9,0.0,નસીબદાર
healthy,0.9,0.0,તંદુરસ્ત
luster,0.9,0.0,ચમક
brotherly,0.9,0.0,ભાઈચારો
compliment,0.9,0.0,ખુશામત
leading,0.9,0.0,અગ્રણી
fortunately,0.9,0.0,સદભાગ્યે
resplendent,0.9,0.0,તેજસ્વી
obtainable,0.9,0.0,પ્રાપ્ય
inventive,0.9,0.0,સંશોધનાત્મક
ardor,0.9,0.0,બર્નિંગ
propitiously,0.9,0.0,પ્રોત્સાહક રીતે
cost-effective,0.9,0.0,અસરકારક ખર્ચ
charismatic,0.9,0.0,પ્રભાવશાળી
merit,0.9,0.0,યોગ્યતા
gusto,0.9,0.0,ગુસ્સો
stimulates,0.9,0.0,ઉત્તેજીત કરે છે
coherent,0.9,0.0,સુસંગત
providence,0.9,0.0,પ્રોવિડન્સ
exaltedly,0.9,0.0,ઉત્તમ રીતે
neatly,0.9,0.0,સરસ રીતે
affordable,0.9,0.0,પોસાય
effectiveness,0.9,0.0,અસરકારકતા
monumental,0.9,0.0,સ્મારક
pleased,0.9,0.0,ખુશ
righteousness,0.9,0.0,પ્રામાણિકતા
miracle,0.9,0.0,ચમત્કાર
respectable,0.9,0.0,આદરણીય
upbeat,0.9,0.0,ઉત્સાહિત
winner,0.9,0.0,વિજેતા
laudably,0.9,0.0,પ્રશંસાપૂર્વક
luckiness,0.9,0.0,નસીબ
assurance,0.9,0.0,વીમા
prestige,0.9,0.0,પ્રતિષ્ઠા
qualified,0.9,0.0,લાયક
fruitful,0.9,0.0,ફળદાયી
ilu,0.9,0.0,સુંદરતા
vivid,0.9,0.0,આબેહૂબ
spirited,0.9,0.0,ઉત્સાહિત
godsend,0.9,0.0,ગોડસેન્ડ
mesmerizes,0.9,0.0,સંભારણા
satisfying,0.9,0.0,સંતોષકારક
masterful,0.9,0.0,માસ્ટરફુલ
sublime,0.9,0.0,ઉત્કૃષ્ટ
mercy,0.9,0.0,દયા
brilliantly,0.9,0.0,તેજસ્વી
loving,0.9,0.0,પ્રેમાળ
entertaining,0.9,0.0,મનોરંજક
earnest,0.9,0.0,ઉમદા
ergonomical,0.9,0.0,એર્ગોનોમિકલ
refinement,0.9,0.0,શુદ્ધિકરણ
complementary,0.9,0.0,પૂરક
patient,0.9,0.0,દર્દી
inviolate,0.9,0.0,આક્રમણ કરવું
eagerness,0.9,0.0,ઉત્સુકતા
civilize,0.9,0.0,સંસ્કારી
well-mannered,0.9,0.0,સારી રીતે વ્યવસ્થિત
dignity,0.9,0.0,ગૌરવ
steadiest,0.9,0.0,સ્થિર
favorite,0.9,0.0,પ્રિય
astutely,0.9,0.0,આશ્ચર્યજનક રીતે
splendid,0.9,0.0,ભવ્ય
subsidizing,0.9,0.0,સબસિડી
plush,0.9,0.0,સુંવાળપનો
marvelously,0.9,0.0,આશ્ચર્યજનક રીતે
adorer,0.9,0.0,પ્રેમ
happier,0.9,0.0,ખુશ
perseverance,0.9,0.0,ખંત
sensational,0.9,0.0,સનસનાટીભર્યા
nimble,0.9,0.0,હરવાફરવામાં ચપળ કે ચાલાક
multi-purpose,0.9,0.0,બહુહેતુક
affably,0.9,0.0,પ્રેમાળ
astonish,0.9,0.0,આશ્ચર્ય પમાડવું
lover,0.9,0.0,પ્રેમી
nourishing,0.9,0.0,પૌષ્ટિક
upheld,0.9,0.0,સમર્થન આપ્યું
exalt,0.9,0.0,ઉત્તમ
happy,0.9,0.0,ખુશ
prodigiously,0.9,0.0,અદભૂત રીતે
humble,0.9,0.0,નમ્ર
proven,0.9,0.0,સાબિત
resounding,0.9,0.0,અવાજવાળું
cashbacks,0.9,0.0,કેશબેક્સ
visionary,0.9,0.0,સ્વપ્નદ્રષ્ટા
thoughtful,0.9,0.0,વિચારશીલ
smarter,0.9,0.0,સ્માર્ટ
conciliate,0.9,0.0,સમાધાન
credible,0.9,0.0,વિશ્વસનીય
dependable,0.9,0.0,ભરોસાપાત્ર
saint,0.9,0.0,સંત
fairness,0.9,0.0,fairચિત્ય
victorious,0.9,0.0,વિજયી
excels,0.9,0.0,ઉત્તમ
celebrated,0.9,0.0,ઉજવણી
keenly,0.9,0.0,આતુર
humorously,0.9,0.0,રમૂજી
effectual,0.9,0.0,અસરકારક
enchanting,0.9,0.0,મોહક
favour,0.9,0.0,તરફેણ
titillate,0.9,0.0,ટાઇટિલેટ
flexibility,0.9,0.0,સુગમતા
mesmerize,0.9,0.0,વખાણવા
favorable,0.9,0.0,અનુકૂળ
unwavering,0.9,0.0,અપરિવર્તનશીલ
neat,0.9,0.0,સુઘડ
generous,0.9,0.0,ઉદાર
satisfies,0.9,0.0,સંતોષ
consummate,0.9,0.0,ઉપસ્થિત
marvellous,0.9,0.0,શાનદાર
tempting,0.9,0.0,લલચાવું
mastery,0.9,0.0,નિપુણતા
peacefully,0.9,0.0,શાંતિથી
improvements,0.9,0.0,સુધારાઓ
amicability,0.9,0.0,સુખીતા
indebted,0.9,0.0,.ણી
high-quality,0.9,0.0,ઉચ્ચ ગુણવત્તા
unfettered,0.9,0.0,બેફામ
easing,0.9,0.0,સરળ
exonerate,0.9,0.0,નાબૂદ કરવું
enhance,0.9,0.0,વધારવા
evaluative,0.9,0.0,મૂલ્યાંકનશીલ
fabulous,0.9,0.0,કલ્પિત
mind-blowing,0.9,0.0,ખુબજ સરસ
well-educated,0.9,0.0,સુશિક્ષિત
heroine,0.9,0.0,નાયિકા
daringly,0.9,0.0,હિંમતભેર
lavish,0.9,0.0,ભવ્ય
luxuriously,0.9,0.0,વૈભવી રીતે
marvelousness,0.9,0.0,આશ્ચર્ય
classy,0.9,0.0,સર્વોપરી
tickle,0.9,0.0,ગલીપચી
woo,0.9,0.0,વૂ
low-cost,0.9,0.0,ઓછા ખર્ચે
restored,0.9,0.0,પુન .સ્થાપિત
romanticize,0.9,0.0,રોમેન્ટિક બનાવવું
rejoice,0.9,0.0,આનંદ કરો
wholeheartedly,0.9,0.0,દિલથી
smitten,0.9,0.0,ત્રાટક્યું
illuminating,0.9,0.0,પ્રકાશિત
diligent,0.9,0.0,મહેનતું
amazed,0.9,0.0,આશ્ચર્યચકિત
levity,0.9,0.0,લેવિટી
reverently,0.9,0.0,આદરપૂર્વક
courageous,0.9,0.0,હિંમતવાન
tantalizingly,0.9,0.0,tantalizingly
aver,0.9,0.0,કર્યા
congenial,0.9,0.0,જન્મજાત
pleases,0.9,0.0,ખુશ થાય છે
toughest,0.9,0.0,સૌથી મુશ્કેલ
tender,0.9,0.0,ટેન્ડર
permissible,0.9,0.0,અનુમતિપાત્ર
alluringly,0.9,0.0,લલચાવતું
astonishment,0.9,0.0,આશ્ચર્ય
quiet,0.9,0.0,શાંત
commitment,0.9,0.0,પ્રતિબદ્ધતા
indulgence,0.9,0.0,ભોગવે છે
endorse,0.9,0.0,સમર્થન
glowingly,0.9,0.0,ચળકાટથી
congratulate,0.9,0.0,અભિનંદન
peace,0.9,0.0,શાંતિ
keen,0.9,0.0,આતુર
breathlessness,0.9,0.0,શ્વાસ
sufficed,0.9,0.0,પર્યાપ્ત
humourous,0.9,0.0,રમૂજી
unreal,0.9,0.0,અવાસ્તવિક
delicate,0.9,0.0,નાજુક
flourish,0.9,0.0,ખીલે
purify,0.9,0.0,શુદ્ધ કરવું
user-friendly,0.9,0.0,મૈત્રીપૂર્ણ વપરાશકર્તા
intricate,0.9,0.0,જટિલ
enjoyably,0.9,0.0,આનંદથી
well-managed,0.9,0.0,સારી રીતે સંચાલિત
perfectly,0.9,0.0,સંપૂર્ણ રીતે
worthy,0.9,0.0,લાયક
rightful,0.9,0.0,હકદાર
fastest,0.9,0.0,સૌથી ઝડપી
extoll,0.9,0.0,ગૌરવ
defeated,0.9,0.0,પરાજિત
radiance,0.9,0.0,તેજ
flashy,0.9,0.0,આછકલું
generosity,0.9,0.0,ઉદારતા
merry,0.9,0.0,આનંદી
groundbreaking,0.9,0.0,ગ્રાઉન્ડબ્રેકિંગ
decisive,0.9,0.0,નિર્ણાયક
protection,0.9,0.0,રક્ષણ
interesting,0.9,0.0,રસપ્રદ
satisfactory,0.9,0.0,સંતોષકારક
ecenomical,0.9,0.0,અલૌકિક
prowess,0.9,0.0,પરાક્રમ
adorable,0.9,0.0,માનનીય
mesmerizing,0.9,0.0,મંત્રમુગ્ધ
uncomplicated,0.9,0.0,અનિયંત્રિત
entice,0.9,0.0,લલચાવું
fun,0.9,0.0,મજા
best,0.9,0.0,શ્રેષ્ઠ
godlike,0.9,0.0,ભગવાન જેવા
attune,0.9,0.0,પ્રાપ્તિ
toll-free,0.9,0.0,કર મુક્ત
regard,0.9,0.0,આદર
ameliorate,0.9,0.0,આનંદિત
useable,0.9,0.0,ઉપયોગી
top-notch,0.9,0.0,ટોચ ઉત્તમ
astoundingly,0.9,0.0,આશ્ચર્યજનક રીતે
celebrate,0.9,0.0,ઉજવણી
affable,0.9,0.0,પ્રેમાળ
flourishing,0.9,0.0,ખીલે છે
easiness,0.9,0.0,સરળતા
well-behaved,0.9,0.0,સારી રીતે વર્ત્યા
enjoyment,0.9,0.0,આનંદ
exultingly,0.9,0.0,આનંદથી
popular,0.9,0.0,પ્રખ્યાત
cornerstone,0.9,0.0,પાયાનો પથ્થર
remedy,0.9,0.0,ઉપાય
greatness,0.9,0.0,મહાનતા
effusiveness,0.9,0.0,અસરકારકતા
cool,0.9,0.0,સરસ
raptureously,0.9,0.0,અત્યાનંદ
bolster,0.9,0.0,બolsલ્સ્ટર
erudite,0.9,0.0,વિદ્વાન
smoothest,0.9,0.0,સ્મૂથ
examplar,0.9,0.0,દાખલો
exciting,0.9,0.0,ઉત્તેજક
apotheosis,0.9,0.0,કલ્પના
convenience,0.9,0.0,સગવડ
impeccably,0.9,0.0,દોષરહિત
kindliness,0.9,0.0,માયાળુતા
recover,0.9,0.0,પુન .પ્રાપ્ત
standout,0.9,0.0,બહાર ઉભા રહો
halcyon,0.9,0.0,halcyon
satisfactorily,0.9,0.0,સંતોષકારક
worth-while,0.9,0.0,વર્થ-જ્યારે
well-being,0.9,0.0,સુખાકારી
thrill,0.9,0.0,રોમાંચ
rightly,0.9,0.0,બરાબર
entrancing,0.9,0.0,પ્રવેશ
victory,0.9,0.0,વિજય
survivor,0.9,0.0,બચી
dreamland,0.9,0.0,સ્વપ્નસૃષ્ટિ
renaissance,0.9,0.0,નવજીવન
radiant,0.9,0.0,ખુશખુશાલ
delicacy,0.9,0.0,સ્વાદિષ્ટ
innocuous,0.9,0.0,નિર્દોષ
enthral,0.9,0.0,મોહિત
comfort,0.9,0.0,આરામ
sexy,0.9,0.0,સેક્સી
champion,0.9,0.0,ચેમ્પિયન
amazes,0.9,0.0,આશ્ચર્ય
enough,0.9,0.0,પૂરતૂ
effusively,0.9,0.0,અસરકારક રીતે
unquestionably,0.9,0.0,નિquesશંકપણે
regally,0.9,0.0,નિયમિતપણે
tough,0.9,0.0,અઘરું
terrific,0.9,0.0,ભયાનક
envious,0.9,0.0,ઈર્ષ્યા
soothe,0.9,0.0,શાંત કરવું
astound,0.9,0.0,આશ્ચર્યજનક
pleasingly,0.9,0.0,ખુશીથી
agreeableness,0.9,0.0,સંમતિ
marveled,0.9,0.0,આશ્ચર્યજનક
assuredly,0.9,0.0,ખાતરીપૂર્વક
chivalry,0.9,0.0,શૌર્ય
pleasurably,0.9,0.0,આનંદદાયક
hug,0.9,0.0,આલિંગન
sincere,0.9,0.0,નિષ્ઠાવાન
affectation,0.9,0.0,સોંપણી
exquisitely,0.9,0.0,ઉત્કૃષ્ટતાથી
amaze,0.9,0.0,આશ્ચર્ય પમાડવું
fortuitous,0.9,0.0,સશક્ત
god-given,0.9,0.0,ભગવાન આપેલ
shiny,0.9,0.0,મજાની
tolerable,0.9,0.0,સહનશીલ
stunning,0.9,0.0,અદભૂત
preeminent,0.9,0.0,પ્રમુખપદ
protect,0.9,0.0,રક્ષણ
masterpieces,0.9,0.0,માસ્ટરપીસ
merriness,0.9,0.0,આનંદ
sumptuousness,0.9,0.0,ભવ્યતા
exellent,0.9,0.0,ઉત્તેજક
defender,0.9,0.0,ડિફેન્ડર
responsibly,0.9,0.0,જવાબદારીપૂર્વક
warmer,0.9,0.0,ગરમ
self-sufficiency,0.9,0.0,આત્મનિર્ભરતા
snazzy,0.9,0.0,snazzy
brighten,0.9,0.0,હરખાવું
cleanliness,0.9,0.0,સ્વચ્છતા
saintliness,0.9,0.0,સંતત્વ
heartwarming,0.9,0.0,હ્રદયસ્પર્શી
polished,0.9,0.0,પોલિશ્ડ
superiority,0.9,0.0,શ્રેષ્ઠતા
goodly,0.9,0.0,સારી રીતે
inexpensive,0.9,0.0,સસ્તું
pluses,0.9,0.0,પ્લેસ
valuable,0.9,0.0,મૂલ્યવાન
straightforward,0.9,0.0,સીધા
rewardingly,0.9,0.0,લાભદાયક
chaste,0.9,0.0,પવિત્ર
counter-attacks,0.9,0.0,વળતો હુમલો
posh,0.9,0.0,પોશ
meticulous,0.9,0.0,સાવચેતીભર્યું
empower,0.9,0.0,સશક્તિકરણ
gained,0.9,0.0,મેળવી
modern,0.9,0.0,આધુનિક
handy,0.9,0.0,હાથમાં
heartfelt,0.9,0.0,હાર્દિક
encouraging,0.9,0.0,પ્રોત્સાહક
ecstatic,0.9,0.0,પ્રસન્ન
creative,0.9,0.0,સર્જનાત્મક
respectfully,0.9,0.0,આદરથી
avid,0.9,0.0,ઉત્સુક
legendary,0.9,0.0,સુપ્રસિદ્ધ
veritable,0.9,0.0,સાચા
exceeded,0.9,0.0,ઓળંગી ગઈ
supple,0.9,0.0,કોમલ
tremendously,0.9,0.0,જબરદસ્ત
cherub,0.9,0.0,કરૂબ
winners,0.9,0.0,વિજેતાઓ
rockstars,0.9,0.0,રોકસ્ટાર્સ
serenity,0.9,0.0,શાંતિ
profound,0.9,0.0,ગહન
light-hearted,0.9,0.0,હળવા દિલનું
enthusiastic,0.9,0.0,ઉત્સાહી
joyous,0.9,0.0,આનંદકારક
recommendations,0.9,0.0,ભલામણો
consistent,0.9,0.0,સુસંગત
exaltation,0.9,0.0,અતિશયોક્તિ
sweetness,0.9,0.0,મીઠાશ
winning,0.9,0.0,વિજેતા
peps,0.9,0.0,peps
razor-sharp,0.9,0.0,રઝર જેવું તીવ્ર
boom,0.9,0.0,તેજી
enticed,0.9,0.0,લલચાવ્યું
revolutionary,0.9,0.0,ક્રાંતિકારી
wonderful,0.9,0.0,અદભૂત
cure,0.9,0.0,ઇલાજ
devout,0.9,0.0,ધાર્મિક
diligence,0.9,0.0,ખંત
worthiness,0.9,0.0,યોગ્યતા
twinkly,0.9,0.0,ઝબૂકવું
cheaper,0.9,0.0,સસ્તી
exceled,0.9,0.0,બહિષ્કૃત
abound,0.9,0.0,પુષ્કળ
opulent,0.9,0.0,ખુશખુશાલ
wealthy,0.9,0.0,શ્રીમંત
blossom,0.9,0.0,ખીલવું
optimism,0.9,0.0,આશાવાદ
gladness,0.9,0.0,આનંદ
roomier,0.9,0.0,ઓરડામાં
saintly,0.9,0.0,સંતે
favored,0.9,0.0,તરફેણમાં
lovable,0.9,0.0,પ્રેમાળ
unforgettable,0.9,0.0,અનફર્ગેટેબલ
outshine,0.9,0.0,outshine
restructuring,0.9,0.0,પુનર્ગઠન
prominent,0.9,0.0,અગ્રણી
altruistically,0.9,0.0,પરોપકારથી
simpler,0.9,0.0,સરળ
cute,0.9,0.0,સુંદર
well-run,0.9,0.0,સારી રીતે ચલાવો
bountiful,0.9,0.0,પુષ્કળ
speedily,0.9,0.0,ઝડપથી
commendable,0.9,0.0,પ્રશંસનીય
restful,0.9,0.0,શાંત
captivating,0.9,0.0,મોહક
lovably,0.9,0.0,પ્રેમાળ
energetic,0.9,0.0,શક્તિશાળી
freedoms,0.9,0.0,સ્વતંત્રતાઓ
sleek,0.9,0.0,આકર્ષક
lawful,0.9,0.0,કાયદેસર
crisp,0.9,0.0,ચપળ
foolproof,0.9,0.0,ફૂલપ્રૂફ
truthfully,0.9,0.0,સત્યપણે
sparkling,0.9,0.0,સ્પાર્કલિંગ
beckoned,0.9,0.0,ઈશારો કર્યો
resilient,0.9,0.0,સ્થિતિસ્થાપક
faithful,0.9,0.0,વિશ્વાસુ
rejoicing,0.9,0.0,આનંદ
helping,0.9,0.0,મદદ કરે છે
dazzling,0.9,0.0,ચમકતી
capability,0.9,0.0,ક્ષમતા
affluent,0.9,0.0,સમૃદ્ધ
exceed,0.9,0.0,ઓળંગવું
hero,0.9,0.0,હીરો
steadfast,0.9,0.0,અડગ
a+,0.9,0.0,એ+
irreproachable,0.9,0.0,અપરિપક્વ
sociable,0.9,0.0,અનુકૂળ
plusses,0.9,0.0,વત્તા
praiseworthy,0.9,0.0,પ્રશંસાપાત્ર
self-satisfaction,0.9,0.0,આત્મસંતોષ
likable,0.9,0.0,અનુકૂળ
rightfully,0.9,0.0,યોગ્ય રીતે
wins,0.9,0.0,જીતે
refined,0.9,0.0,શુદ્ધ
charitable,0.9,0.0,સેવાભાવી
poise,0.9,0.0,શાંત
gooood,0.9,0.0,ગૂડ
agreeable,0.9,0.0,સંમત
dexterous,0.9,0.0,દ્વેષપૂર્ણ
well-established,0.9,0.0,સુસ્થાપિત
amiable,0.9,0.0,સુખી
brisk,0.9,0.0,ઝડપી
sincerity,0.9,0.0,ઇમાનદારી
beauty,0.9,0.0,સુંદરતા
advocates,0.9,0.0,હિમાયતીઓ
concise,0.9,0.0,સંક્ષિપ્ત
prudently,0.9,0.0,સમજદારીપૂર્વક
revelation,0.9,0.0,સાક્ષાત્કાર
ultra-crisp,0.9,0.0,અતિ ચપળ
revitalize,0.9,0.0,નવજીવન
talent,0.9,0.0,પ્રતિભા
wondrous,0.9,0.0,આશ્ચર્યજનક
helpful,0.9,0.0,મદદરૂપ
fervor,0.9,0.0,ઉત્સાહ
swankier,0.9,0.0,swankier
graceful,0.9,0.0,આકર્ષક
trustingly,0.9,0.0,વિશ્વાસપૂર્વક
extraordinarily,0.9,0.0,અસાધારણ
deginified,0.9,0.0,ડિજિનિફાઇડ
attractive,0.9,0.0,આકર્ષક
powerful,0.9,0.0,શક્તિશાળી
stimulating,0.9,0.0,ઉત્તેજક
empathy,0.9,0.0,સહાનુભૂતિ
suitable,0.9,0.0,યોગ્ય
eye-catch,0.9,0.0,આંખ પકડી
tempt,0.9,0.0,લાલચ
auspicious,0.9,0.0,શુભ
enthralled,0.9,0.0,મંત્રમુગ્ધ
triumphantly,0.9,0.0,વિજયથી
beneficent,0.9,0.0,લાભકર્તા
good,0.9,0.0,સારું
exceptionally,0.9,0.0,અપવાદરૂપે
dexterously,0.9,0.0,ચપળતાથી
survival,0.9,0.0,અસ્તિત્વ
maturely,0.9,0.0,પરિપક્વતા
impartiality,0.9,0.0,નિષ્પક્ષતા
relief,0.9,0.0,રાહત
earnestness,0.9,0.0,ઉદારતા
trusted,0.9,0.0,વિશ્વસનીય
peacekeepers,0.9,0.0,પીસકીપર્સ
endorsed,0.9,0.0,સમર્થન
diligently,0.9,0.0,ખંતથી
accomplished,0.9,0.0,પરિપૂર્ણ
entertain,0.9,0.0,મનોરંજન
tougher,0.9,0.0,સખત
reforms,0.9,0.0,સુધારાઓ
wellbeing,0.9,0.0,સુખાકારી
guiltless,0.9,0.0,નિર્દોષ
stimulative,0.9,0.0,ઉત્તેજક
flawless,0.9,0.0,દોષરહિત
spacious,0.9,0.0,જગ્યા ધરાવતી
gracefully,0.9,0.0,ચિત્તાકર્ષક રૂપે
surmount,0.9,0.0,સર્વોત્તમ
poetic,0.9,0.0,કાવ્યાત્મક
reaffirm,0.9,0.0,પુષ્ટિ
productive,0.9,0.0,ઉત્પાદક
advantageously,0.9,0.0,ફાયદાકારક રીતે
better,0.9,0.0,વધુ સારું
temptingly,0.9,0.0,લલચાવતું
passionately,0.9,0.0,ઉત્સાહથી
rational,0.9,0.0,તર્કસંગત
breathtakingly,0.9,0.0,હંફાવતાં
unquestionable,0.9,0.0,નિર્વિવાદ
fashionable,0.9,0.0,ફેશનેબલ
uplift,0.9,0.0,ઉત્થાન
sharpest,0.9,0.0,તીક્ષ્ણ
charming,0.9,0.0,મોહક
agile,0.9,0.0,ચપળ
elated,0.9,0.0,આનંદિત
enrichment,0.9,0.0,સમૃધ્ધિ
considerate,0.9,0.0,માનવામાં આવે છે
cleverly,0.9,0.0,હોશિયારીથી
prefer,0.9,0.0,પસંદ કરો
privilege,0.9,0.0,વિશેષાધિકાર
astounded,0.9,0.0,આશ્ચર્યચકિત
trophy,0.9,0.0,ટ્રોફી
exceeds,0.9,0.0,કરતાં વધી ગઈ
cheery,0.9,0.0,ખુશખુશાલ
acclaimed,0.9,0.0,વખાણાયેલી
geekier,0.9,0.0,geekier
charm,0.9,0.0,વશીકરણ
smiling,0.9,0.0,હસતા
glitter,0.9,0.0,ઝગમગાટ
admiring,0.9,0.0,વખાણવું
invaluable,0.9,0.0,અમૂલ્ય
magic,0.9,0.0,મેજિક
fastest-growing,0.9,0.0,સૌથી ઝડપથી વિકસતા
easier,0.9,0.0,સરળ
revive,0.9,0.0,જીવંત કરો
commend,0.9,0.0,પ્રશંસા કરો
prodigy,0.9,0.0,અદભૂત
fearless,0.9,0.0,નિર્ભીક
convient,0.9,0.0,યોગ્ય
savings,0.9,0.0,બચત
appreciates,0.9,0.0,કદર
hardier,0.9,0.0,સખત
zippy,0.9,0.0,ઝિપ્પી
ebullient,0.9,0.0,ઉત્સાહી
examplary,0.9,0.0,દાખલો
prolific,0.9,0.0,ફળદ્રુપ
gallantly,0.9,0.0,બહાદુરીથી
manageable,0.9,0.0,વ્યવસ્થાપિત
protective,0.9,0.0,રક્ષણાત્મક
politeness,0.9,0.0,નમ્રતા
optimistic,0.9,0.0,આશાવાદી
sane,0.9,0.0,સમજદાર
fortunate,0.9,0.0,ભાગ્યશાળી
doubtless,0.9,0.0,બેશક
conscientious,0.9,0.0,ઈમાનદાર
invincible,0.9,0.0,અદમ્ય
restructured,0.9,0.0,પુનર્ગઠન
fiery,0.9,0.0,સળગતું
irresistibly,0.9,0.0,અસ્પષ્ટ રીતે
welcome,0.9,0.0,સ્વાગત છે
smilingly,0.9,0.0,હસતાં હસતાં
rapture,0.9,0.0,અત્યાનંદ
tantalizing,0.9,0.0,tantalizing
inspiring,0.9,0.0,પ્રેરણાદાયક
luminous,0.9,0.0,તેજસ્વી
luck,0.9,0.0,નસીબ
efficiently,0.9,0.0,અસરકારક રીતે
recomend,0.9,0.0,પુનomeપ્રાપ્ત
beneficial,0.9,0.0,લાભકારક
spontaneous,0.9,0.0,સ્વયંભૂ
feasible,0.9,0.0,શક્ય
cheer,0.9,0.0,ખુશખુશાલ
strong,0.9,0.0,મજબૂત
variety,0.9,0.0,વિવિધતા
prudence,0.9,0.0,સાવધાની
romantic,0.9,0.0,રોમેન્ટિક
marvel,0.9,0.0,આશ્ચર્ય
upgradable,0.9,0.0,સુધારી શકાય તેવું
likes,0.9,0.0,ગમે છે
cooperative,0.9,0.0,સહકારી
idolized,0.9,0.0,મૂર્તિપૂજક
positively,0.9,0.0,સકારાત્મક
gain,0.9,0.0,લાભ
eyecatch,0.9,0.0,eyecatch
flatteringly,0.9,0.0,ખુશામતથી
heroic,0.9,0.0,પરાક્રમી
zest,0.9,0.0,ઝાટકો
attentive,0.9,0.0,સચેત
glorify,0.9,0.0,મહિમા
prosperity,0.9,0.0,સમૃદ્ધિ
smoothly,0.9,0.0,સહેલાઇથી
authoritative,0.9,0.0,અધિકૃત
meticulously,0.9,0.0,સાવચેતીપૂર્વક
principled,0.9,0.0,સિદ્ધાંત
dignify,0.9,0.0,ગૌરવ
eyecatching,0.9,0.0,eyecatching
excelent,0.9,0.0,ઉત્તમ
vibrantly,0.9,0.0,ગતિશીલ
advocated,0.9,0.0,હિમાયત
desirous,0.9,0.0,ઇચ્છા
excite,0.9,0.0,ઉત્તેજિત
proves,0.9,0.0,સાબિત કરે છે
trouble-free,0.9,0.0,મુશ્કેલી મુક્ત
exuberant,0.9,0.0,પ્રસન્ન
promised,0.9,0.0,વચન આપ્યું
noteworthy,0.9,0.0,નોંધપાત્ર
upliftment,0.9,0.0,ઉત્થાન
wisdom,0.9,0.0,ડહાપણ
judicious,0.9,0.0,ન્યાયી
personages,0.9,0.0,અક્ષરો
blissful,0.9,0.0,આનંદકારક
rosy,0.9,0.0,ગુલાબી
stately,0.9,0.0,ઉચિત
fancier,0.9,0.0,કાલ્પનિક
finely,0.9,0.0,ઉડી
intelligent,0.9,0.0,બુદ્ધિશાળી
lush,0.9,0.0,રસદાર
thoughtfulness,0.9,0.0,વિચારશીલતા
feature-rich,0.9,0.0,લક્ષણ સમૃદ્ધ
rock-stars,0.9,0.0,રોક સ્ટાર્સ
morality,0.9,0.0,નૈતિકતા
qualify,0.9,0.0,લાયક
durable,0.9,0.0,ટકાઉ
realizable,0.9,0.0,અનુભૂતિ યોગ્ય
glistening,0.9,0.0,ઝગઝગતું
upscale,0.9,0.0,અપસ્કેલ
well-regarded,0.9,0.0,સારી રીતે માનવામાં આવે છે
fantastically,0.9,0.0,કાલ્પનિક
thinner,0.9,0.0,પાતળા
lead,0.9,0.0,દોરી
profuse,0.9,0.0,નકામું
jaw-droping,0.9,0.0,જડબાના છોડતા
reliably,0.9,0.0,વિશ્વસનીય રીતે
clarity,0.9,0.0,સ્પષ્ટતા
award,0.9,0.0,એવોર્ડ
relish,0.9,0.0,સ્વાદ
wonderously,0.9,0.0,આશ્ચર્યજનક રીતે
faithfulness,0.9,0.0,વિશ્વાસ
invigorating,0.9,0.0,ઉત્સાહપૂર્ણ
believeable,0.9,0.0,વિશ્વાસપાત્ર
breakthrough,0.9,0.0,પ્રગતિ
master,0.9,0.0,માસ્ટર
boost,0.9,0.0,પ્રોત્સાહન
flutter,0.9,0.0,ફફડાટ
illuminati,0.9,0.0,ઇલુમિનેટી
dominated,0.9,0.0,પ્રભુત્વ
inviolable,0.9,0.0,ઇનવિએબલ
delightfully,0.9,0.0,આનંદથી
ethical,0.9,0.0,નૈતિક
precious,0.9,0.0,કિંમતી
dazzled,0.9,0.0,ચમકતો
fast,0.9,0.0,ઝડપી
tantalize,0.9,0.0,ટેન્ટાલાઇઝ કરો
respect,0.9,0.0,આદર
reputation,0.9,0.0,પ્રતિષ્ઠા
precise,0.9,0.0,ચોક્કસ
credence,0.9,0.0,શ્રેય
divinely,0.9,0.0,ઈશ્વરે
benefits,0.9,0.0,લાભો
eye-catching,0.9,0.0,આંખ આકર્ષક
adventuresome,0.9,0.0,સાહસિક
impressive,0.9,0.0,પ્રભાવશાળી
facilitate,0.9,0.0,સગવડ
well,0.9,0.0,સારું
immense,0.9,0.0,અપાર
inestimably,0.9,0.0,insertmably
well-connected,0.9,0.0,સારી રીતે જોડાયેલ
convenient,0.9,0.0,અનુકૂળ
solidarity,0.9,0.0,એકતા
affirmation,0.9,0.0,સમર્થન
hospitable,0.9,0.0,આતિથ્યશીલ
commendably,0.9,0.0,પ્રશંસાપૂર્વક
exemplary,0.9,0.0,અનુકરણીય
thumb-up,0.9,0.0,અંગૂઠો
thrifty,0.9,0.0,કરકસર
patience,0.9,0.0,ધૈર્ય
pep,0.9,0.0,પીપ
defeat,0.9,0.0,હાર
trustworthy,0.9,0.0,વિશ્વાસપાત્ર
affability,0.9,0.0,લાગણી
prosper,0.9,0.0,સમૃદ્ધિ
sharp,0.9,0.0,તીક્ષ્ણ
traction,0.9,0.0,ટ્રેક્શન
elevate,0.9,0.0,એલિવેટ
festive,0.9,0.0,ઉત્સવની
superbly,0.9,0.0,શાનદાર
upgraded,0.9,0.0,અપગ્રેડ
glamorous,0.9,0.0,મોહક
lively,0.9,0.0,જીવંત
peerless,0.9,0.0,પીઅરલેસ
bliss,0.9,0.0,આનંદ
revere,0.9,0.0,આદર
affectionate,0.9,0.0,પ્રેમાળ
brilliant,0.9,0.0,તેજસ્વી
shine,0.9,0.0,ચમકવું
idolize,0.9,0.0,મૂર્તિમંત કરવું
self-respect,0.9,0.0,આત્મસમ્માન
suffice,0.9,0.0,પૂરતું
exhilaration,0.9,0.0,ઉલ્લાસ
fancy,0.9,0.0,ફેન્સી
purposeful,0.9,0.0,હેતુપૂર્ણ
wow,0.9,0.0,વાહ
diversified,0.9,0.0,વૈવિધ્યસભર
famous,0.9,0.0,પ્રખ્યાત
assurances,0.9,0.0,વીમા
slammin,0.9,0.0,સ્લેમિન
love,0.9,0.0,પ્રેમ
unlimited,0.9,0.0,અમર્યાદિત
benefactor,0.9,0.0,લાભકર્તા
navigable,0.9,0.0,નેવિગેબલ
satisfied,0.9,0.0,સંતુષ્ટ
gush,0.9,0.0,ગશ
delightfulness,0.9,0.0,આનંદ
fascinatingly,0.9,0.0,રસપ્રદ રીતે
leads,0.9,0.0,દોરી જાય છે
expeditiously,0.9,0.0,ઝડપથી
humour,0.9,0.0,રમૂજ
reputable,0.9,0.0,પ્રતિષ્ઠિત
shimmeringly,0.9,0.0,ઝબૂકવું
genius,0.9,0.0,પ્રતિભાશાળી
streamlined,0.9,0.0,સુવ્યવસ્થિત
unmatched,0.9,0.0,મેળ ન ખાતી
boundless,0.9,0.0,અનહદ
effortlessly,0.9,0.0,વિના પ્રયાસે
lyrical,0.9,0.0,કાવ્યસંગીત
reconciliation,0.9,0.0,સમાધાન
proper,0.9,0.0,યોગ્ય
amuse,0.9,0.0,આનંદિત
infallible,0.9,0.0,અચૂક
immaculately,0.9,0.0,નિર્મળ
spellbindingly,0.9,0.0,જોડણીભેર
cohesive,0.9,0.0,સુસંગત
sweet,0.9,0.0,મીઠી
dominates,0.9,0.0,પ્રભુત્વ ધરાવે છે
exceptional,0.9,0.0,અપવાદરૂપ
productively,0.9,0.0,ઉત્પાદક રીતે
successes,0.9,0.0,સફળતા
pampered,0.9,0.0,લાડ લડાવ્યા
beneficiary,0.9,0.0,લાભકર્તા
supreme,0.9,0.0,સર્વોચ્ચ
foresight,0.9,0.0,દૂરંદેશી
pleasantly,0.9,0.0,આનંદથી
conciliatory,0.9,0.0,સમાધાનકારી
endorsement,0.9,0.0,સમર્થન
outperforming,0.9,0.0,આઉટપર્ફોર્મિંગ
assure,0.9,0.0,ખાતરી આપવી
mighty,0.9,0.0,શકિતશાળી
deserving,0.9,0.0,લાયક
colorful,0.9,0.0,રંગબેરંગી
enjoys,0.9,0.0,ભોગવે છે
sustainability,0.9,0.0,ટકાઉપણું
everlasting,0.9,0.0,સદાકાળ
mesmerized,0.9,0.0,મંત્રમુગ્ધ
praise,0.9,0.0,વખાણ
togetherness,0.9,0.0,એકતા
delight,0.9,0.0,આનંદ
vigilance,0.9,0.0,તકેદારી
adjustable,0.9,0.0,એડજસ્ટેબલ
extraordinary,0.9,0.0,અસાધારણ
memorable,0.9,0.0,યાદગાર
enlightenment,0.9,0.0,જ્lાન
swiftness,0.9,0.0,વેગ
enchanted,0.9,0.0,મોહિત
acumen,0.9,0.0,કુશળતા
unabashedly,0.9,0.0,બેશરમ
fresher,0.9,0.0,ફ્રેશર
joyously,0.9,0.0,આનંદથી
adroit,0.9,0.0,કુશળ
receptive,0.9,0.0,ગ્રહણશીલ
calming,0.9,0.0,શાંત
gallant,0.9,0.0,શૌર્ય
renowned,0.9,0.0,પ્રખ્યાત
fervent,0.9,0.0,ઉત્સાહી
painless,0.9,0.0,પીડારહિત
rapport,0.9,0.0,અહેવાલ
expansive,0.9,0.0,વિસ્તૃત
raptureous,0.9,0.0,અતિરેક
optimal,0.9,0.0,શ્રેષ્ઠ
heroize,0.9,0.0,વીરતા
thrillingly,0.9,0.0,રોમાંચક રીતે
remarkably,0.9,0.0,નોંધપાત્ર
eases,0.9,0.0,સરળતા
smart,0.9,0.0,સ્માર્ટ
amenable,0.9,0.0,અનુકૂળ
dummy-proof,0.9,0.0,ડમી-પ્રૂફ
overtook,0.9,0.0,આગળ નીકળી ગયો
astounding,0.9,0.0,આશ્ચર્યજનક
congratulatory,0.9,0.0,અભિનંદન
glowing,0.9,0.0,ઝગઝગતું
simplified,0.9,0.0,સરળ
honor,0.9,0.0,સન્માન
detachable,0.9,0.0,અલગ પાડી શકાય તેવું
evocative,0.9,0.0,ઉત્તેજક
secure,0.9,0.0,સુરક્ષિત
envy,0.9,0.0,ઈર્ષ્યા
darling,0.9,0.0,પ્રિયતમ
playful,0.9,0.0,રમતિયાળ
wonderous,0.9,0.0,અદ્ભુત
paradise,0.9,0.0,સ્વર્ગ
lucid,0.9,0.0,લ્યુસિડ
reachable,0.9,0.0,પહોંચી શકાય તેવું
gratifies,0.9,0.0,gratifies
exult,0.9,0.0,ખુશી
splendor,0.9,0.0,વૈભવ
outshone,0.9,0.0,આઉટસોન
refreshed,0.9,0.0,તાજું
revel,0.9,0.0,આનંદ કરવો
revolutionize,0.9,0.0,ક્રાંતિ
brighter,0.9,0.0,તેજસ્વી
celebratory,0.9,0.0,ઉજવણી
crisper,0.9,0.0,ચપળ
consistently,0.9,0.0,સતત
encouragement,0.9,0.0,પ્રોત્સાહન
workable,0.9,0.0,કામ કરવા યોગ્ય
pleasure,0.9,0.0,આનંદ
uphold,0.9,0.0,સમર્થન
decency,0.9,0.0,શિષ્ટાચાર
trendy,0.9,0.0,ટ્રેન્ડી
exaltingly,0.9,0.0,ઉત્તમ રીતે
preferable,0.9,0.0,પ્રાધાન્યક્ષમ
problem-free,0.9,0.0,સમસ્યા મુક્ત
accurate,0.9,0.0,સચોટ
ingenuously,0.9,0.0,ચાતુર્યથી
jovial,0.9,0.0,આનંદકારક
enthusiastically,0.9,0.0,ઉત્સાહથી
positive,0.9,0.0,હકારાત્મક
dumbfounded,0.9,0.0,મૂંઝાયેલું
immaculate,0.9,0.0,પવિત્ર
gratefully,0.9,0.0,કૃતજ્ .તાપૂર્વક
pure,0.9,0.0,શુદ્ધ
benevolence,0.9,0.0,પરોપકાર
grateful,0.9,0.0,આભારી
magnanimous,0.9,0.0,ભવ્ય
audible,0.9,0.0,શ્રાવ્ય
fantastic,0.9,0.0,વિચિત્ર
honoring,0.9,0.0,માન આપવું
exhilarate,0.9,0.0,આનંદિત
savvy,0.9,0.0,સમજશકિત
well-rounded,0.9,0.0,સારી રીતે ગોળાકાર
luxuriate,0.9,0.0,વૈભવી
long-lasting,0.9,0.0,લાંબા સમય સુધી ચાલે છે
straighten,0.9,0.0,સીધા કરો
friendliness,0.9,0.0,મિત્રતા
courage,0.9,0.0,હિંમત
ennoble,0.9,0.0,ennoble
agilely,0.9,0.0,ચપળતાથી
authentic,0.9,0.0,અધિકૃત
smoother,0.9,0.0,સરળ
miracles,0.9,0.0,ચમત્કારો
destiny,0.9,0.0,નિયતિ
influential,0.9,0.0,પ્રભાવશાળી
reconcile,0.9,0.0,સમાધાન
fav,0.9,0.0,તરફેણ
enrapture,0.9,0.0,ક્રોધ
eager,0.9,0.0,આતુર
entertains,0.9,0.0,મનોરંજન
integral,0.9,0.0,અભિન્ન
majesty,0.9,0.0,મહિમા
comfortably,0.9,0.0,નિરાંતે
vouch,0.9,0.0,વouચ
precisely,0.9,0.0,ચોક્કસપણે
excitedness,0.9,0.0,ઉત્સાહ
personalized,0.9,0.0,વ્યક્તિગત
faultless,0.9,0.0,દોષરહિત
better-than-expected,0.9,0.0,અપેક્ષિત કરતાં વધુ સારી
faster,0.9,0.0,ઝડપી
trusting,0.9,0.0,વિશ્વાસ
comfortable,0.9,0.0,આરામદાયક
respite,0.9,0.0,રાહત
elite,0.9,0.0,ભદ્ર
respectful,0.9,0.0,આદરણીય
rock-star,0.9,0.0,પ્રખ્યાત ગાયક
stylish,0.9,0.0,સ્ટાઇલિશ
endorses,0.9,0.0,સમર્થન
whooa,0.9,0.0,વૂઆ
modest,0.9,0.0,વિનમ્ર
gentlest,0.9,0.0,સજ્જન
swift,0.9,0.0,સ્વીફ્ટ
skillful,0.9,0.0,કુશળ
individualized,0.9,0.0,વ્યક્તિગત
remunerate,0.9,0.0,મહેનતાણું
advanced,0.9,0.0,અદ્યતન
contentment,0.9,0.0,સંતોષ
feisty,0.9,0.0,નારંગી
clear,0.9,0.0,ચોખ્ખુ
problem-solver,0.9,0.0,સમસ્યા હલ કરનાર
cleared,0.9,0.0,સાફ
solace,0.9,0.0,રાહત
abundance,0.9,0.0,વિપુલતા
bullish,0.9,0.0,તેજી
fascinate,0.9,0.0,મોહિત કરવું
positives,0.9,0.0,ધન
plentiful,0.9,0.0,પુષ્કળ
effusive,0.9,0.0,પ્રભાવી
loved,0.9,0.0,પ્રેમભર્યા
entranced,0.9,0.0,પ્રવેશદ્વાર
gentle,0.9,0.0,સૌમ્ય
brilliance,0.9,0.0,તેજ
stupendously,0.9,0.0,stupendously
intelligence,0.9,0.0,બુદ્ધિ
rockstar,0.9,0.0,પ્રખ્યાત ગાયક
proficiently,0.9,0.0,નિપુણતાથી
enthuse,0.9,0.0,લલચાવવું
luxurious,0.9,0.0,વૈભવી
adaptive,0.9,0.0,અનુકૂલનશીલ
complement,0.9,0.0,પૂરક
mercifully,0.9,0.0,દયાથી
lean,0.9,0.0,દુર્બળ
intimate,0.9,0.0,ઘનિષ્ઠ
beutifully,0.9,0.0,સુંદર રીતે
cleaner,0.9,0.0,ક્લીનર
freed,0.9,0.0,મુક્ત
gratified,0.9,0.0,પ્રસન્ન
ideal,0.9,0.0,આદર્શ
vouchsafe,0.9,0.0,વાઉચસેફ
ebulliently,0.9,0.0,ઉત્સાહથી
redemption,0.9,0.0,વિમોચન
cherish,0.9,0.0,વળગવું
whoooa,0.9,0.0,વ્હુઆઆ
stunningly,0.9,0.0,અદભૂત રીતે
gladly,0.9,0.0,રાજીખુશીથી
triumphant,0.9,0.0,વિજયી
dead-cheap,0.9,0.0,મૃત સસ્તી
illuminate,0.9,0.0,પ્રકાશિત કરવું
promising,0.9,0.0,આશાસ્પદ
abundant,0.9,0.0,વિપુલ પ્રમાણમાં
rejuvenate,0.9,0.0,કાયાકલ્પ કરવો
righten,0.9,0.0,સજ્જડ
diplomatic,0.9,0.0,રાજદ્વારી
exhilaratingly,0.9,0.0,ઉલ્લાસથી
resound,0.9,0.0,ફરી
glimmer,0.9,0.0,ઝગમગાટ
hooray,0.9,0.0,હુરે
faith,0.9,0.0,વિશ્વાસ
foremost,0.9,0.0,અગ્રણી
heros,0.9,0.0,હેરોસ
richness,0.9,0.0,સમૃદ્ધિ
sumptuous,0.9,0.0,મનોહર
excitedly,0.9,0.0,ઉત્સાહથી
adulation,0.9,0.0,અભિવ્યક્તિ
lavishly,0.9,0.0,ઉમદા
irresistible,0.9,0.0,અનિવાર્ય
valiantly,0.9,0.0,બહાદુરીથી
noiseless,0.9,0.0,અવાજ વિનાનું
record-setting,0.9,0.0,રેકોર્ડ સેટિંગ
openly,0.9,0.0,ખુલ્લેઆમ
idyllic,0.9,0.0,રુચિકર
coolest,0.9,0.0,શાનદાર
justly,0.9,0.0,ન્યાયી
clean,0.9,0.0,ચોખ્ખો
feat,0.9,0.0,પરાક્રમ
excites,0.9,0.0,ઉત્તેજના
fond,0.9,0.0,પૃષ્ઠભૂમિ
harmony,0.9,0.0,સંવાદિતા
recommend,0.9,0.0,ભલામણ
goodwill,0.9,0.0,શુભેચ્છા
excellant,0.9,0.0,ઉત્તમ
pardon,0.9,0.0,ક્ષમા
richer,0.9,0.0,સમૃદ્ધ
smiles,0.9,0.0,સ્મિત
indulgent,0.9,0.0,આનંદકારક
suave,0.9,0.0,નરમ
progressive,0.9,0.0,પ્રગતિશીલ
outsmart,0.9,0.0,આઉટસ્માર્ટ
conveniently,0.9,0.0,અનુકૂળ
gratify,0.9,0.0,પ્રસન્ન કરવું
steadfastness,0.9,0.0,અડગતા
rectify,0.9,0.0,સુધારવું
pros,0.9,0.0,ગુણ
trump,0.9,0.0,ટ્રમ્પ
exultation,0.9,0.0,ઉમંગ
thrive,0.9,0.0,ખીલે
generously,0.9,0.0,ઉદારતાથી
nourishment,0.9,0.0,પોષણ
momentous,0.9,0.0,ક્ષણિક
fortitude,0.9,0.0,ગૌરવ
verifiable,0.9,0.0,ચકાસી શકાય તેવું
supports,0.9,0.0,આધાર આપે છે
happily,0.9,0.0,ખુશીથી
adoring,0.9,0.0,પ્રિય
stainless,0.9,0.0,સ્ટેનલેસ
treasure,0.9,0.0,ખજાનો
endear,0.9,0.0,પ્રિય
enjoying,0.9,0.0,માણી
articulate,0.9,0.0,સ્પષ્ટ
beautify,0.9,0.0,સુંદર બનાવે છે
palatial,0.9,0.0,ભવ્ય
win,0.9,0.0,જીત
sincerely,0.9,0.0,નિષ્ઠાપૂર્વક
loyalty,0.9,0.0,નિષ્ઠા
strikingly,0.9,0.0,આશ્ચર્યજનક રીતે
rapid,0.9,0.0,ઝડપી
fortuitously,0.9,0.0,સળંગ
recommended,0.9,0.0,ભલામણ કરેલ
sharper,0.9,0.0,તીવ્ર
deft,0.9,0.0,કુશળ
pre-eminent,0.9,0.0,પૂર્વ-પ્રખ્યાત
reasonable,0.9,0.0,વાજબી
nifty,0.9,0.0,નિફ્ટી
warm,0.9,0.0,ગરમ
counter-attack,0.9,0.0,વળતો હુમલો
cajole,0.9,0.0,કાજોલ
imaginative,0.9,0.0,કાલ્પનિક
thrilling,0.9,0.0,રોમાંચક
issue-free,0.9,0.0,અંક મુક્ત
adore,0.9,0.0,પૂજવું
improves,0.9,0.0,સુધારે છે
wise,0.9,0.0,મુજબની
defeats,0.9,0.0,પરાજિત
smartly,0.9,0.0,હોશિયારીથી
proactive,0.9,0.0,સક્રિય
yay,0.9,0.0,નમવું
non-violence,0.9,0.0,અહિંસા
majestic,0.9,0.0,જાજરમાન
worthwhile,0.9,0.0,સાર્થક
euphoria,0.9,0.0,સુખબોધ
glow,0.9,0.0,ગ્લો
perfection,0.9,0.0,સંપૂર્ણતા
brightest,0.9,0.0,તેજસ્વી
evenly,0.9,0.0,સમાનરૂપે
excellent,0.9,0.0,ઉત્તમ
witty,0.9,0.0,વિનોદી
glitz,0.9,0.0,ગ્લિટ્ઝ
leverage,0.9,0.0,લાભ
prospros,0.9,0.0,પ્રોસપ્રોસ
fame,0.9,0.0,ખ્યાતિ
golden,0.9,0.0,સુવર્ણ
substantive,0.9,0.0,નોંધપાત્ર
accurately,0.9,0.0,સચોટ રીતે
seasoned,0.9,0.0,અનુભવી
stupendous,0.9,0.0,મૂર્ખ
inestimable,0.9,0.0,અમૂલ્ય
propitious,0.9,0.0,લાભકારક
fashionably,0.9,0.0,ફેશનેબલ
regal,0.9,0.0,નિયમિત
persevere,0.9,0.0,અડગ રહેવું
well-informed,0.9,0.0,સારી રીતે માહિતગાર
intrigue,0.9,0.0,ષડયંત્ર
jubilant,0.9,0.0,આનંદકારક
euphorically,0.9,0.0,આનંદથી
amiability,0.9,0.0,સુલભતા
suavely,0.9,0.0,સવેવલી
galore,0.9,0.0,પુષ્કળ
sturdy,0.9,0.0,ખડતલ
transparent,0.9,0.0,પારદર્શક
undamaged,0.9,0.0,અનડેડ
cohere,0.9,0.0,સુસંગત
danke,0.9,0.0,આભાર
elatedly,0.9,0.0,આનંદથી
benifits,0.9,0.0,benifits
achievements,0.9,0.0,સિદ્ધિઓ
shimmering,0.9,0.0,ઝબૂકવું
preferes,0.9,0.0,પસંદ
impartial,0.9,0.0,નિષ્પક્ષ
promise,0.9,0.0,વચન
spectacular,0.9,0.0,જોવાલાયક
efficacious,0.9,0.0,અસરકારક
passion,0.9,0.0,ઉત્કટ
enhances,0.9,0.0,વધારે છે
beckoning,0.9,0.0,ઇશારો કરવો
earnestly,0.9,0.0,નિષ્ઠાપૂર્વક
right,0.9,0.0,બરાબર
mightily,0.9,0.0,શક્તિથી
favor,0.9,0.0,તરફેણ
ingenious,0.9,0.0,બુદ્ધિશાળી
exuberantly,0.9,0.0,ખુશીથી
exuberance,0.9,0.0,ઉમંગ
magnificence,0.9,0.0,ભવ્યતા
cleanest,0.9,0.0,સ્વચ્છ
gaining,0.9,0.0,પ્રાપ્ત
fascinating,0.9,0.0,રસપ્રદ
support,0.9,0.0,આધાર
soothingly,0.9,0.0,સુખથી
flattering,0.9,0.0,ખુશામત
orderly,0.9,0.0,વ્યવસ્થિત
wonderfully,0.9,0.0,આશ્ચર્યજનક રીતે
equitable,0.9,0.0,સમાન
first-class,0.9,0.0,પ્રથમ વર્ગ
honored,0.9,0.0,સન્માનિત
sparkle,0.9,0.0,સ્પાર્કલ
adored,0.9,0.0,પ્રેમાળ
ease,0.9,0.0,સરળતા
enthrall,0.9,0.0,મોહિત
available,0.9,0.0,ઉપલબ્ધ
enliven,0.9,0.0,જીવંત
impressed,0.9,0.0,પ્રભાવિત
supported,0.9,0.0,આધારભૂત
pleasing,0.9,0.0,ખુશી
versatile,0.9,0.0,બહુમુખી
warmly,0.9,0.0,હૂંફથી
marvelled,0.9,0.0,આશ્ચર્યજનક
pretty,0.9,0.0,સુંદર
sprightly,0.9,0.0,સ્પષ્ટ રીતે
fascination,0.9,0.0,મોહ
fave,0.9,0.0,fave
reasonably,0.9,0.0,વ્યાજબી રીતે
ovation,0.9,0.0,ઉત્તેજના
speedy,0.9,0.0,ઝડપી
satisfy,0.9,0.0,સંતોષ
super,0.9,0.0,સુપર
privileged,0.9,0.0,વિશેષાધિકૃત
jaw-dropping,0.9,0.0,જડબાના છોડતા
better-known,0.9,0.0,વધુ જાણીતા
accomplishments,0.9,0.0,સિદ્ધિઓ
breakthroughs,0.9,0.0,પ્રગતિઓ
hilarious,0.9,0.0,આનંદી
pride,0.9,0.0,ગૌરવ
hail,0.9,0.0,કરા
gains,0.9,0.0,લાભ
rectification,0.9,0.0,સુધારણા
kudos,0.9,0.0,કુડોઝ
like,0.9,0.0,ગમે છે
masters,0.9,0.0,માસ્ટર
appreciable,0.9,0.0,પ્રશંસાપાત્ર
nicest,0.9,0.0,શ્રેષ્ઠ
frolic,0.9,0.0,ફ્રોલિક
safely,0.9,0.0,સુરક્ષિત રીતે
instrumental,0.9,0.0,વાદ્ય
spectacularly,0.9,0.0,જોવાલાયક
harmless,0.9,0.0,હાનિકારક
unity,0.9,0.0,એકતા
fast-paced,0.9,0.0,ઝડપી કેળવેલું
ecstasy,0.9,0.0,એક્સ્ટસી
enjoy,0.9,0.0,આનંદ
enhancement,0.9,0.0,વૃદ્ધિ
assuring,0.9,0.0,ખાતરી આપી
work,0.9,0.0,કામ
edify,0.9,0.0,સુધારવું
formidable,0.9,0.0,પ્રચંડ
instantly,0.9,0.0,તરત
righteously,0.9,0.0,પ્રામાણિકપણે
painlessly,0.9,0.0,પીડારહિત
comfy,0.9,0.0,આરામદાયક
fervidly,0.9,0.0,ઉત્સાહથી
approval,0.9,0.0,મંજૂરી
fertile,0.9,0.0,ફળદ્રુપ
easygoing,0.9,0.0,સરળ
admiration,0.9,0.0,પ્રશંસા
reward,0.9,0.0,પુરસ્કાર
promoter,0.9,0.0,પ્રમોટર
responsive,0.9,0.0,પ્રતિભાવ
rapt,0.9,0.0,rapt
wowing,0.9,0.0,વણવું
promptly,0.9,0.0,તરત
awestruck,0.9,0.0,ઓવરસ્ટ્રક
joyful,0.9,0.0,આનંદકારક
dominate,0.9,0.0,વર્ચસ્વ
capably,0.9,0.0,યોગ્ય રીતે
virtue,0.9,0.0,પુણ્ય
prompt,0.9,0.0,પ્રોમ્પ્ટ
willingly,0.9,0.0,સ્વેચ્છાએ
magical,0.9,0.0,જાદુઈ
famed,0.9,0.0,પ્રખ્યાત
angel,0.9,0.0,દેવદૂત
masterfully,0.9,0.0,કુશળ
amazing,0.9,0.0,સુંદર
convincing,0.9,0.0,મનાવવું
awsome,0.9,0.0,ઉત્તમ
reforming,0.9,0.0,સુધારણા
clever,0.9,0.0,હોંશિયાર
fervently,0.9,0.0,ઉત્સાહથી
harmoniously,0.9,0.0,શાંતિથી
compact,0.9,0.0,કોમ્પેક્ટ
enterprising,0.9,0.0,સાહસિક
intriguing,0.9,0.0,રસપ્રદ
aspire,0.9,0.0,મહાપ્રાણ
elegance,0.9,0.0,લાવણ્ય
delightful,0.9,0.0,આનંદકારક
maneuverable,0.9,0.0,દાવપેચ
friendly,0.9,0.0,મૈત્રીપૂર્ણ
gainfully,0.9,0.0,લાભકારક રીતે
ideally,0.9,0.0,આદર્શ રીતે
complements,0.9,0.0,પૂરક
hardy,0.9,0.0,સખત
unconditional,0.9,0.0,બિનશરતી
homage,0.9,0.0,શ્રદ્ધાંજલિ
talented,0.9,0.0,પ્રતિભાશાળી
stellarly,0.9,0.0,તારાત્મક રીતે
futurestic,0.9,0.0,ભાવિ
congratulation,0.9,0.0,અભિનંદન
soft,0.9,0.0,નરમ
glory,0.9,0.0,ગૌરવ
encouragingly,0.9,0.0,પ્રોત્સાહક
stylishly,0.9,0.0,સ્ટાઇલિશલી
afford,0.9,0.0,પરવડી
jollify,0.9,0.0,જોલીફાઇ કરો
skill,0.9,0.0,કુશળતા
reasoned,0.9,0.0,તર્ક
piety,0.9,0.0,ધર્મનિષ્ઠા
peaceful,0.9,0.0,શાંતિપૂર્ણ
warmhearted,0.9,0.0,પ્રેમાળ
endorsing,0.9,0.0,સમર્થન આપવું
impressively,0.9,0.0,પ્રભાવશાળી
bravo,0.9,0.0,બ્રાવો
improvement,0.9,0.0,સુધારો
sumptuously,0.9,0.0,suptuously
pamper,0.9,0.0,લાડ લડાવવા
avidly,0.9,0.0,ઉત્સુકતાથી
profusion,0.9,0.0,ભ્રાંતિ
tenaciously,0.9,0.0,કઠોરતાથી
glisten,0.9,0.0,ચમકવું
famously,0.9,0.0,પ્રખ્યાત
timely,0.9,0.0,સમયસર
well-known,0.9,0.0,જાણીતા
tranquil,0.9,0.0,શાંત
carefree,0.9,0.0,નચિંત
healthful,0.9,0.0,આરોગ્યપ્રદ
dignified,0.9,0.0,પ્રતિષ્ઠિત
elegant,0.9,0.0,ભવ્ય
easy,0.9,0.0,સરળ
excitingly,0.9,0.0,ઉત્તેજક રીતે
well-received,0.9,0.0,સારી રીતે પ્રાપ્ત
impressiveness,0.9,0.0,પ્રભાવશાળીતા
simplifies,0.9,0.0,સરળ બનાવે છે
thrift,0.9,0.0,કરકસર
willingness,0.9,0.0,ઇચ્છા
virtuous,0.9,0.0,સદ્ગુણ
outperforms,0.9,0.0,આઉટપર્ફોર્મ્સ
adroitly,0.9,0.0,adroitly
believable,0.9,0.0,વિશ્વાસપાત્ર
ecstasies,0.9,0.0,એક્સ્ટાસીઝ
glimmering,0.9,0.0,ઝગમગાટ
continuity,0.9,0.0,સાતત્ય
unaffected,0.9,0.0,અસરગ્રસ્ત
neatest,0.9,0.0,નેટેસ્ટ
prefered,0.9,0.0,પસંદ કરેલું
attraction,0.9,0.0,આકર્ષણ
kindly,0.9,0.0,માયાળુ
breeze,0.9,0.0,પવનની લહેર
amicable,0.9,0.0,સુખી
flatter,0.9,0.0,ચપળ
knowledgeable,0.9,0.0,જાણકાર
first-in-class,0.9,0.0,પ્રથમ વર્ગમાં
gratifyingly,0.9,0.0,કૃતજ્ .તાપૂર્વક
windfall,0.9,0.0,પવન
nicer,0.9,0.0,સરસ
dedicated,0.9,0.0,સમર્પિત
well-intentioned,0.9,0.0,સારી ઇરાદાપૂર્વક
autonomous,0.9,0.0,સ્વાયત
awed,0.9,0.0,ઓડ
promises,0.9,0.0,વચનો
lucrative,0.9,0.0,લાભકારક
compassionate,0.9,0.0,કરુણાશીલ
dependably,0.9,0.0,આધાર રાખે છે
handsome,0.9,0.0,ઉદાર
chic,0.9,0.0,છટાદાર
excited,0.9,0.0,ઉત્સાહિત
infallibly,0.9,0.0,અચૂક
proving,0.9,0.0,સાબિત
impresses,0.9,0.0,પ્રભાવિત કરે છે
interests,0.9,0.0,રૂચિ
enviably,0.9,0.0,ઈર્ષ્યાથી
dotingly,0.9,0.0,ડોટલી
superior,0.9,0.0,ચડિયાતું
pleasurable,0.9,0.0,આનંદદાયક
industrious,0.9,0.0,મહેનતુ
polite,0.9,0.0,નમ્ર
slick,0.9,0.0,ચપળ
compliant,0.9,0.0,સુસંગત
smile,0.9,0.0,સ્મિત
agreeably,0.9,0.0,સંમત
miraculousness,0.9,0.0,ચમત્કારિકતા
works,0.9,0.0,કામ કરે છે
reverent,0.9,0.0,આદરણીય
graciously,0.9,0.0,દયાથી
pinnacle,0.9,0.0,પરાકાષ્ઠા
risk-free,0.9,0.0,જોખમ મુક્ત
empathize,0.9,0.0,સહાનુભૂતિ
righteous,0.9,0.0,પ્રામાણિક
subsidize,0.9,0.0,સબસિડી
effusion,0.9,0.0,પ્રવાહ
unfazed,0.9,0.0,બેફામ
awarded,0.9,0.0,એનાયત
excelled,0.9,0.0,ઉત્તમ
beckon,0.9,0.0,ઇશારો કરવો
well-backlit,0.9,0.0,સારી રીતે બેકલાઇટ
law-abiding,0.9,0.0,કાયદાનું પાલન કરનાર
eased,0.9,0.0,હળવું
amusingly,0.9,0.0,રમૂજી રીતે
sensible,0.9,0.0,સમજુ
impeccable,0.9,0.0,દોષરહિત
awesomely,0.9,0.0,ભયાનક રીતે
competitive,0.9,0.0,સ્પર્ધાત્મક
bravery,0.9,0.0,બહાદુરી
distinction,0.9,0.0,ભેદ
sagacity,0.9,0.0,મુગ્ધતા
goood,0.9,0.0,ગુડ
properly,0.9,0.0,યોગ્ય રીતે
bloom,0.9,0.0,મોર
freshest,0.9,0.0,તાજી
richly,0.9,0.0,સમૃદ્ધપણે
well-wishers,0.9,0.0,શુભેચ્છકો
flawlessly,0.9,0.0,દોષરહિત
quaint,0.9,0.0,વિલક્ષણ
smartest,0.9,0.0,હોંશિયાર
gracious,0.9,0.0,દયાળુ
youthful,0.9,0.0,જુવાન
revolutionizes,0.9,0.0,ક્રાંતિ
eloquently,0.9,0.0,છટાદાર
beautiful,0.9,0.0,સુંદર
feasibly,0.9,0.0,શક્ય છે
relaxed,0.9,0.0,હળવા
succes,0.9,0.0,સફળતા
incredible,0.9,0.0,અતુલ્ય
recovery,0.9,0.0,પુન: પ્રાપ્તિ
wisely,0.9,0.0,સમજદારીપૂર્વક
effective,0.9,0.0,અસરકારક
merriment,0.9,0.0,આનંદ
low-risk,0.9,0.0,ઓછું જોખમ
affluence,0.9,0.0,સમૃધ્ધિ
admirable,0.9,0.0,વખાણવા યોગ્ય
inpressed,0.9,0.0,સંકુચિત
wows,0.9,0.0,વાહ
refine,0.9,0.0,શુદ્ધ કરવું
brave,0.9,0.0,બહાદુર
amity,0.9,0.0,માયા
benevolent,0.9,0.0,પરોપકારી
securely,0.9,0.0,સુરક્ષિત રીતે
improved,0.9,0.0,સુધારો થયો
desiring,0.9,0.0,ઇચ્છા
reform,0.9,0.0,સુધારા
romantically,0.9,0.0,રોમેન્ટિકલી
sporty,0.9,0.0,સ્પોર્ટી
reverence,0.9,0.0,આદર
invigorate,0.9,0.0,ઉત્સાહ
outstanding,0.9,0.0,બાકી
prefers,0.9,0.0,પસંદ કરે છે
magnificent,0.9,0.0,ભવ્ય
outperformed,0.9,0.0,આઉટપર્ફોર્મ
eminence,0.9,0.0,ખ્યાતિ
satisified,0.9,0.0,સંતોષ
enviousness,0.9,0.0,ઈર્ષ્યા
overjoyed,0.9,0.0,ખુશી
sophisticated,0.9,0.0,સુસંસ્કૃત
extol,0.9,0.0,સ્તુતિ
astonishingly,0.9,0.0,આશ્ચર્યજનક રીતે
world-famous,0.9,0.0,વિશ્વવિખ્યાત
gratitude,0.9,0.0,કૃતજ્ .તા
deservedly,0.9,0.0,લાયક
mesmerizingly,0.9,0.0,વહાલથી
unparalleled,0.9,0.0,અપ્રતિમ
gorgeously,0.9,0.0,ખૂબસૂરત
genial,0.9,0.0,મહાન
succeed,0.9,0.0,સફળ
beautifullly,0.9,0.0,સુંદર રીતે
faithfully,0.9,0.0,વિશ્વાસથી
priceless,0.9,0.0,અમૂલ્ય
exultant,0.9,0.0,નૃત્ય
thank,0.9,0.0,આભાર
thumbs-up,0.9,0.0,"ઉત્તમ, શ્રેષ્ઠ"
titillating,0.9,0.0,શીર્ષક
preferably,0.9,0.0,પ્રાધાન્ય
wonder,0.9,0.0,આશ્ચર્ય
jubilate,0.9,0.0,આનંદી
finest,0.9,0.0,શ્રેષ્ઠ
recommendation,0.9,0.0,ભલામણ
astonishing,0.9,0.0,આશ્ચર્યજનક
enrapt,0.9,0.0,enrapt
honesty,0.9,0.0,પ્રામાણિકતા
luxury,0.9,0.0,વૈભવી
futuristic,0.9,0.0,ભાવિ
important,0.9,0.0,મહત્વપૂર્ણ
gaily,0.9,0.0,ગેલી
smooth,0.9,0.0,સરળ
stronger,0.9,0.0,મજબૂત
high-spirited,0.9,0.0,ઉચ્ચ ઉત્સાહી
succeeding,0.9,0.0,સફળ
beloved,0.9,0.0,પ્રિય
beautifully,0.9,0.0,સુંદર રીતે
sustainable,0.9,0.0,ટકાઉ
staunch,0.9,0.0,કટ્ટર
nice,0.9,0.0,સરસ
acclamation,0.9,0.0,વખાણ
stellar,0.9,0.0,તારાઓની
favorited,0.9,0.0,મનપસંદ
zenith,0.9,0.0,ઝેનિથ
courteous,0.9,0.0,નમ્ર
heroically,0.9,0.0,વીરતાપૂર્વક
lucky,0.9,0.0,નસીબદાર
correctly,0.9,0.0,યોગ્ય રીતે
prudent,0.9,0.0,સમજદાર
success,0.9,0.0,સફળતા
lustrous,0.9,0.0,કામાતુર
non-violent,0.9,0.0,અહિંસક
fervid,0.9,0.0,પવિત્ર
gratifying,0.9,0.0,સંતોષકારક
statuesque,0.9,0.0,પ્રતિમા
heartening,0.9,0.0,આનંદકારક
unequivocally,0.9,0.0,અસ્પષ્ટ રીતે
brand-new,0.9,0.0,તદ્દન નવું
blockbuster,0.9,0.0,બ્લોકબસ્ટર
breathtaking,0.9,0.0,હંફાવવું
remission,0.9,0.0,માફી
heal,0.9,0.0,રૂઞ આવવી
accomodative,0.9,0.0,અનુકૂળ
ebullience,0.9,0.0,ઉદ્ભવ
rightness,0.9,0.0,ઉચિતતા
nobly,0.9,0.0,nobly
finer,0.9,0.0,સરસ
gaiety,0.9,0.0,ઉમદા
eagerly,0.9,0.0,આતુરતાથી
accessable,0.9,0.0,.ક્સેસિબલ
acclaim,0.9,0.0,પ્રશંસા
self-sufficient,0.9,0.0,આત્મનિર્ભર
adulatory,0.9,0.0,એડ્યુલેટરી
roomy,0.9,0.0,મો roomું
harmonious,0.9,0.0,નિર્દોષ
ecstatically,0.9,0.0,ઉત્સાહથી
relent,0.9,0.0,પ્રતિષ્ઠિત
impassioned,0.9,0.0,પ્રભાવિત
rectifying,0.9,0.0,સુધારણા
prize,0.9,0.0,ઇનામ
beauteous,0.9,0.0,સુંદર
confidence,0.9,0.0,આત્મવિશ્વાસ
cherished,0.9,0.0,પ્રિય છે
outstrip,0.9,0.0,પછાડવું
wieldy,0.9,0.0,વેલ્ડી
picturesque,0.9,0.0,મનોહર
educated,0.9,0.0,શિક્ષિત
dauntless,0.9,0.0,બેચેન
embolden,0.9,0.0,ઉત્સાહિત
reaffirmation,0.9,0.0,પુષ્ટિ
cost-saving,0.9,0.0,ખર્ચ બચત
brainy,0.9,0.0,બુદ્ધિશાળી
unencumbered,0.9,0.0,અવિરત
amenity,0.9,0.0,સગવડતા
valor,0.9,0.0,કિંમત
convience,0.9,0.0,ખાતરી
err-free,0.9,0.0,ભૂલ મુક્ત
hotcake,0.9,0.0,હોટકેક
delighted,0.9,0.0,આનંદ
prestigious,0.9,0.0,પ્રતિષ્ઠિત
amazingly,0.9,0.0,આશ્ચર્યજનક રીતે
encourage,0.9,0.0,પ્રોત્સાહન
liked,0.9,0.0,ગમ્યું
correct,0.9,0.0,સાચું
outdo,0.9,0.0,આઉટડો
helped,0.9,0.0,મદદ કરી
accolade,0.9,0.0,વખાણ
invulnerable,0.9,0.0,અભેદ્ય
defeating,0.9,0.0,હરાવવા
gems,0.9,0.0,રત્ન
low-priced,0.9,0.0,ઓછી કિંમતવાળી
patiently,0.9,0.0,ધીરજથી
dazzle,0.9,0.0,ઝાકઝમાળ
enviable,0.9,0.0,ઈર્ષાભાવપૂર્ણ
engaging,0.9,0.0,આકર્ષક
ingenuous,0.9,0.0,ચાતુર્ય
peach,0.9,0.0,આલૂ
gleefully,0.9,0.0,આનંદથી
supurbly,0.9,0.0,supurbly
refund,0.9,0.0,પરત કરેલી રકમ
lower-priced,0.9,0.0,નીચા ભાવે
patriotic,0.9,0.0,દેશભક્તિ
calmness,0.9,0.0,શાંતિ
irreplaceable,0.9,0.0,બદલી ન શકાય તેવું
fearlessly,0.9,0.0,નિર્ભયપણે
steadfastly,0.9,0.0,અડગ
exalting,0.9,0.0,ઉત્તમ
trustworthiness,0.9,0.0,વિશ્વસનીયતા
accommodative,0.9,0.0,અનુકૂળ
unrestricted,0.9,0.0,અનિયંત્રિત
affordably,0.9,0.0,પોસાય
appeal,0.9,0.0,અપીલ
integrated,0.9,0.0,સંકલિત
dead-on,0.9,0.0,મૃત-પર
remarkable,0.9,0.0,નોંધપાત્ર
brainiest,0.9,0.0,બુદ્ધિશાળી
time-honored,0.9,0.0,સમય સન્માનિત
savior,0.9,0.0,તારણહાર
backbone,0.9,0.0,બેકબોન
outstandingly,0.9,0.0,ઉત્કૃષ્ટપણે
amazement,0.9,0.0,આશ્ચર્ય
replaceable,0.9,0.0,બદલી શકાય તેવું
swankiest,0.9,0.0,swankiest
energy-saving,0.9,0.0,ઉર્જા બચાવતું
prodigious,0.9,0.0,અવિચારી
amicably,0.9,0.0,દિલથી
guarantee,0.9,0.0,ગેરંટી
simplifying,0.9,0.0,સરળ
supremacy,0.9,0.0,વર્ચસ્વ
softer,0.9,0.0,નરમ
honest,0.9,0.0,પ્રામાણિક
covenant,0.9,0.0,કરાર
striking,0.9,0.0,પ્રહારો
sensitive,0.9,0.0,સંવેદનશીલ
attractively,0.9,0.0,આકર્ષક રીતે
electrify,0.9,0.0,વીજળી
best-performing,0.9,0.0,શ્રેષ્ઠ પ્રદર્શન
simplify,0.9,0.0,સરળ બનાવો
spellbinding,0.9,0.0,જોડણી
cure-all,0.9,0.0,ઇલાજ
hands-down,0.9,0.0,હાથ નીચે
soundly,0.9,0.0,અવાજથી
snappy,0.9,0.0,સ્નેપ્પી
exquisite,0.9,0.0,ઉત્કૃષ્ટ
reassure,0.9,0.0,ખાતરી
brilliances,0.9,0.0,તેજસ્વીતા
paramount,0.9,0.0,પેરામાઉન્ટ
dextrous,0.9,0.0,દ્વેષપૂર્ણ
lucidly,0.9,0.0,lucidly
contrasty,0.9,0.0,વિરોધાભાસી
accomplishment,0.9,0.0,સિદ્ધિ
humorous,0.9,0.0,રમૂજી
appropriate,0.9,0.0,યોગ્ય
undisputably,0.9,0.0,નિર્વિવાદપણે
clearly,0.9,0.0,સ્પષ્ટ રીતે
admiringly,0.9,0.0,પ્રશંસાપૂર્વક
eventful,0.9,0.0,ઘટનાપૂર્ણ
guidance,0.9,0.0,માર્ગદર્શન
hallowed,0.9,0.0,પવિત્ર
liberate,0.9,0.0,મુક્ત કરો
reclaim,0.9,0.0,ફરી દાવો કરો
outperform,0.9,0.0,આઉટપર્ફોર્મ
valiant,0.9,0.0,બહાદુર
magnanimously,0.9,0.0,મોટા પ્રમાણમાં
upliftingly,0.9,0.0,ઉત્થાનપૂર્વક
heaven,0.9,0.0,સ્વર્ગ
robust,0.9,0.0,મજબુત
blameless,0.9,0.0,દોષરહિત
spellbind,0.9,0.0,જોડણી
meritorious,0.9,0.0,હોશિયાર
self-determination,0.9,0.0,આત્મનિર્ધારણ
happiness,0.9,0.0,સુખ
enjoyable,0.9,0.0,આનંદપ્રદ
subsidizes,0.9,0.0,સબસિડી
nurturing,0.9,0.0,પાલનપોષણ કરવું
eminent,0.9,0.0,પ્રખ્યાત
heavenly,0.9,0.0,સ્વર્ગીય
engrossing,0.9,0.0,આકર્ષક
rich,0.9,0.0,શ્રીમંત
humor,0.9,0.0,રમૂજ
first-rate,0.9,0.0,પ્રથમ દર
unselfish,0.9,0.0,નિ unસ્વાર્થ
oasis,0.9,0.0,ઓએસિસ
poised,0.9,0.0,સજ્જ
kid-friendly,0.9,0.0,કિડ-ફ્રેંડલી
harmonize,0.9,0.0,સુમેળ સાધવો
vigilant,0.9,0.0,જાગૃત
outwit,0.9,0.0,વણવું
adoringly,0.9,0.0,પ્રેમપૂર્વક
quieter,0.9,0.0,શાંત
fondly,0.9,0.0,પ્રેમથી
instructive,0.9,0.0,ઉપદેશક
complemented,0.9,0.0,પૂરક
all-around,0.9,0.0,બધા આસપાસ
hallmarks,0.9,0.0,હોલમાર્ક
soundness,0.9,0.0,અવાજ
dashing,0.9,0.0,આડંબર
overtaken,0.9,0.0,આગળ નીકળી ગયો
grace,0.9,0.0,ગ્રેસ
advocate,0.9,0.0,એડવોકેટ
fanfare,0.9,0.0,ધામધૂમ
jubilantly,0.9,0.0,આનંદથી
praising,0.9,0.0,વખાણ
tops,0.9,0.0,ટોચ
succeeds,0.9,0.0,સફળ થાય છે
astonished,0.9,0.0,આશ્ચર્યચકિત
danken,0.9,0.0,નો આભાર માનવો
affection,0.9,0.0,સ્નેહ
geeky,0.9,0.0,નમ્ર
hot,0.9,0.0,ગરમ
advantageous,0.9,0.0,ફાયદાકારક
improve,0.9,0.0,સુધારો
sweetheart,0.9,0.0,પ્રેમિકા
eloquence,0.9,0.0,વક્તા
audibly,0.9,0.0,શ્રાવ્યરૂપે
charmingly,0.9,0.0,મોહક
incredibly,0.9,0.0,આશ્ચર્યજનક
solicitous,0.9,0.0,વિનંતી
well-made,0.9,0.0,સારી બનાવેલું
logical,0.9,0.0,તાર્કિક
zeal,0.9,0.0,ઉત્સાહ
thoughtfully,0.9,0.0,વિચારપૂર્વક
solid,0.9,0.0,નક્કર
deference,0.9,0.0,આદર
intuitive,0.9,0.0,સાહજિક
punctual,0.9,0.0,વિશિષ્ટ
hallmark,0.9,0.0,હોલમાર્ક
redeeming,0.9,0.0,છૂટકારો
safe,0.9,0.0,સલામત
excallent,0.9,0.0,ઉત્તમ
fortune,0.9,0.0,નસીબ
grin,0.9,0.0,હસવું
awesomeness,0.9,0.0,અદ્ભુતતા
succeeded,0.9,0.0,સફળ
beckons,0.9,0.0,બેકન્સ
pamperedly,0.9,0.0,લાડથી
appreciative,0.9,0.0,પ્રશંસાત્મક
thrilled,0.9,0.0,રોમાંચિત
loyal,0.9,0.0,વફાદાર
adventurous,0.9,0.0,સાહસિક
booming,0.9,0.0,તેજી
renown,0.9,0.0,ખ્યાતિ
dote,0.9,0.0,દહેજ
reformed,0.9,0.0,સુધારાયેલ
excellently,0.9,0.0,ઉત્તમ રીતે
fresh,0.9,0.0,તાજી
exceedingly,0.9,0.0,અતિશય
undisputable,0.9,0.0,નિર્વિવાદ
distinctive,0.9,0.0,વિશિષ્ટ
hale,0.9,0.0,હલે
gloriously,0.9,0.0,મહિમાથી
elan,0.9,0.0,જાહેરાત
stylized,0.9,0.0,શૈલીયુક્ત
sweeten,0.9,0.0,મધુર
alluring,0.9,0.0,આકર્ષક
fecilitous,0.9,0.0,શણગારેલું
overtaking,0.9,0.0,ઓવરટેકિંગ
saver,0.9,0.0,બચતકારની
ftw,0.9,0.0,ftw
laudable,0.9,0.0,વખાણવા યોગ્ય
euphoric,0.9,0.0,ગૌરવપૂર્ણ
impartially,0.9,0.0,નિષ્પક્ષ રીતે
lifesaver,0.9,0.0,જીવનચાલક
simplest,0.9,0.0,સરળ
excellency,0.9,0.0,શ્રેષ્ઠતા
agility,0.9,0.0,ચપળતા
blessing,0.9,0.0,આશીર્વાદ
winnable,0.9,0.0,વિજેતા
fair,0.9,0.0,વાજબી
monumentally,0.9,0.0,સ્મારક રીતે
felicity,0.9,0.0,સન્માન
hottest,0.9,0.0,સૌથી ગરમ
courtly,0.9,0.0,અદાલત
headway,0.9,0.0,પ્રગતિ
bonuses,0.9,0.0,બોનસ
best-known,0.9,0.0,શ્રેષ્ઠ જાણીતા
significant,0.9,0.0,નોંધપાત્ર
smoothes,0.9,0.0,સ્મૂથ
prettily,0.9,0.0,prettily
affinity,0.9,0.0,લગાવ
meaningful,0.9,0.0,અર્થપૂર્ણ
prosperous,0.9,0.0,સમૃધ્ધ
ambitiously,0.9,0.0,મહત્વાકાંક્ષી
versatility,0.9,0.0,વૈવિધ્યતા
lawfully,0.9,0.0,કાયદેસર રીતે
resourceful,0.9,0.0,સાધનસંપન્ન
endearing,0.9,0.0,પ્રિય
felicitate,0.9,0.0,સારા નસીબ
heartily,0.9,0.0,દિલથી
admire,0.9,0.0,પ્રશંસક
suffices,0.9,0.0,પૂરતા
aspirations,0.9,0.0,આકાંક્ષાઓ
infallibility,0.9,0.0,અપૂર્ણતા
surpass,0.9,0.0,વટાવી
delicious,0.9,0.0,સ્વાદિષ્ટ
complimentary,0.9,0.0,સ્તુત્ય
novelty,0.9,0.0,નવીનતા
coherence,0.9,0.0,સુસંગતતા
subsidized,0.9,0.0,સબસિડી
surreal,0.9,0.0,અતિવાસ્તવ
spiritual,0.9,0.0,આધ્યાત્મિક
grandeur,0.9,0.0,મહાનતા
improving,0.9,0.0,સુધારણા
goodness,0.9,0.0,દેવતા
bonus,0.9,0.0,બોનસ
amusing,0.9,0.0,મનોરંજક
confident,0.9,0.0,આત્મવિશ્વાસ
felicitous,0.9,0.0,સન્માનજનક
compactly,0.9,0.0,સઘન
trivially,0.9,0.0,તુચ્છ રીતે
achievable,0.9,0.0,પ્રાપ્ય
merrily,0.9,0.0,આનંદથી
exhilarating,0.9,0.0,આનંદકારક
thrills,0.9,0.0,રોમાંચ
tidy,0.9,0.0,વ્યવસ્થિત
jubiliant,0.9,0.0,જ્યુબિલી
sensibly,0.9,0.0,સંવેદનાથી
restructure,0.9,0.0,પુનર્ગઠન
miraculous,0.9,0.0,ચમત્કારિક
glee,0.9,0.0,આનંદ
whoa,0.9,0.0,ઓહ
superb,0.9,0.0,શાનદાર
obsession,0.9,0.0,વળગાડ
joyfully,0.9,0.0,આનંદથી
undisputed,0.9,0.0,અવિવાદિત
comely,0.9,0.0,સરસ
gorgeous,0.9,0.0,ખૂબસૂરત
luckier,0.9,0.0,નસીબદાર
worth,0.9,0.0,વર્થ
beneficially,0.9,0.0,લાભકારક રીતે
user-replaceable,0.9,0.0,વપરાશકર્તા-બદલી શકાય તેવું
decent,0.9,0.0,શિષ્ટ
blissfully,0.9,0.0,આનંદથી
salutary,0.9,0.0,નમસ્કાર
commodious,0.9,0.0,ચીજવસ્તુ
stable,0.9,0.0,સ્થિર
scenic,0.9,0.0,મનોહર
unassailable,0.9,0.0,અનુપલબ્ધ
holy,0.9,0.0,પવિત્ર
invincibility,0.9,0.0,અદમ્યતા
enchant,0.9,0.0,મોહક
appealing,0.9,0.0,અપીલ
resolute,0.9,0.0,નિશ્ચય
titillatingly,0.9,0.0,શીર્ષકથી
excellence,0.9,0.0,શ્રેષ્ઠતા
perfect,0.9,0.0,સંપૂર્ણ
revolutionized,0.9,0.0,ક્રાંતિ થઈ
exalted,0.9,0.0,ઉત્તમ
loves,0.9,0.0,પ્રેમ
accolades,0.9,0.0,વખાણ
delectable,0.9,0.0,ઉપકારક
wowed,0.9,0.0,વાવ
