Term,PosScore,NegScore,Tamil
direct,0.75,0.0,நேரடி
adoptable,0.75,0.0,தத்தெடுக்கக்கூடியது
due,0.75,0.0,காரணமாக
ravishing,0.75,0.0,அழிவு
benefic,0.75,0.0,நன்மை பயக்கும்
unsurpassable,1.0,0.0,மீறமுடியாதது
thorough,0.75,0.0,முழுமையானது
cautious,0.75,0.0,எச்சரிக்கையாக
competent,0.75,0.0,திறமையானவர்
workmanlike,0.75,0.0,பணிபுரியும்
competent,0.75,0.0,திறமையானவர்
full-blown,0.75,0.0,முழு வீசிய
conspicuous,0.75,0.0,பகட்டான
differentiable,0.75,0.0,வேறுபடுத்தக்கூடியது
constant,0.75,0.125,மாறிலி
incorrupt,0.75,0.25,தவறான
corn-fed,0.75,0.0,சோளம் ஊட்டி
decorous,0.75,0.0,அலங்கார
definite,0.75,0.0,திட்டவட்டமான
importunate,0.75,0.125,இறக்குமதி
plummy,0.75,0.0,பிளம்மி
discerning,0.875,0.0,விவேகமான
incisive,0.75,0.0,incisive
metal-cutting,0.75,0.0,உலோக வெட்டு
bounden,0.875,0.0,எல்லை
disenchanted,0.875,0.0,ஏமாற்றமடைந்தார்
exportable,0.75,0.0,ஏற்றுமதி செய்யக்கூடியது
enlightened,0.75,0.0,அறிவொளி
estimable,1.0,0.0,மதிப்பிடத்தக்கது
exchangeable,0.75,0.0,பரிமாற்றம் செய்யக்கூடியது
expendable,0.75,0.0,செலவு செய்யக்கூடியது
extricable,0.75,0.0,பிரித்தெடுக்கக்கூடியது
fit,0.75,0.0,பொருத்தம்
pleasant-smelling,0.75,0.0,இனிமையான மணம்
goodish,0.75,0.0,நல்ல
goody-goody,0.875,0.0,நல்ல-நல்ல
white,0.75,0.0,வெள்ளை
good-natured,0.75,0.0,நல்ல இயல்புடையவர்
gainly,0.875,0.0,ஆதாயம்
bouncing,0.75,0.0,துள்ளல்
firm,0.875,0.0,நிறுவனம்
hearty,0.75,0.0,மனம் நிறைந்த
well-preserved,0.75,0.0,நன்கு பாதுகாக்கப்படுகிறது
laureate,0.75,0.0,பரிசு பெற்றவர்
droll,0.75,0.0,துளை
measurable,0.75,0.0,அளவிடக்கூடியது
intellectual,0.875,0.0,அறிவுசார்
inviting,0.75,0.0,அழைக்கும்
gladsome,0.75,0.0,கிளாட்ஸோம்
singable,0.75,0.0,பாடக்கூடியது
moralistic,0.75,0.125,அறநெறி
incorrupt,0.75,0.25,தவறான
licit,0.75,0.0,ஏலம்
incumbent,0.875,0.0,பதவியில்
unimpassioned,0.75,0.0,unimpassioned
finished,0.75,0.0,முடிந்தது
microscopic,0.75,0.0,நுண்ணிய
halal,0.75,0.0,சட்டபூர்வமானது
kosher,0.75,0.0,கோஷர்
disarming,0.75,0.125,நிராயுதபாணியாக்கம்
white,0.75,0.125,வெள்ளை
ladylike,0.75,0.0,பெண் போன்ற
unprintable,0.75,0.25,அச்சிட முடியாதது
diffident,0.875,0.0,வேறுபட்டது
answerable,0.875,0.0,பதிலளிக்கக்கூடிய
emancipative,0.75,0.125,விடுதலை
danceable,0.75,0.0,நடனமாடக்கூடியது
opposite,0.75,0.125,எதிர்
antiseptic,0.75,0.25,கிருமி நாசினிகள்
shapely,0.75,0.0,வடிவமாக
well-proportioned,0.75,0.0,நன்கு விகிதாசார
sound,0.75,0.0,ஒலி
straightarrow,0.875,0.125,நேராக
upper,0.75,0.0,மேல்
banner,0.875,0.0,பதாகை
gilt-edged,0.75,0.0,கில்ட் முனைகள்
premium,0.75,0.0,பிரீமியம்
shining,0.75,0.0,பிரகாசிக்கிறது
spiffing,0.875,0.0,spiffing
choice,0.75,0.125,தேர்வு
serviceable,0.75,0.0,சேவை செய்யக்கூடியது
sacred,0.75,0.0,புனிதமானது
constitutional,0.75,0.0,அரசியலமைப்பு
deliverable,0.75,0.0,வழங்கக்கூடியது
ducal,0.75,0.0,ducal
masterstroke,0.75,0.0,மாஸ்டர்ஸ்ட்ரோக்
pleasantry,0.75,0.0,இனிமையானது
indignity,0.75,0.0,கோபம்
props,0.875,0.0,முட்டுகள்
titillation,0.75,0.0,தலைப்பு
beatification,0.75,0.0,அடிமைப்படுத்தல்
rambouillet,0.75,0.0,rambouillet
character,0.875,0.0,தன்மை
drama,0.75,0.0,நாடகம்
chirpiness,0.75,0.0,உற்சாகம்
vivacity,0.75,0.25,உயிரோட்டம்
mettlesomeness,0.75,0.0,mettlesomeness
bluffness,0.875,0.0,மழுங்கல்
picturesqueness,0.875,0.0,picturesqueness
pleasingness,0.75,0.0,மகிழ்ச்சி
attractiveness,0.75,0.0,கவர்ச்சி
innateness,0.75,0.25,இயல்பற்ற தன்மை
totality,0.75,0.0,மொத்தம்
looseness,0.75,0.25,தளர்வு
wholesomeness,0.875,0.0,ஆரோக்கியம்
healthfulness,0.875,0.0,ஆரோக்கியம்
trueness,0.75,0.0,உண்மை
tastefulness,0.875,0.0,சுவை
urbanity,0.875,0.0,நகர்ப்புறம்
conscientiousness,0.75,0.0,மனசாட்சி
safeness,0.75,0.25,பாதுகாப்பு
scrupulousness,0.75,0.0,மோசமான
integrity,0.875,0.125,நேர்மை
probity,0.75,0.0,நிகழ்தகவு
artfulness,0.75,0.0,கலைத்திறன்
dedication,0.875,0.0,அர்ப்பணிப்பு
urbanity,0.875,0.0,நகர்ப்புறம்
crispness,0.875,0.0,மிருதுவான தன்மை
extremeness,0.75,0.25,தீவிரம்
reasonableness,0.75,0.0,நியாயத்தன்மை
affirmativeness,0.75,0.0,உறுதிப்படுத்தல்
importance,0.75,0.125,முக்கியத்துவம்
account,0.875,0.125,கணக்கு
meaningfulness,0.75,0.125,அர்த்தமுள்ள தன்மை
shrillness,0.75,0.25,கூச்சம்
eye,0.75,0.0,கண்
logic,0.75,0.0,தர்க்கம்
judiciousness,0.875,0.0,நீதித்துறை
ear,0.75,0.0,காது
balletomania,0.75,0.0,பாலேடோமேனியா
mastering,0.75,0.0,மாஸ்டரிங்
principle,0.75,0.0,கொள்கை
hedonism,0.75,0.0,ஹெடோனிசம்
courtesy,0.75,0.0,மரியாதை
topper,0.75,0.0,முதலிடம்
divination,0.875,0.0,கணிப்பு
moralism,0.75,0.125,அறநெறி
bonheur,0.875,0.0,மகிழ்ச்சி
beneficence,0.75,0.0,நன்மை
criollo,0.75,0.0,கிரியோல்
amoralist,0.75,0.0,ஒழுக்கவாதி
brick,0.75,0.0,செங்கல்
first-rater,1.0,0.0,முதல் மதிப்பீட்டாளர்
out-and-outer,0.75,0.0,வெளியே மற்றும் வெளிப்புறம்
pleaser,0.75,0.0,மகிழ்ச்சி
possible,0.75,0.0,சாத்தியம்
serendipity,0.75,0.125,தற்செயல்
antithesis,0.75,0.0,எதிர்வினை
contrary,0.75,0.0,மாறாக
algidity,0.75,0.25,அல்ஜிடிட்டி
pathology,0.75,0.125,நோயியல்
character,0.875,0.0,தன்மை
fettle,0.75,0.0,கரு
time,0.75,0.0,நேரம்
simply,0.75,0.0,வெறுமனே
downright,0.75,0.0,வெளிப்படையான
recuperate,0.75,0.0,குணமடை
redound,0.75,0.0,redound
enervate,0.75,0.0,enervate
delouse,0.75,0.0,delouse
think,0.75,0.0,சிந்தியுங்கள்
receive,0.75,0.0,பெறு
consider,0.75,0.0,கருத்தில் கொள்ளுங்கள்
give,0.75,0.125,கொடுங்கள்
filigree,0.875,0.0,ஃபிலிகிரீ
stultify,0.75,0.125,பலப்படுத்துங்கள்
see,0.75,0.0,பார்க்க
vest,0.875,0.0,உடுப்பு
agree,0.875,0.0,ஒப்புக்கொள்கிறேன்
suit,0.875,0.0,வழக்கு
belong,0.75,0.0,சொந்தமானது
make,0.875,0.0,செய்ய
sensation,0.9,0.0,உணர்வு
thriving,0.9,0.0,வெற்றிகரமான
marvels,0.9,0.0,அற்புதங்கள்
vibrant,0.9,0.0,துடிப்பான
fragrant,0.9,0.0,மணம்
enthusiast,0.9,0.0,ஆர்வலர்
successfully,0.9,0.0,வெற்றிகரமாக
gifted,0.9,0.0,பரிசளித்தார்
unequivocal,0.9,0.0,தெளிவான
readily,0.9,0.0,உடனடியாக
solicitously,0.9,0.0,வேண்டுகோள்
enchantingly,0.9,0.0,மயக்கும்
gold,0.9,0.0,தங்கம்
comforting,0.9,0.0,ஆறுதல்
portable,0.9,0.0,சிறிய
sensations,0.9,0.0,உணர்வுகள்
truthful,0.9,0.0,உண்மை
notably,0.9,0.0,குறிப்பாக
bonny,0.9,0.0,பன்னி
adulate,0.9,0.0,adulate
jolly,0.9,0.0,மகிழ்ச்சி
supurb,0.9,0.0,supurb
aspiration,0.9,0.0,ஆசை
venerate,0.9,0.0,வணங்குங்கள்
liking,0.9,0.0,விருப்பபடி
sweeping,0.9,0.0,துடைத்தல்
flexible,0.9,0.0,நெகிழ்வான
liberty,0.9,0.0,சுதந்திரம்
refresh,0.9,0.0,புதுப்பிப்பு
vivacious,0.9,0.0,உயிரோட்டமான
gem,0.9,0.0,மாணிக்கம்
impress,0.9,0.0,ஈர்க்க
trumpet,0.9,0.0,எக்காளம்
entrust,0.9,0.0,ஒப்படைக்கவும்
catchy,0.9,0.0,கவர்ச்சியுள்ள
talents,0.9,0.0,திறமைகள்
retractable,0.9,0.0,உள்ளிழுக்கும்
passionate,0.9,0.0,உணர்ச்சி
triumph,0.9,0.0,வெற்றி
afordable,0.9,0.0,afordable
congratulations,0.9,0.0,வாழ்த்துக்கள்
bargain,0.9,0.0,பேரம்
glad,0.9,0.0,மகிழ்ச்சி
rejuvenated,0.9,0.0,புத்துயிர் பெற்றது
top,0.9,0.0,மேல்
gladden,0.9,0.0,மகிழ்ச்சி
energize,0.9,0.0,ஆற்றல்
humane,0.9,0.0,மனிதாபிமானம்
swank,0.9,0.0,ஸ்வாங்க்
insightfully,0.9,0.0,நுண்ணறிவுடன்
courageousness,0.9,0.0,தைரியம்
fancinating,0.9,0.0,கற்பனை
maturity,0.9,0.0,முதிர்ச்சி
energy-efficient,0.9,0.0,ஆற்றல் திறன்
calm,0.9,0.0,அமைதியாக
desirable,0.9,0.0,விரும்பத்தக்கது
poeticize,0.9,0.0,கவிதை
easiest,0.9,0.0,எளிதானது
low-price,0.9,0.0,குறைந்த விலை
striving,0.9,0.0,பாடுபடுகிறது
advantage,0.9,0.0,நன்மை
cheerful,0.9,0.0,மகிழ்ச்சியான
ample,0.9,0.0,ஏராளமான
steady,0.9,0.0,நிலையான
effortless,0.9,0.0,சிரமமின்றி
innovation,0.9,0.0,கண்டுபிடிப்பு
fine-looking,0.9,0.0,அழகாக இருக்கிறது
wonders,0.9,0.0,அதிசயங்கள்
cashback,0.9,0.0,பணம் மீளப்பெறல்
quicker,0.9,0.0,விரைவாக
gleeful,0.9,0.0,மகிழ்ச்சியான
expertly,0.9,0.0,திறமையாக
divine,0.9,0.0,தெய்வீக
miraculously,0.9,0.0,அற்புதமாக
daring,0.9,0.0,தைரியமான
pepped,0.9,0.0,pepped
cooperatively,0.9,0.0,ஒத்துழைப்புடன்
gainful,0.9,0.0,லாபகரமான
rewarding,0.9,0.0,பலனளிக்கும்
magnificently,0.9,0.0,அற்புதமாக
captivate,0.9,0.0,வசீகரிக்கவும்
exceeding,0.9,0.0,மீறுகிறது
ready,0.9,0.0,தயார்
invaluablely,0.9,0.0,விலைமதிப்பற்ற
modesty,0.9,0.0,அடக்கம்
innovative,0.9,0.0,புதுமையானது
rapturous,0.9,0.0,பரபரப்பான
soulful,0.9,0.0,ஆத்மார்த்தமான
hard-working,0.9,0.0,கடின உழைப்பாளி
understandable,0.9,0.0,புரிந்துகொள்ளக்கூடியது
resourcefulness,0.9,0.0,வளம்
illumine,0.9,0.0,ஒளிரும்
trusty,0.9,0.0,நம்பகமான
patriot,0.9,0.0,தேசபக்தர்
amply,0.9,0.0,போதுமான
appreciate,0.9,0.0,பாராட்ட
large-capacity,0.9,0.0,பெரிய திறன்
ardent,0.9,0.0,தீவிரமான
inspiration,0.9,0.0,உத்வேகம்
topnotch,0.9,0.0,topnotch
fluent,0.9,0.0,சரளமாக
well-balanced,0.9,0.0,நன்கு சீரான
clear-cut,0.9,0.0,தெளிவான வெட்டு
lovely,0.9,0.0,அழகான
frugal,0.9,0.0,அளவாக செலவிடுதல்
affirm,0.9,0.0,உறுதிபடுத்தவும்
idealize,0.9,0.0,இலட்சியமாக்கு
great,0.9,0.0,நன்று
profoundly,0.9,0.0,ஆழமாக
gumption,0.9,0.0,gumption
elation,0.9,0.0,உற்சாகம்
stability,0.9,0.0,ஸ்திரத்தன்மை
spellbound,0.9,0.0,எழுத்துப்பிழை
obsessions,0.9,0.0,ஆவேசங்கள்
applaud,0.9,0.0,கைத்தட்டல்
willing,0.9,0.0,விருப்பம்
well-bred,0.9,0.0,நன்கு வளர்க்கப்பட்ட
cleanly,0.9,0.0,தூய்மையாக
graciousness,0.9,0.0,கருணை
constructive,0.9,0.0,ஆக்கபூர்வமான
pampers,0.9,0.0,pampers
hotcakes,0.9,0.0,ஹாட் கேக்குகள்
realistic,0.9,0.0,யதார்த்தமான
nicely,0.9,0.0,நன்றாக
unbiased,0.9,0.0,பக்கச்சார்பற்ற
virtuously,0.9,0.0,நல்லொழுக்கத்துடன்
free,0.9,0.0,இலவசம்
fairly,0.9,0.0,மிகவும்
cushy,0.9,0.0,குஷி
grand,0.9,0.0,உயரமான
admirer,0.9,0.0,ரசிக்கிறது
peaceable,0.9,0.0,அமைதியானது
laud,0.9,0.0,மேசை
renewed,0.9,0.0,புதுப்பிக்கப்பட்டது
inspire,0.9,0.0,ஊக்குவிக்கவும்
buoyant,0.9,0.0,மிதமான
humility,0.9,0.0,பணிவு
stabilize,0.9,0.0,உறுதிப்படுத்த
hopeful,0.9,0.0,நம்பிக்கை
staunchness,0.9,0.0,உறுதியான தன்மை
tenderly,0.9,0.0,மென்மையாக
amiabily,0.9,0.0,இணக்கமாக
liberation,0.9,0.0,விடுதலை
loveliness,0.9,0.0,அருமை
stunned,0.9,0.0,திகைத்துப்போனது
seamless,0.9,0.0,தடையற்ற
supremely,0.9,0.0,மிக உயர்ந்த
capable,0.9,0.0,திறன்
firmer,0.9,0.0,உறுதியான
overture,0.9,0.0,overture
chivalrous,0.9,0.0,chivalrous
ingeniously,0.9,0.0,தனித்துவமாக
freedom,0.9,0.0,சுதந்திரம்
well-positioned,0.9,0.0,நன்கு நிலைநிறுத்தப்பட்டுள்ளது
balanced,0.9,0.0,சமச்சீர்
refunded,0.9,0.0,திரும்பப் பெறப்பட்டது
triumphal,0.9,0.0,வெற்றி
angelic,0.9,0.0,தேவதூதர்
matchless,0.9,0.0,பொருத்தமற்றது
tenacious,0.9,0.0,உறுதியான
successful,0.9,0.0,வெற்றிகரமாக
powerfully,0.9,0.0,சக்திவாய்ந்த
uplifting,0.9,0.0,மேம்படுத்துதல்
dynamic,0.9,0.0,மாறும்
thankful,0.9,0.0,நன்றி
cuteness,0.9,0.0,வெட்டு
champ,0.9,0.0,புலம்
intriguingly,0.9,0.0,புதிராக
sufficiently,0.9,0.0,போதுமான
pepping,0.9,0.0,pepping
god-send,0.9,0.0,கடவுள்-அனுப்பு
mature,0.9,0.0,முதிர்ந்த
top-quality,0.9,0.0,உயர் தரம்
efficient,0.9,0.0,திறமையான
easy-to-use,0.9,0.0,பயன்படுத்த எளிதானது
peppy,0.9,0.0,மிளகுத்தூள்
idol,0.9,0.0,சிலை
elegantly,0.9,0.0,நேர்த்தியாக
glorious,0.9,0.0,மகிமை
insightful,0.9,0.0,நுண்ணறிவு
economical,0.9,0.0,பொருளாதார
reassurance,0.9,0.0,உறுதியளித்தல்
premier,0.9,0.0,முதல்
redeem,0.9,0.0,மீட்டு
pain-free,0.9,0.0,வலி இல்லாதது
supporter,0.9,0.0,ஆதரவாளர்
rejoicingly,0.9,0.0,மகிழ்ச்சியுடன்
dawn,0.9,0.0,விடியல்
gutsy,0.9,0.0,தைரியம்
terrifically,0.9,0.0,பயங்கரமாக
imaculate,0.9,0.0,மாசற்ற
appreciated,0.9,0.0,பாராட்டப்பட்டது
strongest,0.9,0.0,வலிமையானது
accomplish,0.9,0.0,சாதிக்க
stimulate,0.9,0.0,தூண்டுகிறது
distinguished,0.9,0.0,புகழ்பெற்ற
joy,0.9,0.0,மகிழ்ச்சி
enjoyed,0.9,0.0,ரசித்தேன்
elate,0.9,0.0,elate
benefit,0.9,0.0,நன்மை
openness,0.9,0.0,திறந்தநிலை
achievement,0.9,0.0,சாதனை
honorable,0.9,0.0,க .ரவமான
salute,0.9,0.0,ஆரோக்கியம்
genuine,0.9,0.0,நேர்மையான
unbound,0.9,0.0,வரம்பற்ற
convienient,0.9,0.0,இணக்கமான
enlighten,0.9,0.0,அறிவொளி
dumbfounding,0.9,0.0,dumbfounding
unabashed,0.9,0.0,unabashed
rapturously,0.9,0.0,பரபரப்பாக
steadiness,0.9,0.0,நிலைத்தன்மை
sensationally,0.9,0.0,பரபரப்பாக
clearer,0.9,0.0,தெளிவானது
selective,0.9,0.0,தேர்ந்தெடுக்கப்பட்ட
affirmative,0.9,0.0,உறுதியான
dirt-cheap,0.9,0.0,மிகவும் மலிவான
trust,0.9,0.0,நம்பிக்கை
enthusiasm,0.9,0.0,உற்சாகம்
undaunted,0.9,0.0,பயப்படாத
courageously,0.9,0.0,தைரியமாக
useful,0.9,0.0,பயனுள்ளதாக இருக்கும்
adequate,0.9,0.0,போதுமானது
jubilation,0.9,0.0,மகிழ்ச்சி
admirably,0.9,0.0,போற்றத்தக்கது
phenomenally,0.9,0.0,தனித்துவமாக
decisiveness,0.9,0.0,தீர்க்கமான தன்மை
cozy,0.9,0.0,வசதியான
compassion,0.9,0.0,இரக்கம்
handier,0.9,0.0,ஹேண்டியர்
clears,0.9,0.0,அழிக்கிறது
convincingly,0.9,0.0,உறுதியுடன்
preferring,0.9,0.0,விரும்புகிறது
sagely,0.9,0.0,sagely
viewable,0.9,0.0,பார்க்கக்கூடியது
awesome,0.9,0.0,அருமை
abounds,0.9,0.0,ஏராளமாக
keenness,0.9,0.0,ஆர்வம்
awards,0.9,0.0,விருதுகள்
supportive,0.9,0.0,ஆதரவு
fine,0.9,0.0,நன்றாக இருக்கிறது
pamperedness,0.9,0.0,pamperedness
unrivaled,0.9,0.0,நிகரற்றது
best-selling,0.9,0.0,சிறந்த விற்பனை
hearten,0.9,0.0,மனம்
sturdier,0.9,0.0,உறுதியான
advantages,0.9,0.0,நன்மைகள்
panoramic,0.9,0.0,பனோரமிக்
enhanced,0.9,0.0,மேம்படுத்தப்பட்டது
eulogize,0.9,0.0,புகழ்ந்து பேசுங்கள்
lighter,0.9,0.0,இலகுவானது
won,0.9,0.0,வென்றது
comprehensive,0.9,0.0,விரிவான
revival,0.9,0.0,மறுமலர்ச்சி
skilled,0.9,0.0,திறமையான
enticing,0.9,0.0,கவர்ந்திழுக்கும்
tenacity,0.9,0.0,உறுதியான தன்மை
supporting,0.9,0.0,துணை
greatest,0.9,0.0,மிகப்பெரியது
fabulously,0.9,0.0,அற்புதமாக
altruistic,0.9,0.0,மாற்றுத்திறனாளி
enticingly,0.9,0.0,கவர்ந்திழுக்கும்
silent,0.9,0.0,அமைதியாக
pleasant,0.9,0.0,இனிமையானது
fondness,0.9,0.0,பாசம்
upgradeable,0.9,0.0,மேம்படுத்தக்கூடியது
phenomenal,0.9,0.0,தனித்துவமானது
fans,0.9,0.0,ரசிகர்கள்
state-of-the-art,0.9,0.0,மாநில-ன்-கலை
noble,0.9,0.0,உன்னத
fast-growing,0.9,0.0,வேகாமாக வளர்ந்து வரும்
serene,0.9,0.0,அமைதியான
handsomely,0.9,0.0,அழகாக
nourish,0.9,0.0,ஊட்டமளிக்கவும்
usable,0.9,0.0,பொருந்தக்கூடியது
spotless,0.9,0.0,களங்கமற்ற
bless,0.9,0.0,ஆசீர்வதிப்பார்
exemplar,0.9,0.0,முன்மாதிரி
poignant,0.9,0.0,கடுமையான
ambitious,0.9,0.0,லட்சிய
worked,0.9,0.0,வேலை
proud,0.9,0.0,பெருமை
enrich,0.9,0.0,வளப்படுத்த
kindness,0.9,0.0,கருணை
warmth,0.9,0.0,அரவணைப்பு
excitement,0.9,0.0,உற்சாகம்
sweetly,0.9,0.0,இனிமையாக
blithe,0.9,0.0,blithe
contribution,0.9,0.0,பங்களிப்பு
rejuvenating,0.9,0.0,புத்துணர்ச்சி
intimacy,0.9,0.0,நெருக்கம்
effectively,0.9,0.0,திறம்பட
wholesome,0.9,0.0,ஆரோக்கியமான
approve,0.9,0.0,ஒப்புதல்
truthfulness,0.9,0.0,உண்மைத்தன்மை
handily,0.9,0.0,எளிதில்
staunchly,0.9,0.0,கடுமையாக
prominence,0.9,0.0,முக்கியத்துவம்
merciful,0.9,0.0,இரக்கமுள்ள
stirringly,0.9,0.0,கிளறி
outdone,0.9,0.0,காலாவதியானது
overtake,0.9,0.0,முந்தியது
unbeatable,0.9,0.0,தோற்கடிக்க முடியாத
sufficient,0.9,0.0,போதுமானது
ardently,0.9,0.0,தீவிரமாக
classic,0.9,0.0,செந்தரம்
civility,0.9,0.0,நாகரிகம்
ingenuity,0.9,0.0,புத்தி கூர்மை
masterpiece,0.9,0.0,தலைசிறந்த படைப்பு
fidelity,0.9,0.0,நம்பகத்தன்மை
reliable,0.9,0.0,நம்பகமான
charisma,0.9,0.0,கவர்ச்சி
readable,0.9,0.0,படிக்கக்கூடியது
compatible,0.9,0.0,இணக்கமானது
fulfillment,0.9,0.0,பூர்த்தி
skillfully,0.9,0.0,திறமையாக
tingle,0.9,0.0,கூச்சம்
excel,0.9,0.0,எக்செல்
enviously,0.9,0.0,பொறாமை
swanky,0.9,0.0,ஸ்வாங்கி
celebration,0.9,0.0,கொண்டாட்டம்
progress,0.9,0.0,முன்னேற்றம்
empowerment,0.9,0.0,அதிகாரம்
tranquility,0.9,0.0,அமைதி
led,0.9,0.0,வழிநடத்தியது
achievible,0.9,0.0,அடையக்கூடியது
bright,0.9,0.0,பிரகாசமான
appreciatively,0.9,0.0,பாராட்டத்தக்க வகையில்
inspirational,0.9,0.0,தூண்டுதலாக
accessible,0.9,0.0,அணுகக்கூடியது
lionhearted,0.9,0.0,சிங்கம்
refreshing,0.9,0.0,புத்துணர்ச்சி
splendidly,0.9,0.0,அற்புதமாக
marvelous,0.9,0.0,அற்புத
illustrious,0.9,0.0,சிறப்பான
revives,0.9,0.0,புத்துயிர் பெறுகிறது
originality,0.9,0.0,அசல் தன்மை
gratification,0.9,0.0,திருப்தி
motivated,0.9,0.0,உந்துதல்
playfully,0.9,0.0,விளையாட்டுத்தனமாக
awe,0.9,0.0,பிரமிப்பு
overtakes,0.9,0.0,முந்தியது
eloquent,0.9,0.0,சொற்பொழிவு
proficient,0.9,0.0,திறமையானவர்
cheapest,0.9,0.0,மலிவானது
intelligible,0.9,0.0,புரியக்கூடியது
luxuriant,0.9,0.0,ஆடம்பரமான
adaptable,0.9,0.0,தகவமைப்பு
enraptured,0.9,0.0,enraptured
luckiest,0.9,0.0,அதிர்ஷ்டசாலி
healthy,0.9,0.0,ஆரோக்கியமான
luster,0.9,0.0,காந்தி
brotherly,0.9,0.0,சகோதர
compliment,0.9,0.0,பாராட்டு
leading,0.9,0.0,முன்னணி
fortunately,0.9,0.0,அதிர்ஷ்டவசமாக
resplendent,0.9,0.0,resplendent
obtainable,0.9,0.0,பெறக்கூடியது
inventive,0.9,0.0,கண்டுபிடிப்பு
ardor,0.9,0.0,எரியும்
propitiously,0.9,0.0,உற்சாகமாக
cost-effective,0.9,0.0,செலவு குறைந்த
charismatic,0.9,0.0,கவர்ந்திழுக்கும்
merit,0.9,0.0,தகுதி
gusto,0.9,0.0,ஆர்வம்
stimulates,0.9,0.0,தூண்டுகிறது
coherent,0.9,0.0,ஒத்திசைவான
providence,0.9,0.0,providence
exaltedly,0.9,0.0,உயர்ந்த
neatly,0.9,0.0,நேர்த்தியாக
affordable,0.9,0.0,மலிவு
effectiveness,0.9,0.0,செயல்திறன்
monumental,0.9,0.0,நினைவுச்சின்னம்
pleased,0.9,0.0,மகிழ்ச்சி
righteousness,0.9,0.0,நீதி
miracle,0.9,0.0,அதிசயம்
respectable,0.9,0.0,மரியாதைக்குரிய
upbeat,0.9,0.0,உற்சாகம்
winner,0.9,0.0,வெற்றி
laudably,0.9,0.0,பாராட்டத்தக்கது
luckiness,0.9,0.0,அதிர்ஷ்டம்
assurance,0.9,0.0,காப்பீடு
prestige,0.9,0.0,க ti ரவம்
qualified,0.9,0.0,தகுதி
fruitful,0.9,0.0,பலனளிக்கும்
ilu,0.9,0.0,அழகு
vivid,0.9,0.0,தெளிவான
spirited,0.9,0.0,உற்சாகமான
godsend,0.9,0.0,godsend
mesmerizes,0.9,0.0,மயக்குகிறது
satisfying,0.9,0.0,திருப்தி அளிக்கிறது
masterful,0.9,0.0,மாஸ்டர்
sublime,0.9,0.0,உயர்ந்தது
mercy,0.9,0.0,கருணை
brilliantly,0.9,0.0,அற்புதமாக
loving,0.9,0.0,அன்பான
entertaining,0.9,0.0,பொழுதுபோக்கு
earnest,0.9,0.0,ஆர்வமுள்ள
ergonomical,0.9,0.0,பணிச்சூழலியல்
refinement,0.9,0.0,சுத்திகரிப்பு
complementary,0.9,0.0,நிரப்பு
patient,0.9,0.0,நோயாளி
inviolate,0.9,0.0,மீறல்
eagerness,0.9,0.0,ஆவல்
civilize,0.9,0.0,நாகரிகம்
well-mannered,0.9,0.0,நல்ல நடத்தை
dignity,0.9,0.0,கண்ணியம்
steadiest,0.9,0.0,நிலையானது
favorite,0.9,0.0,பிடித்தது
astutely,0.9,0.0,ஆச்சரியமாக
splendid,0.9,0.0,அற்புதமான
subsidizing,0.9,0.0,மானியம்
plush,0.9,0.0,பட்டு
marvelously,0.9,0.0,அற்புதமாக
adorer,0.9,0.0,காதல்
happier,0.9,0.0,மகிழ்ச்சியாக
perseverance,0.9,0.0,விடாமுயற்சி
sensational,0.9,0.0,பரபரப்பான
nimble,0.9,0.0,வேகமான
multi-purpose,0.9,0.0,பல்நோக்கு
affably,0.9,0.0,அன்பாக
astonish,0.9,0.0,ஆச்சரியப்படுங்கள்
lover,0.9,0.0,காதலன்
nourishing,0.9,0.0,ஊட்டமளிக்கும்
upheld,0.9,0.0,உறுதிப்படுத்தப்பட்டது
exalt,0.9,0.0,உயர்த்துங்கள்
happy,0.9,0.0,சந்தோஷமாக
prodigiously,0.9,0.0,அதிசயமாக
humble,0.9,0.0,தாழ்மையான
proven,0.9,0.0,நிரூபிக்கப்பட்டுள்ளது
resounding,0.9,0.0,பெரும்
cashbacks,0.9,0.0,கேஷ்பேக்குகள்
visionary,0.9,0.0,தொலைநோக்கு
thoughtful,0.9,0.0,சிந்தனைமிக்க
smarter,0.9,0.0,சிறந்த
conciliate,0.9,0.0,சமரசம்
credible,0.9,0.0,நம்பகமான
dependable,0.9,0.0,நம்பகமான
saint,0.9,0.0,துறவி
fairness,0.9,0.0,நேர்மை
victorious,0.9,0.0,வெற்றி
excels,0.9,0.0,சிறந்து விளங்குகிறது
celebrated,0.9,0.0,கொண்டாடப்பட்டது
keenly,0.9,0.0,ஆர்வமாக
humorously,0.9,0.0,நகைச்சுவையாக
effectual,0.9,0.0,பயனுள்ள
enchanting,0.9,0.0,மயக்கும்
favour,0.9,0.0,தயவு
titillate,0.9,0.0,டைட்டிலேட்
flexibility,0.9,0.0,நெகிழ்வுத்தன்மை
mesmerize,0.9,0.0,மயக்குங்கள்
favorable,0.9,0.0,சாதகமான
unwavering,0.9,0.0,உறுதியற்றது
neat,0.9,0.0,சுத்தமாக
generous,0.9,0.0,தாராள
satisfies,0.9,0.0,திருப்தி அளிக்கிறது
consummate,0.9,0.0,முழுமையான
marvellous,0.9,0.0,அற்புத
tempting,0.9,0.0,கவர்ச்சியூட்டும்
mastery,0.9,0.0,தேர்ச்சி
peacefully,0.9,0.0,அமைதியாக
improvements,0.9,0.0,மேம்பாடுகள்
amicability,0.9,0.0,இணக்கத்தன்மை
indebted,0.9,0.0,கடன்பட்டது
high-quality,0.9,0.0,உயர்தர
unfettered,0.9,0.0,தடங்கலற்ற
easing,0.9,0.0,எளிதாக்குதல்
exonerate,0.9,0.0,விடுவிக்கவும்
enhance,0.9,0.0,மேம்படுத்த
evaluative,0.9,0.0,மதிப்பீடு
fabulous,0.9,0.0,அற்புதமான
mind-blowing,0.9,0.0,பிரம்மிக்க
well-educated,0.9,0.0,நன்கு படித்தவர்
heroine,0.9,0.0,கதாநாயகி
daringly,0.9,0.0,தைரியமாக
lavish,0.9,0.0,பகட்டான
luxuriously,0.9,0.0,ஆடம்பரமாக
marvelousness,0.9,0.0,அற்புதம்
classy,0.9,0.0,கம்பீரமான
tickle,0.9,0.0,கூச்சம்
woo,0.9,0.0,வூ
low-cost,0.9,0.0,குறைந்த விலை
restored,0.9,0.0,மீட்டெடுக்கப்பட்டது
romanticize,0.9,0.0,காதல்
rejoice,0.9,0.0,மகிழ்ச்சியுங்கள்
wholeheartedly,0.9,0.0,முழு மனதுடன்
smitten,0.9,0.0,அடிபட்டது
illuminating,0.9,0.0,ஒளிரும்
diligent,0.9,0.0,விடாமுயற்சி
amazed,0.9,0.0,ஆச்சரியப்பட்டார்
levity,0.9,0.0,லெவிட்டி
reverently,0.9,0.0,பயபக்தியுடன்
courageous,0.9,0.0,தைரியமான
tantalizingly,0.9,0.0,தந்திரமாக
aver,0.9,0.0,கொண்டிருத்தல்
congenial,0.9,0.0,இணக்கமான
pleases,0.9,0.0,மகிழ்ச்சி
toughest,0.9,0.0,கடினமான
tender,0.9,0.0,ஒப்பந்தம்
permissible,0.9,0.0,அனுமதிக்கப்படுகிறது
alluringly,0.9,0.0,கவர்ச்சியாக
astonishment,0.9,0.0,ஆச்சரியம்
quiet,0.9,0.0,அமைதியான
commitment,0.9,0.0,அர்ப்பணிப்பு
indulgence,0.9,0.0,நுகர்வு
endorse,0.9,0.0,ஒப்புதல்
glowingly,0.9,0.0,ஒளிரும்
congratulate,0.9,0.0,வாழ்த்து
peace,0.9,0.0,சமாதானம்
keen,0.9,0.0,முனைப்புடன்
breathlessness,0.9,0.0,மூச்சுத் திணறல்
sufficed,0.9,0.0,போதுமானது
humourous,0.9,0.0,நகைச்சுவையான
unreal,0.9,0.0,உண்மையற்றது
delicate,0.9,0.0,மென்மையான
flourish,0.9,0.0,செழித்து வளரும்
purify,0.9,0.0,சுத்திகரிக்கவும்
user-friendly,0.9,0.0,பயனர் நட்பு
intricate,0.9,0.0,சிக்கலானது
enjoyably,0.9,0.0,சுவாரஸ்யமாக
well-managed,0.9,0.0,நன்கு நிர்வகிக்கப்படுகிறது
perfectly,0.9,0.0,செய்தபின்
worthy,0.9,0.0,தகுதியானவர்
rightful,0.9,0.0,சரியானது
fastest,0.9,0.0,வேகமாக
extoll,0.9,0.0,புகழ்ந்து பேசுங்கள்
defeated,0.9,0.0,தோற்கடிக்கப்பட்டது
radiance,0.9,0.0,பிரகாசம்
flashy,0.9,0.0,மிகச்சிறிய பிரகாசமான
generosity,0.9,0.0,பெருந்தன்மை
merry,0.9,0.0,மகிழ்ச்சி
groundbreaking,0.9,0.0,நிலநடுக்கம்
decisive,0.9,0.0,தீர்க்கமான
protection,0.9,0.0,பாதுகாப்பு
interesting,0.9,0.0,சுவாரஸ்யமானது
satisfactory,0.9,0.0,திருப்திகரமான
ecenomical,0.9,0.0,சுற்றுச்சூழல்
prowess,0.9,0.0,வலிமை
adorable,0.9,0.0,அபிமான
mesmerizing,0.9,0.0,மயக்கும்
uncomplicated,0.9,0.0,சிக்கலற்றது
entice,0.9,0.0,கவர்ந்திழுக்க
fun,0.9,0.0,வேடிக்கை
best,0.9,0.0,சிறந்தது
godlike,0.9,0.0,கடவுளைப் போன்றது
attune,0.9,0.0,attune
toll-free,0.9,0.0,கட்டணமில்லாது
regard,0.9,0.0,தொடர்பாக
ameliorate,0.9,0.0,மேம்படுத்துங்கள்
useable,0.9,0.0,பயன்படுத்தக்கூடியது
top-notch,0.9,0.0,முதலிடம்
astoundingly,0.9,0.0,வியக்க வைக்கும்
celebrate,0.9,0.0,கொண்டாடுங்கள்
affable,0.9,0.0,மலிவு
flourishing,0.9,0.0,செழித்து வளர்கிறது
easiness,0.9,0.0,எளிமை
well-behaved,0.9,0.0,நன்றாக நடந்துகொண்டார்
enjoyment,0.9,0.0,இன்பம்
exultingly,0.9,0.0,மகிழ்ச்சியுடன்
popular,0.9,0.0,பிரபலமானது
cornerstone,0.9,0.0,மூலையில்
remedy,0.9,0.0,தீர்வு
greatness,0.9,0.0,மகத்துவம்
effusiveness,0.9,0.0,செயல்திறன்
cool,0.9,0.0,குளிர்
raptureously,0.9,0.0,பேரானந்தமாக
bolster,0.9,0.0,உயர்த்தவும்
erudite,0.9,0.0,பாலுணர்வு
smoothest,0.9,0.0,மென்மையான
examplar,0.9,0.0,எடுத்துக்காட்டு
exciting,0.9,0.0,உற்சாகமான
apotheosis,0.9,0.0,apotheosis
convenience,0.9,0.0,வசதி
impeccably,0.9,0.0,பாவம்
kindliness,0.9,0.0,தயவு
recover,0.9,0.0,மீட்க
standout,0.9,0.0,தனித்துவமான
halcyon,0.9,0.0,ஹால்சியான்
satisfactorily,0.9,0.0,திருப்திகரமாக
worth-while,0.9,0.0,மதிப்புள்ள போது
well-being,0.9,0.0,நல்வாழ்வு
thrill,0.9,0.0,சிலிர்ப்பு
rightly,0.9,0.0,சரியாக
entrancing,0.9,0.0,நுழைவு
victory,0.9,0.0,வெற்றி
survivor,0.9,0.0,உயிர் பிழைத்தவர்
dreamland,0.9,0.0,ட்ரீம்லேண்ட்
renaissance,0.9,0.0,மறுமலர்ச்சி
radiant,0.9,0.0,கதிரியக்க
delicacy,0.9,0.0,சுவையாக
innocuous,0.9,0.0,தீங்கற்ற
enthral,0.9,0.0,enthrall
comfort,0.9,0.0,ஆறுதல்
sexy,0.9,0.0,கவர்ச்சியாக
champion,0.9,0.0,சாம்பியன்
amazes,0.9,0.0,வியக்க வைக்கிறது
enough,0.9,0.0,போதும்
effusively,0.9,0.0,வெளிப்படையாக
unquestionably,0.9,0.0,சந்தேகத்திற்கு இடமின்றி
regally,0.9,0.0,ஒழுங்காக
tough,0.9,0.0,கடுமையான
terrific,0.9,0.0,பயங்கர
envious,0.9,0.0,பொறாமை
soothe,0.9,0.0,ஆற்றவும்
astound,0.9,0.0,திகைக்க வைக்கிறது
pleasingly,0.9,0.0,மகிழ்ச்சியுடன்
agreeableness,0.9,0.0,ஏற்றுக்கொள்ளும் தன்மை
marveled,0.9,0.0,ஆச்சரியப்பட்டது
assuredly,0.9,0.0,நிச்சயமாக
chivalry,0.9,0.0,வீரவணக்கம்
pleasurably,0.9,0.0,மகிழ்ச்சியுடன்
hug,0.9,0.0,கட்டிப்பிடி
sincere,0.9,0.0,நேர்மையான
affectation,0.9,0.0,பணி
exquisitely,0.9,0.0,நேர்த்தியாக
amaze,0.9,0.0,ஆச்சரியப்படுங்கள்
fortuitous,0.9,0.0,தற்செயலான
god-given,0.9,0.0,கடவுள் கொடுத்தது
shiny,0.9,0.0,பளபளப்பான
tolerable,0.9,0.0,தாங்கக்கூடியது
stunning,0.9,0.0,அதிர்ச்சி தரும்
preeminent,0.9,0.0,முதன்மையானது
protect,0.9,0.0,பாதுகாக்க
masterpieces,0.9,0.0,தலைசிறந்த படைப்புகள்
merriness,0.9,0.0,மகிழ்ச்சி
sumptuousness,0.9,0.0,ஆடம்பரமான தன்மை
exellent,0.9,0.0,exellent
defender,0.9,0.0,பாதுகாவலர்
responsibly,0.9,0.0,பொறுப்புடன்
warmer,0.9,0.0,வெப்பமான
self-sufficiency,0.9,0.0,தன்னிறைவு
snazzy,0.9,0.0,snazzy
brighten,0.9,0.0,பிரகாசமாக்கு
cleanliness,0.9,0.0,தூய்மை
saintliness,0.9,0.0,புனிதத்தன்மை
heartwarming,0.9,0.0,இதயத்தைத் தூண்டும்
polished,0.9,0.0,மெருகூட்டப்பட்டது
superiority,0.9,0.0,மேன்மை
goodly,0.9,0.0,நன்றாக
inexpensive,0.9,0.0,மலிவான
pluses,0.9,0.0,பிளஸ்
valuable,0.9,0.0,மதிப்புமிக்கது
straightforward,0.9,0.0,நேரடியான
rewardingly,0.9,0.0,வெகுமதி
chaste,0.9,0.0,கற்பு
counter-attacks,0.9,0.0,எதிர் தாக்குதல்கள்
posh,0.9,0.0,ஆடம்பரமான
meticulous,0.9,0.0,உன்னிப்பாக
empower,0.9,0.0,அதிகாரம்
gained,0.9,0.0,பெற்றது
modern,0.9,0.0,நவீன
handy,0.9,0.0,எளிது
heartfelt,0.9,0.0,இதயப்பூர்வமான
encouraging,0.9,0.0,ஊக்குவிக்கும்
ecstatic,0.9,0.0,களிப்பூட்டும்
creative,0.9,0.0,படைப்பு
respectfully,0.9,0.0,மரியாதையுடன்
avid,0.9,0.0,ஆர்வமுள்ள
legendary,0.9,0.0,புராணக்கதை
veritable,0.9,0.0,மெய்யானது
exceeded,0.9,0.0,தாண்டியது
supple,0.9,0.0,மிருதுவான
tremendously,0.9,0.0,மிகப்பெரிய
cherub,0.9,0.0,கேருப்
winners,0.9,0.0,வெற்றியாளர்கள்
rockstars,0.9,0.0,ராக்ஸ்டார்ஸ்
serenity,0.9,0.0,அமைதி
profound,0.9,0.0,ஆழமான
light-hearted,0.9,0.0,ஒளி மனம் கொண்டவர்
enthusiastic,0.9,0.0,உற்சாகமான
joyous,0.9,0.0,மகிழ்ச்சி
recommendations,0.9,0.0,பரிந்துரைகள்
consistent,0.9,0.0,சீரானது
exaltation,0.9,0.0,உயர்ந்தது
sweetness,0.9,0.0,இனிப்பு
winning,0.9,0.0,வென்றது
peps,0.9,0.0,பெப்ஸ்
razor-sharp,0.9,0.0,ரேஸர்-கூர்மையான
boom,0.9,0.0,ஏற்றம்
enticed,0.9,0.0,கவர்ந்திழுக்கப்பட்ட
revolutionary,0.9,0.0,புரட்சிகர
wonderful,0.9,0.0,அற்புதம்
cure,0.9,0.0,குணப்படுத்த
devout,0.9,0.0,பக்தியுள்ள
diligence,0.9,0.0,விடாமுயற்சி
worthiness,0.9,0.0,தகுதி
twinkly,0.9,0.0,twinkly
cheaper,0.9,0.0,மலிவானது
exceled,0.9,0.0,சிறந்து விளங்கியது
abound,0.9,0.0,ஏராளமாக
opulent,0.9,0.0,செழிப்பானது
wealthy,0.9,0.0,செல்வந்தர்
blossom,0.9,0.0,மலரும்
optimism,0.9,0.0,நம்பிக்கை
gladness,0.9,0.0,மகிழ்ச்சி
roomier,0.9,0.0,ரூமியர்
saintly,0.9,0.0,புனிதர்
favored,0.9,0.0,சாதகமானது
lovable,0.9,0.0,அன்பான
unforgettable,0.9,0.0,மறக்க முடியாதது
outshine,0.9,0.0,வெளிச்சம்
restructuring,0.9,0.0,மறுசீரமைப்பு
prominent,0.9,0.0,முக்கியமானது
altruistically,0.9,0.0,altruistically
simpler,0.9,0.0,எளிமையானது
cute,0.9,0.0,அழகான
well-run,0.9,0.0,நன்றாக இயங்கும்
bountiful,0.9,0.0,ஏராளமான
speedily,0.9,0.0,விரைவாக
commendable,0.9,0.0,பாராட்டத்தக்கது
restful,0.9,0.0,நிதானமான
captivating,0.9,0.0,கவரும்
lovably,0.9,0.0,அன்பாக
energetic,0.9,0.0,ஆற்றல் மிக்கது
freedoms,0.9,0.0,சுதந்திரங்கள்
sleek,0.9,0.0,நேர்த்தியான
lawful,0.9,0.0,சட்டபூர்வமானது
crisp,0.9,0.0,மிருதுவான
foolproof,0.9,0.0,முட்டாள்தனமான
truthfully,0.9,0.0,உண்மையாக
sparkling,0.9,0.0,வண்ண
beckoned,0.9,0.0,அழைத்தார்
resilient,0.9,0.0,நெகிழக்கூடிய
faithful,0.9,0.0,உண்மையுள்ள
rejoicing,0.9,0.0,மகிழ்ச்சி
helping,0.9,0.0,உதவி
dazzling,0.9,0.0,திகைப்பூட்டும்
capability,0.9,0.0,திறன்
affluent,0.9,0.0,வசதி படைத்தவர்
exceed,0.9,0.0,மீறவும்
hero,0.9,0.0,ஹீரோ
steadfast,0.9,0.0,உறுதியான
a+,0.9,0.0,a +
irreproachable,0.9,0.0,மாற்றமுடியாதது
sociable,0.9,0.0,நேசமான
plusses,0.9,0.0,plusses
praiseworthy,0.9,0.0,பாராட்டத்தக்கது
self-satisfaction,0.9,0.0,சுய திருப்தி
likable,0.9,0.0,விரும்பத்தக்கது
rightfully,0.9,0.0,சரியாக
wins,0.9,0.0,வெற்றி
refined,0.9,0.0,சுத்திகரிக்கப்பட்டது
charitable,0.9,0.0,தொண்டு
poise,0.9,0.0,சமநிலை
gooood,0.9,0.0,gooood
agreeable,0.9,0.0,ஏற்றுக்கொள்ளத்தக்கது
dexterous,0.9,0.0,டெக்ஸ்டெரஸ்
well-established,0.9,0.0,நன்கு நிறுவப்பட்ட
amiable,0.9,0.0,இணக்கமான
brisk,0.9,0.0,விறுவிறுப்பான
sincerity,0.9,0.0,நேர்மை
beauty,0.9,0.0,அழகு
advocates,0.9,0.0,வக்கீல்கள்
concise,0.9,0.0,சுருக்கமான
prudently,0.9,0.0,விவேகத்துடன்
revelation,0.9,0.0,வெளிப்பாடு
ultra-crisp,0.9,0.0,தீவிர மிருதுவான
revitalize,0.9,0.0,புத்துயிர் பெறுங்கள்
talent,0.9,0.0,திறமை
wondrous,0.9,0.0,அதிசயம்
helpful,0.9,0.0,உதவியாக இருக்கும்
fervor,0.9,0.0,உற்சாகம்
swankier,0.9,0.0,ஸ்வாங்கியர்
graceful,0.9,0.0,அழகான
trustingly,0.9,0.0,நம்பிக்கையுடன்
extraordinarily,0.9,0.0,அசாதாரணமாக
deginified,0.9,0.0,deginified
attractive,0.9,0.0,கவர்ச்சிகரமான
powerful,0.9,0.0,சக்திவாய்ந்த
stimulating,0.9,0.0,தூண்டுகிறது
empathy,0.9,0.0,பச்சாத்தாபம்
suitable,0.9,0.0,பொருத்தமானது
eye-catch,0.9,0.0,கண் பிடிப்பு
tempt,0.9,0.0,சோதனையிடவும்
auspicious,0.9,0.0,சுப
enthralled,0.9,0.0,மயக்கமடைந்தது
triumphantly,0.9,0.0,வெற்றிகரமாக
beneficent,0.9,0.0,பயனாளி
good,0.9,0.0,நல்ல
exceptionally,0.9,0.0,விதிவிலக்காக
dexterously,0.9,0.0,திறமையாக
survival,0.9,0.0,பிழைப்பு
maturely,0.9,0.0,முதிர்ச்சியுடன்
impartiality,0.9,0.0,பக்கச்சார்பற்ற தன்மை
relief,0.9,0.0,துயர் நீக்கம்
earnestness,0.9,0.0,ஆர்வம்
trusted,0.9,0.0,நம்பகமான
peacekeepers,0.9,0.0,அமைதி காக்கும் படையினர்
endorsed,0.9,0.0,ஒப்புதல் அளித்தது
diligently,0.9,0.0,விடாமுயற்சியுடன்
accomplished,0.9,0.0,நிறைவேற்றப்பட்டது
entertain,0.9,0.0,பொழுதுபோக்கு
tougher,0.9,0.0,கடுமையானது
reforms,0.9,0.0,சீர்திருத்தங்கள்
wellbeing,0.9,0.0,நல்வாழ்வு
guiltless,0.9,0.0,குற்றமற்ற
stimulative,0.9,0.0,தூண்டுதல்
flawless,0.9,0.0,குறைபாடற்ற
spacious,0.9,0.0,விசாலமான
gracefully,0.9,0.0,மனதார
surmount,0.9,0.0,surmount
poetic,0.9,0.0,கவிதை
reaffirm,0.9,0.0,மீண்டும் உறுதிப்படுத்தவும்
productive,0.9,0.0,உற்பத்தி
advantageously,0.9,0.0,சாதகமாக
better,0.9,0.0,சிறந்தது
temptingly,0.9,0.0,கவர்ச்சியாக
passionately,0.9,0.0,உணர்ச்சியுடன்
rational,0.9,0.0,பகுத்தறிவு
breathtakingly,0.9,0.0,மூச்சடைக்க
unquestionable,0.9,0.0,கேள்விக்குறியாதது
fashionable,0.9,0.0,நாகரீகமான
uplift,0.9,0.0,உயர்வு
sharpest,0.9,0.0,கூர்மையானது
charming,0.9,0.0,அழகான
agile,0.9,0.0,சுறுசுறுப்பான
elated,0.9,0.0,உற்சாகமானது
enrichment,0.9,0.0,செறிவூட்டல்
considerate,0.9,0.0,கருதப்படுகிறது
cleverly,0.9,0.0,புத்திசாலித்தனமாக
prefer,0.9,0.0,விரும்புகிறேன்
privilege,0.9,0.0,சலுகை
astounded,0.9,0.0,திகைத்துப்போனது
trophy,0.9,0.0,கோப்பை
exceeds,0.9,0.0,மீறுகிறது
cheery,0.9,0.0,மகிழ்ச்சியான
acclaimed,0.9,0.0,பாராட்டப்பட்டது
geekier,0.9,0.0,கீக்கியர்
charm,0.9,0.0,கவர்ச்சி
smiling,0.9,0.0,சிரித்துக்கொண்டே
glitter,0.9,0.0,பளபளப்பு
admiring,0.9,0.0,போற்றுதல்
invaluable,0.9,0.0,விலைமதிப்பற்றது
magic,0.9,0.0,மந்திரம்
fastest-growing,0.9,0.0,வேகமாக வளரும்
easier,0.9,0.0,எளிதானது
revive,0.9,0.0,புதுப்பிக்க
commend,0.9,0.0,பாராட்டு
prodigy,0.9,0.0,prodigy
fearless,0.9,0.0,அச்சமற்ற
convient,0.9,0.0,பொருத்தமானது
savings,0.9,0.0,சேமிப்பு
appreciates,0.9,0.0,பாராட்டுகிறது
hardier,0.9,0.0,கடினமானது
zippy,0.9,0.0,zippy
ebullient,0.9,0.0,ebullient
examplary,0.9,0.0,பரீட்சை
prolific,0.9,0.0,நிறைவான
gallantly,0.9,0.0,தைரியமாக
manageable,0.9,0.0,நிர்வகிக்கக்கூடியது
protective,0.9,0.0,பாதுகாப்பு
politeness,0.9,0.0,பணிவு
optimistic,0.9,0.0,நம்பிக்கை
sane,0.9,0.0,விவேகம்
fortunate,0.9,0.0,அதிர்ஷ்டசாலி
doubtless,0.9,0.0,சந்தேகத்திற்கு இடமின்றி
conscientious,0.9,0.0,மனசாட்சி
invincible,0.9,0.0,வெல்ல முடியாத
restructured,0.9,0.0,மறுசீரமைக்கப்பட்டது
fiery,0.9,0.0,உமிழும்
irresistibly,0.9,0.0,தவிர்க்கமுடியாமல்
welcome,0.9,0.0,வரவேற்பு
smilingly,0.9,0.0,புன்னகையுடன்
rapture,0.9,0.0,பேரானந்தம்
tantalizing,0.9,0.0,தந்திரம்
inspiring,0.9,0.0,எழுச்சியூட்டும்
luminous,0.9,0.0,ஒளிரும்
luck,0.9,0.0,அதிர்ஷ்டம்
efficiently,0.9,0.0,திறமையாக
recomend,0.9,0.0,பரிந்துரை
beneficial,0.9,0.0,நன்மை பயக்கும்
spontaneous,0.9,0.0,தன்னிச்சையான
feasible,0.9,0.0,சாத்தியமான
cheer,0.9,0.0,உற்சாகம்
strong,0.9,0.0,வலுவான
variety,0.9,0.0,பல்வேறு
prudence,0.9,0.0,எச்சரிக்கை
romantic,0.9,0.0,காதல்
marvel,0.9,0.0,அற்புதம்
upgradable,0.9,0.0,மேம்படுத்தக்கூடியது
likes,0.9,0.0,பிடிக்கும்
cooperative,0.9,0.0,கூட்டுறவு
idolized,0.9,0.0,சிலை
positively,0.9,0.0,நேர்மறையாக
gain,0.9,0.0,ஆதாயம்
eyecatch,0.9,0.0,கண் பார்வை
flatteringly,0.9,0.0,முகஸ்துதி
heroic,0.9,0.0,வீர
zest,0.9,0.0,அனுபவம்
attentive,0.9,0.0,கவனத்துடன்
glorify,0.9,0.0,மகிமைப்படுத்துங்கள்
prosperity,0.9,0.0,செழிப்பு
smoothly,0.9,0.0,சீராக
authoritative,0.9,0.0,அதிகாரப்பூர்வ
meticulously,0.9,0.0,உத்தமமாக
principled,0.9,0.0,கொள்கை ரீதியானது
dignify,0.9,0.0,கண்ணியம்
eyecatching,0.9,0.0,கண் பார்வை
excelent,0.9,0.0,சிறந்தது
vibrantly,0.9,0.0,துடிப்பாக
advocated,0.9,0.0,வாதிட்டார்
desirous,0.9,0.0,விரும்பத்தக்கது
excite,0.9,0.0,தூண்ட
proves,0.9,0.0,நிரூபிக்கிறது
trouble-free,0.9,0.0,சிக்கல் இல்லாதது
exuberant,0.9,0.0,உற்சாகமான
promised,0.9,0.0,வாக்குறுதியளித்தார்
noteworthy,0.9,0.0,குறிப்பிடத்தக்கது
upliftment,0.9,0.0,உயர்வு
wisdom,0.9,0.0,ஞானம்
judicious,0.9,0.0,நியாயமான
personages,0.9,0.0,எழுத்துக்கள்
blissful,0.9,0.0,ஆனந்தம்
rosy,0.9,0.0,ரோஸி
stately,0.9,0.0,ஆடம்பரமான
fancier,0.9,0.0,ரசிகர்
finely,0.9,0.0,இறுதியாக
intelligent,0.9,0.0,புத்திசாலி
lush,0.9,0.0,பசுமையான
thoughtfulness,0.9,0.0,சிந்தனை
feature-rich,0.9,0.0,அம்சம் நிறைந்த
rock-stars,0.9,0.0,ராக்-ஸ்டார்ஸ்
morality,0.9,0.0,அறநெறி
qualify,0.9,0.0,தகுதி
durable,0.9,0.0,நீடித்த
realizable,0.9,0.0,உணரக்கூடியது
glistening,0.9,0.0,பளபளக்கும்
upscale,0.9,0.0,மேல்தட்டு
well-regarded,0.9,0.0,நன்கு மதிக்கப்படும்
fantastically,0.9,0.0,அற்புதமாக
thinner,0.9,0.0,மெல்லிய
lead,0.9,0.0,வழி நடத்து
profuse,0.9,0.0,மிகுதியாக
jaw-droping,0.9,0.0,தாடை-கைவிடுதல்
reliably,0.9,0.0,நம்பத்தகுந்த
clarity,0.9,0.0,தெளிவு
award,0.9,0.0,விருது
relish,0.9,0.0,மகிழ்ச்சி
wonderously,0.9,0.0,அதிசயமாக
faithfulness,0.9,0.0,விசுவாசம்
invigorating,0.9,0.0,ஊக்கமளிக்கும்
believeable,0.9,0.0,நம்பக்கூடியது
breakthrough,0.9,0.0,திருப்புமுனை
master,0.9,0.0,குரு
boost,0.9,0.0,ஊக்க
flutter,0.9,0.0,படபடப்பு
illuminati,0.9,0.0,illuminati
dominated,0.9,0.0,ஆதிக்கம் செலுத்தியது
inviolable,0.9,0.0,மீற முடியாதது
delightfully,0.9,0.0,மகிழ்ச்சியுடன்
ethical,0.9,0.0,நெறிமுறை
precious,0.9,0.0,விலைமதிப்பற்றது
dazzled,0.9,0.0,திகைப்பூட்டியது
fast,0.9,0.0,வேகமாக
tantalize,0.9,0.0,தந்திரம்
respect,0.9,0.0,மரியாதை
reputation,0.9,0.0,நற்பெயர்
precise,0.9,0.0,துல்லியமான
credence,0.9,0.0,நம்பகத்தன்மை
divinely,0.9,0.0,தெய்வீகமாக
benefits,0.9,0.0,நன்மைகள்
eye-catching,0.9,0.0,கண்கவர்
adventuresome,0.9,0.0,சாகச
impressive,0.9,0.0,ஈர்க்கக்கூடிய
facilitate,0.9,0.0,வசதி
well,0.9,0.0,நன்றாக
immense,0.9,0.0,மகத்தான
inestimably,0.9,0.0,தவிர்க்கமுடியாமல்
well-connected,0.9,0.0,நன்கு இணைக்கப்பட்டுள்ளது
convenient,0.9,0.0,வசதியானது
solidarity,0.9,0.0,ஒற்றுமை
affirmation,0.9,0.0,உறுதிப்படுத்தல்
hospitable,0.9,0.0,விருந்தோம்பல்
commendably,0.9,0.0,பாராட்டத்தக்கது
exemplary,0.9,0.0,முன்மாதிரி
thumb-up,0.9,0.0,கட்டைவிரல்
thrifty,0.9,0.0,சிக்கனமான
patience,0.9,0.0,பொறுமை
pep,0.9,0.0,pep
defeat,0.9,0.0,தோல்வி
trustworthy,0.9,0.0,நம்பகமானவர்
affability,0.9,0.0,திறன்
prosper,0.9,0.0,செழிப்பு
sharp,0.9,0.0,கூர்மையான
traction,0.9,0.0,இழுவை
elevate,0.9,0.0,உயர்த்தவும்
festive,0.9,0.0,பண்டிகை
superbly,0.9,0.0,அற்புதமாக
upgraded,0.9,0.0,மேம்படுத்தப்பட்டது
glamorous,0.9,0.0,கவர்ச்சி
lively,0.9,0.0,கலகலப்பான
peerless,0.9,0.0,பியர்லெஸ்
bliss,0.9,0.0,பேரின்பம்
revere,0.9,0.0,வணங்குங்கள்
affectionate,0.9,0.0,பாசம்
brilliant,0.9,0.0,புத்திசாலி
shine,0.9,0.0,பிரகாசிக்கவும்
idolize,0.9,0.0,சிலை
self-respect,0.9,0.0,சுய மரியாதை
suffice,0.9,0.0,போதுமானது
exhilaration,0.9,0.0,மகிழ்ச்சி
fancy,0.9,0.0,ஆடம்பரமான
purposeful,0.9,0.0,நோக்கத்துடன்
wow,0.9,0.0,ஆஹா
diversified,0.9,0.0,பன்முகப்படுத்தப்பட்ட
famous,0.9,0.0,பிரபலமானது
assurances,0.9,0.0,காப்பீடு
slammin,0.9,0.0,slammin
love,0.9,0.0,காதல்
unlimited,0.9,0.0,வரம்பற்ற
benefactor,0.9,0.0,பயனாளி
navigable,0.9,0.0,செல்லக்கூடியது
satisfied,0.9,0.0,திருப்தி
gush,0.9,0.0,குஷ்
delightfulness,0.9,0.0,மகிழ்ச்சி
fascinatingly,0.9,0.0,கண்கவர்
leads,0.9,0.0,வழிவகுக்கிறது
expeditiously,0.9,0.0,விரைவாக
humour,0.9,0.0,நகைச்சுவை
reputable,0.9,0.0,மரியாதைக்குரிய
shimmeringly,0.9,0.0,பளபளப்பாக
genius,0.9,0.0,மேதை
streamlined,0.9,0.0,நெறிப்படுத்தப்பட்டது
unmatched,0.9,0.0,ஒப்பிடமுடியாதது
boundless,0.9,0.0,எல்லையற்ற
effortlessly,0.9,0.0,சிரமமின்றி
lyrical,0.9,0.0,பாடல்
reconciliation,0.9,0.0,நல்லிணக்கம்
proper,0.9,0.0,முறையானது
amuse,0.9,0.0,மகிழ்ந்த
infallible,0.9,0.0,தவறானது
immaculately,0.9,0.0,மாசற்ற முறையில்
spellbindingly,0.9,0.0,எழுத்துப்பிழை
cohesive,0.9,0.0,ஒத்திசைவான
sweet,0.9,0.0,இனிப்பு
dominates,0.9,0.0,ஆதிக்கம் செலுத்துகிறது
exceptional,0.9,0.0,விதிவிலக்கான
productively,0.9,0.0,உற்பத்தி ரீதியாக
successes,0.9,0.0,வெற்றிகள்
pampered,0.9,0.0,pampered
beneficiary,0.9,0.0,பயனாளி
supreme,0.9,0.0,உச்ச
foresight,0.9,0.0,தொலைநோக்கு
pleasantly,0.9,0.0,மகிழ்ச்சியுடன்
conciliatory,0.9,0.0,சமரசம்
endorsement,0.9,0.0,ஒப்புதல்
outperforming,0.9,0.0,சிறப்பாக செயல்படுகிறது
assure,0.9,0.0,உறுதி
mighty,0.9,0.0,வலிமைமிக்க
deserving,0.9,0.0,தகுதியானவர்
colorful,0.9,0.0,வண்ணமயமான
enjoys,0.9,0.0,அனுபவிக்கிறது
sustainability,0.9,0.0,நிலைத்தன்மை
everlasting,0.9,0.0,நித்தியம்
mesmerized,0.9,0.0,மயக்கமடைந்தது
praise,0.9,0.0,புகழ்
togetherness,0.9,0.0,ஒற்றுமை
delight,0.9,0.0,மகிழ்ச்சி
vigilance,0.9,0.0,லஞ்ச ஒழிப்பு
adjustable,0.9,0.0,அனுசரிப்பு
extraordinary,0.9,0.0,அசாதாரண
memorable,0.9,0.0,மறக்கமுடியாதது
enlightenment,0.9,0.0,அறிவொளி
swiftness,0.9,0.0,விரைவானது
enchanted,0.9,0.0,மந்திரித்த
acumen,0.9,0.0,புத்திசாலித்தனம்
unabashedly,0.9,0.0,தடையின்றி
fresher,0.9,0.0,புதியது
joyously,0.9,0.0,மகிழ்ச்சியுடன்
adroit,0.9,0.0,திறமையான
receptive,0.9,0.0,ஏற்பு
calming,0.9,0.0,அமைதிப்படுத்தும்
gallant,0.9,0.0,மகத்தான
renowned,0.9,0.0,புகழ்பெற்றவர்
fervent,0.9,0.0,ஆர்வமுள்ள
painless,0.9,0.0,வலியற்றது
rapport,0.9,0.0,அறிக்கை
expansive,0.9,0.0,விரிவான
raptureous,0.9,0.0,பேரானந்தம்
optimal,0.9,0.0,உகந்த
heroize,0.9,0.0,வீரம்
thrillingly,0.9,0.0,சிலிர்ப்பாக
remarkably,0.9,0.0,குறிப்பிடத்தக்க வகையில்
eases,0.9,0.0,எளிதாக்குகிறது
smart,0.9,0.0,புத்திசாலி
amenable,0.9,0.0,ஏற்றது
dummy-proof,0.9,0.0,போலி ஆதாரம்
overtook,0.9,0.0,முந்தியது
astounding,0.9,0.0,அதிர்ச்சியூட்டும்
congratulatory,0.9,0.0,வாழ்த்துக்கள்
glowing,0.9,0.0,ஒளிரும்
simplified,0.9,0.0,எளிமைப்படுத்தப்பட்டது
honor,0.9,0.0,மரியாதை
detachable,0.9,0.0,பிரிக்கக்கூடியது
evocative,0.9,0.0,தூண்டுதல்
secure,0.9,0.0,பாதுகாப்பானது
envy,0.9,0.0,பொறாமை
darling,0.9,0.0,அன்பே
playful,0.9,0.0,விளையாட்டுத்தனமான
wonderous,0.9,0.0,அதிசயம்
paradise,0.9,0.0,சொர்க்கம்
lucid,0.9,0.0,தெளிவான
reachable,0.9,0.0,அடையக்கூடியது
gratifies,0.9,0.0,மகிழ்ச்சி அளிக்கிறது
exult,0.9,0.0,மகிழ்ச்சி
splendor,0.9,0.0,அற்புதம்
outshone,0.9,0.0,வெளிப்புறம்
refreshed,0.9,0.0,புதுப்பிக்கப்பட்டது
revel,0.9,0.0,மகிழ்ச்சி
revolutionize,0.9,0.0,புரட்சி
brighter,0.9,0.0,பிரகாசமான
celebratory,0.9,0.0,கொண்டாட்டம்
crisper,0.9,0.0,மிருதுவான
consistently,0.9,0.0,தொடர்ந்து
encouragement,0.9,0.0,ஊக்கம்
workable,0.9,0.0,வேலை செய்யக்கூடியது
pleasure,0.9,0.0,இன்பம்
uphold,0.9,0.0,ஆதரிக்க
decency,0.9,0.0,கண்ணியம்
trendy,0.9,0.0,நவநாகரீக
exaltingly,0.9,0.0,உயர்ந்த
preferable,0.9,0.0,விரும்பத்தக்கது
problem-free,0.9,0.0,சிக்கல் இல்லாதது
accurate,0.9,0.0,துல்லியமானது
ingenuously,0.9,0.0,புத்திசாலித்தனமாக
jovial,0.9,0.0,மகிழ்ச்சியான
enthusiastically,0.9,0.0,உற்சாகமாக
positive,0.9,0.0,நேர்மறை
dumbfounded,0.9,0.0,ஊமை
immaculate,0.9,0.0,மாசற்ற
gratefully,0.9,0.0,நன்றியுடன்
pure,0.9,0.0,தூய்மையானது
benevolence,0.9,0.0,நன்மை
grateful,0.9,0.0,நன்றியுடன்
magnanimous,0.9,0.0,மகத்தான
audible,0.9,0.0,கேட்கக்கூடியது
fantastic,0.9,0.0,அருமையானது
honoring,0.9,0.0,மரியாதை
exhilarate,0.9,0.0,களிப்பாக்கு
savvy,0.9,0.0,ஆர்வலராக
well-rounded,0.9,0.0,நன்கு வட்டமானது
luxuriate,0.9,0.0,ஆடம்பர
long-lasting,0.9,0.0,நீண்ட காலம் நீடிக்கும்
straighten,0.9,0.0,நேராக்கு
friendliness,0.9,0.0,நட்பு
courage,0.9,0.0,தைரியம்
ennoble,0.9,0.0,ennoble
agilely,0.9,0.0,சுறுசுறுப்பாக
authentic,0.9,0.0,உண்மையானது
smoother,0.9,0.0,மென்மையான
miracles,0.9,0.0,அற்புதங்கள்
destiny,0.9,0.0,விதி
influential,0.9,0.0,செல்வாக்கு
reconcile,0.9,0.0,நல்லிணக்கம்
fav,0.9,0.0,fav
enrapture,0.9,0.0,enrapture
eager,0.9,0.0,ஆவலுடன்
entertains,0.9,0.0,பொழுதுபோக்கு
integral,0.9,0.0,ஒருங்கிணைந்த
majesty,0.9,0.0,கம்பீரம்
comfortably,0.9,0.0,வசதியாக
vouch,0.9,0.0,உறுதி
precisely,0.9,0.0,துல்லியமாக
excitedness,0.9,0.0,உற்சாகம்
personalized,0.9,0.0,தனிப்பயனாக்கப்பட்டது
faultless,0.9,0.0,தவறு இல்லாதது
better-than-expected,0.9,0.0,எதிர்பார்த்ததை விட சிறந்தது
faster,0.9,0.0,வேகமாக
trusting,0.9,0.0,நம்பிக்கை
comfortable,0.9,0.0,வசதியானது
respite,0.9,0.0,ஓய்வு
elite,0.9,0.0,உயரடுக்கு
respectful,0.9,0.0,மரியாதைக்குரிய
rock-star,0.9,0.0,ராக்-ஸ்டார்
stylish,0.9,0.0,ஸ்டைலான
endorses,0.9,0.0,ஒப்புதல் அளிக்கிறது
whooa,0.9,0.0,ஹூவா
modest,0.9,0.0,சாதாரண
gentlest,0.9,0.0,மென்மையான
swift,0.9,0.0,ஸ்விஃப்ட்
skillful,0.9,0.0,திறமையான
individualized,0.9,0.0,தனிப்பயனாக்கப்பட்டது
remunerate,0.9,0.0,ஊதியம்
advanced,0.9,0.0,மேம்படுத்தபட்ட
contentment,0.9,0.0,மனநிறைவு
feisty,0.9,0.0,கொடூரமான
clear,0.9,0.0,தெளிவானது
problem-solver,0.9,0.0,பிரச்சனை தீர்ப்போர்
cleared,0.9,0.0,அழிக்கப்பட்டது
solace,0.9,0.0,ஆறுதல்
abundance,0.9,0.0,மிகுதி
bullish,0.9,0.0,நேர்மறை
fascinate,0.9,0.0,கண்கவர்
positives,0.9,0.0,நேர்மறை
plentiful,0.9,0.0,ஏராளமான
effusive,0.9,0.0,வெளிப்படையான
loved,0.9,0.0,நேசித்தேன்
entranced,0.9,0.0,நுழைந்தது
gentle,0.9,0.0,மென்மையான
brilliance,0.9,0.0,புத்திசாலித்தனம்
stupendously,0.9,0.0,பிரமாதமாக
intelligence,0.9,0.0,உளவுத்துறை
rockstar,0.9,0.0,ராக்ஸ்டார்
proficiently,0.9,0.0,திறமையாக
enthuse,0.9,0.0,உற்சாகம்
luxurious,0.9,0.0,ஆடம்பரமான
adaptive,0.9,0.0,தகவமைப்பு
complement,0.9,0.0,பூர்த்தி
mercifully,0.9,0.0,இரக்கத்துடன்
lean,0.9,0.0,ஒல்லியான
intimate,0.9,0.0,நெருக்கமான
beutifully,0.9,0.0,அழகாக
cleaner,0.9,0.0,கிளீனர்
freed,0.9,0.0,விடுவிக்கப்பட்டது
gratified,0.9,0.0,மகிழ்ச்சி
ideal,0.9,0.0,ஏற்றதாக
vouchsafe,0.9,0.0,vouchsafe
ebulliently,0.9,0.0,திறம்பட
redemption,0.9,0.0,மீட்பு
cherish,0.9,0.0,நேசத்துக்குரிய
whoooa,0.9,0.0,ஹூவா
stunningly,0.9,0.0,பிரமிக்க வைக்கும்
gladly,0.9,0.0,மகிழ்ச்சியுடன்
triumphant,0.9,0.0,வெற்றி
dead-cheap,0.9,0.0,இறந்த-மலிவான
illuminate,0.9,0.0,ஒளிரும்
promising,0.9,0.0,உறுதியளிக்கும்
abundant,0.9,0.0,ஏராளமாக
rejuvenate,0.9,0.0,புத்துயிர் பெறுங்கள்
righten,0.9,0.0,righten
diplomatic,0.9,0.0,இராஜதந்திர
exhilaratingly,0.9,0.0,களிப்பூட்டும் வகையில்
resound,0.9,0.0,மீள்
glimmer,0.9,0.0,ஒளிரும்
hooray,0.9,0.0,ஹூரே
faith,0.9,0.0,நம்பிக்கை
foremost,0.9,0.0,முதன்மையானது
heros,0.9,0.0,ஹீரோக்கள்
richness,0.9,0.0,செழுமை
sumptuous,0.9,0.0,ஆடம்பரமான
excitedly,0.9,0.0,உற்சாகமாக
adulation,0.9,0.0,adulation
lavishly,0.9,0.0,ஆடம்பரமாக
irresistible,0.9,0.0,தவிர்க்கமுடியாதது
valiantly,0.9,0.0,வீரம்
noiseless,0.9,0.0,சத்தமில்லாமல்
record-setting,0.9,0.0,பதிவு-அமைப்பு
openly,0.9,0.0,வெளிப்படையாக
idyllic,0.9,0.0,முட்டாள்தனமான
coolest,0.9,0.0,சிறந்த
justly,0.9,0.0,நியாயமாக
clean,0.9,0.0,சுத்தமான
feat,0.9,0.0,சாதனை
excites,0.9,0.0,உற்சாகப்படுத்துகிறது
fond,0.9,0.0,பின்னணி
harmony,0.9,0.0,நல்லிணக்கம்
recommend,0.9,0.0,பரிந்துரை
goodwill,0.9,0.0,நல்லெண்ணம்
excellant,0.9,0.0,சிறந்து விளங்குகிறது
pardon,0.9,0.0,மன்னிப்பு
richer,0.9,0.0,பணக்காரர்
smiles,0.9,0.0,புன்னகைக்கிறார்
indulgent,0.9,0.0,மகிழ்ச்சி
suave,0.9,0.0,மென்மையான
progressive,0.9,0.0,முற்போக்கான
outsmart,0.9,0.0,outsmart
conveniently,0.9,0.0,வசதியாக
gratify,0.9,0.0,நன்றி
steadfastness,0.9,0.0,உறுதியான தன்மை
rectify,0.9,0.0,திருத்து
pros,0.9,0.0,நன்மை
trump,0.9,0.0,துருப்பு
exultation,0.9,0.0,மகிழ்ச்சி
thrive,0.9,0.0,செழித்து வளருங்கள்
generously,0.9,0.0,தாராளமாக
nourishment,0.9,0.0,ஊட்டச்சத்து
momentous,0.9,0.0,முக்கியமான
fortitude,0.9,0.0,வலிமை
verifiable,0.9,0.0,சரிபார்க்கக்கூடியது
supports,0.9,0.0,ஆதரிக்கிறது
happily,0.9,0.0,மகிழ்ச்சியுடன்
adoring,0.9,0.0,வணங்குதல்
stainless,0.9,0.0,எஃகு
treasure,0.9,0.0,புதையல்
endear,0.9,0.0,அன்பு
enjoying,0.9,0.0,அனுபவிக்கிறது
articulate,0.9,0.0,உச்சரிக்க
beautify,0.9,0.0,அழகுபடுத்துங்கள்
palatial,0.9,0.0,அரண்மனை
win,0.9,0.0,வெற்றி
sincerely,0.9,0.0,உண்மையுள்ள
loyalty,0.9,0.0,விசுவாசம்
strikingly,0.9,0.0,வேலைநிறுத்தம்
rapid,0.9,0.0,விரைவான
fortuitously,0.9,0.0,அதிர்ஷ்டவசமாக
recommended,0.9,0.0,பரிந்துரைக்கப்படுகிறது
sharper,0.9,0.0,கூர்மையானது
deft,0.9,0.0,deft
pre-eminent,0.9,0.0,முதன்மையானவர்
reasonable,0.9,0.0,நியாயமான
nifty,0.9,0.0,நிஃப்டி
warm,0.9,0.0,சூடான
counter-attack,0.9,0.0,எதிர் தாக்குதல்
cajole,0.9,0.0,கஜோல்
imaginative,0.9,0.0,கற்பனை
thrilling,0.9,0.0,விறுவிறுப்பான
issue-free,0.9,0.0,பிரச்சினை இல்லாதது
adore,0.9,0.0,வணங்கு
improves,0.9,0.0,மேம்படுத்துகிறது
wise,0.9,0.0,பாண்டித்தியம்
defeats,0.9,0.0,தோல்விகள்
smartly,0.9,0.0,புத்திசாலித்தனமாக
proactive,0.9,0.0,செயலில்
yay,0.9,0.0,வில்
non-violence,0.9,0.0,அகிம்சை
majestic,0.9,0.0,கம்பீரமான
worthwhile,0.9,0.0,பயனுள்ளது
euphoria,0.9,0.0,பரவசம்
glow,0.9,0.0,பளபளப்பு
perfection,0.9,0.0,முழுமை
brightest,0.9,0.0,பிரகாசமான
evenly,0.9,0.0,சமமாக
excellent,0.9,0.0,சிறந்தது
witty,0.9,0.0,அறிவாற்ற்ல்
glitz,0.9,0.0,கிளிட்ஸ்
leverage,0.9,0.0,அந்நிய
prospros,0.9,0.0,prospros
fame,0.9,0.0,புகழ்
golden,0.9,0.0,தங்கம்
substantive,0.9,0.0,கணிசமான
accurately,0.9,0.0,துல்லியமாக
seasoned,0.9,0.0,பதப்படுத்தப்பட்ட
stupendous,0.9,0.0,பிரம்மாண்டமான
inestimable,0.9,0.0,விலைமதிப்பற்றது
propitious,0.9,0.0,உகந்த
fashionably,0.9,0.0,நாகரீகமாக
regal,0.9,0.0,regal
persevere,0.9,0.0,விடாமுயற்சி
well-informed,0.9,0.0,நன்கு அறிந்தவர்
intrigue,0.9,0.0,சூழ்ச்சி
jubilant,0.9,0.0,மகிழ்ச்சி
euphorically,0.9,0.0,பரவசமாக
amiability,0.9,0.0,நட்பு
suavely,0.9,0.0,suavely
galore,0.9,0.0,பெருந்தொகை
sturdy,0.9,0.0,துணிவுமிக்க
transparent,0.9,0.0,ஒளி புகும்
undamaged,0.9,0.0,சேதமடையாத
cohere,0.9,0.0,cohere
danke,0.9,0.0,நன்றி
elatedly,0.9,0.0,உற்சாகமாக
benifits,0.9,0.0,பெனிஃபிட்கள்
achievements,0.9,0.0,சாதனைகள்
shimmering,0.9,0.0,பளபளக்கும்
preferes,0.9,0.0,விருப்பமான
impartial,0.9,0.0,நடுநிலை
promise,0.9,0.0,வாக்குறுதி
spectacular,0.9,0.0,கண்கவர்
efficacious,0.9,0.0,செயல்திறன் மிக்கது
passion,0.9,0.0,வேட்கை
enhances,0.9,0.0,மேம்படுத்துகிறது
beckoning,0.9,0.0,எச்சரிக்கை
earnestly,0.9,0.0,ஆர்வத்துடன்
right,0.9,0.0,சரி
mightily,0.9,0.0,வலிமையாக
favor,0.9,0.0,தயவு
ingenious,0.9,0.0,தனித்துவமான
exuberantly,0.9,0.0,மிகுந்த ஆர்வத்துடன்
exuberance,0.9,0.0,மிகைப்படுத்தல்
magnificence,0.9,0.0,மகத்துவம்
cleanest,0.9,0.0,தூய்மையானது
gaining,0.9,0.0,பெறுகிறது
fascinating,0.9,0.0,கண்கவர்
support,0.9,0.0,ஆதரவு
soothingly,0.9,0.0,இனிமையானது
flattering,0.9,0.0,முகஸ்துதி
orderly,0.9,0.0,ஒழுங்கான
wonderfully,0.9,0.0,பிரமாதமாக
equitable,0.9,0.0,சமமான
first-class,0.9,0.0,முதல் வகுப்பு
honored,0.9,0.0,க .ரவிக்கப்பட்டார்
sparkle,0.9,0.0,பிரகாசம்
adored,0.9,0.0,போற்றப்பட்டது
ease,0.9,0.0,எளிதாக
enthrall,0.9,0.0,enthrall
available,0.9,0.0,கிடைக்கிறது
enliven,0.9,0.0,enliven
impressed,0.9,0.0,ஈர்க்கப்பட்டார்
supported,0.9,0.0,ஆதரிக்கப்படுகிறது
pleasing,0.9,0.0,மகிழ்வளிக்கும்
versatile,0.9,0.0,பல்துறை
warmly,0.9,0.0,அன்புடன்
marvelled,0.9,0.0,ஆச்சரியப்பட்டது
pretty,0.9,0.0,அழகான
sprightly,0.9,0.0,வெளிப்படையாக
fascination,0.9,0.0,மோகம்
fave,0.9,0.0,fave
reasonably,0.9,0.0,நியாயமான
ovation,0.9,0.0,ovation
speedy,0.9,0.0,வேகமான
satisfy,0.9,0.0,திருப்தி
super,0.9,0.0,அருமை
privileged,0.9,0.0,சலுகை பெற்ற
jaw-dropping,0.9,0.0,வாய் பிளக்கும்
better-known,0.9,0.0,நன்கு அறியப்பட்ட
accomplishments,0.9,0.0,சாதனைகள்
breakthroughs,0.9,0.0,முன்னேற்றங்கள்
hilarious,0.9,0.0,பெருங்களிப்புடைய
pride,0.9,0.0,பெருமை
hail,0.9,0.0,ஆலங்கட்டி
gains,0.9,0.0,ஆதாயங்கள்
rectification,0.9,0.0,திருத்தம்
kudos,0.9,0.0,பெருமையையும்
like,0.9,0.0,போன்ற
masters,0.9,0.0,முதுநிலை
appreciable,0.9,0.0,பாராட்டத்தக்கது
nicest,0.9,0.0,மிகச்சிறந்த
frolic,0.9,0.0,frolic
safely,0.9,0.0,பாதுகாப்பாக
instrumental,0.9,0.0,கருவி
spectacularly,0.9,0.0,கண்கவர்
harmless,0.9,0.0,பாதிப்பில்லாதது
unity,0.9,0.0,ஒற்றுமை
fast-paced,0.9,0.0,வேகமான
ecstasy,0.9,0.0,பரவசம்
enjoy,0.9,0.0,மகிழுங்கள்
enhancement,0.9,0.0,விரிவாக்கம்
assuring,0.9,0.0,உறுதியளித்தல்
work,0.9,0.0,வேலை
edify,0.9,0.0,திருத்து
formidable,0.9,0.0,வல்லமைமிக்க
instantly,0.9,0.0,உடனடியாக
righteously,0.9,0.0,நீதியுடன்
painlessly,0.9,0.0,வலியின்றி
comfy,0.9,0.0,வசதியானது
fervidly,0.9,0.0,உற்சாகமாக
approval,0.9,0.0,ஒப்புதல்
fertile,0.9,0.0,வளமான
easygoing,0.9,0.0,எளிதானது
admiration,0.9,0.0,போற்றுதல்
reward,0.9,0.0,வெகுமதி
promoter,0.9,0.0,விளம்பரதாரர்
responsive,0.9,0.0,பதிலளிக்கக்கூடியது
rapt,0.9,0.0,rapt
wowing,0.9,0.0,wowing
promptly,0.9,0.0,உடனடியாக
awestruck,0.9,0.0,awestruck
joyful,0.9,0.0,மகிழ்ச்சியான
dominate,0.9,0.0,ஆதிக்கம் செலுத்துங்கள்
capably,0.9,0.0,திறம்பட
virtue,0.9,0.0,நல்லொழுக்கம்
prompt,0.9,0.0,வரியில்
willingly,0.9,0.0,விருப்பத்துடன்
magical,0.9,0.0,மந்திர
famed,0.9,0.0,புகழ் பெற்றது
angel,0.9,0.0,தேவதை
masterfully,0.9,0.0,திறமையாக
amazing,0.9,0.0,ஆச்சரியமாக இருக்கிறது
convincing,0.9,0.0,உறுதியானது
awsome,0.9,0.0,awsome
reforming,0.9,0.0,சீர்திருத்தம்
clever,0.9,0.0,புத்திசாலி
fervently,0.9,0.0,ஆர்வத்துடன்
harmoniously,0.9,0.0,இணக்கமாக
compact,0.9,0.0,சிறிய
enterprising,0.9,0.0,தொழில்முனைவு
intriguing,0.9,0.0,புதிரானது
aspire,0.9,0.0,ஆசை
elegance,0.9,0.0,நேர்த்தியுடன்
delightful,0.9,0.0,மகிழ்ச்சிகரமான
maneuverable,0.9,0.0,சூழ்ச்சி
friendly,0.9,0.0,நட்பாக
gainfully,0.9,0.0,லாபகரமாக
ideally,0.9,0.0,வெறுமனே
complements,0.9,0.0,பூர்த்தி செய்கிறது
hardy,0.9,0.0,ஹார்டி
unconditional,0.9,0.0,நிபந்தனையற்ற
homage,0.9,0.0,மரியாதை
talented,0.9,0.0,திறமையானவர்கள்
stellarly,0.9,0.0,நட்சத்திரமாக
futurestic,0.9,0.0,எதிர்காலம்
congratulation,0.9,0.0,வாழ்த்துக்கள்
soft,0.9,0.0,மென்மையான
glory,0.9,0.0,மகிமை
encouragingly,0.9,0.0,ஊக்கமளிக்கும்
stylishly,0.9,0.0,ஸ்டைலாக
afford,0.9,0.0,வாங்க
jollify,0.9,0.0,jollify
skill,0.9,0.0,திறன்
reasoned,0.9,0.0,காரணம்
piety,0.9,0.0,பக்தி
peaceful,0.9,0.0,அமைதியான
warmhearted,0.9,0.0,அன்பானவர்
endorsing,0.9,0.0,ஒப்புதல்
impressively,0.9,0.0,சுவாரஸ்யமாக
bravo,0.9,0.0,பிராவோ
improvement,0.9,0.0,முன்னேற்றம்
sumptuously,0.9,0.0,ஆடம்பரமாக
pamper,0.9,0.0,ஆடம்பரமாக
avidly,0.9,0.0,ஆர்வத்துடன்
profusion,0.9,0.0,மிகுதியாக
tenaciously,0.9,0.0,உறுதியுடன்
glisten,0.9,0.0,பளபளப்பு
famously,0.9,0.0,பிரபலமாக
timely,0.9,0.0,சரியான நேரத்தில்
well-known,0.9,0.0,நன்கு அறியப்பட்ட
tranquil,0.9,0.0,அமைதியான
carefree,0.9,0.0,கவலையற்ற
healthful,0.9,0.0,ஆரோக்கியமான
dignified,0.9,0.0,கண்ணியமான
elegant,0.9,0.0,நேர்த்தியான
easy,0.9,0.0,சுலபம்
excitingly,0.9,0.0,உற்சாகமாக
well-received,0.9,0.0,நன்கு பெறப்பட்டது
impressiveness,0.9,0.0,ஈர்க்கக்கூடிய தன்மை
simplifies,0.9,0.0,எளிதாக்குகிறது
thrift,0.9,0.0,சிக்கனம்
willingness,0.9,0.0,விருப்பம்
virtuous,0.9,0.0,நல்லொழுக்கமுள்ள
outperforms,0.9,0.0,சிறப்பாக செயல்படுகிறது
adroitly,0.9,0.0,adroitly
believable,0.9,0.0,நம்பக்கூடியது
ecstasies,0.9,0.0,பரவசங்கள்
glimmering,0.9,0.0,ஒளிரும்
continuity,0.9,0.0,தொடர்ச்சி
unaffected,0.9,0.0,பாதிக்கப்படாதது
neatest,0.9,0.0,சுத்தமாக
prefered,0.9,0.0,விருப்பம்
attraction,0.9,0.0,ஈர்ப்பு
kindly,0.9,0.0,கனிவான
breeze,0.9,0.0,தென்றல்
amicable,0.9,0.0,இணக்கமான
flatter,0.9,0.0,முகஸ்துதி
knowledgeable,0.9,0.0,அறிவு
first-in-class,0.9,0.0,முதல் வகுப்பு
gratifyingly,0.9,0.0,மகிழ்ச்சியுடன்
windfall,0.9,0.0,காற்று வீழ்ச்சி
nicer,0.9,0.0,இனிமையானது
dedicated,0.9,0.0,அர்ப்பணிப்பு
well-intentioned,0.9,0.0,நல்ல நோக்கத்துடன்
autonomous,0.9,0.0,தன்னாட்சி
awed,0.9,0.0,விழித்தெழுந்தது
promises,0.9,0.0,வாக்குறுதிகள்
lucrative,0.9,0.0,லாபகரமான
compassionate,0.9,0.0,இரக்கமுள்ள
dependably,0.9,0.0,நம்பத்தகுந்த
handsome,0.9,0.0,அழகான
chic,0.9,0.0,புதுப்பாணியான
excited,0.9,0.0,உற்சாகமாக
infallibly,0.9,0.0,தவறாக
proving,0.9,0.0,நிரூபித்தல்
impresses,0.9,0.0,ஈர்க்கிறது
interests,0.9,0.0,ஆர்வங்கள்
enviably,0.9,0.0,பொறாமை
dotingly,0.9,0.0,புள்ளி
superior,0.9,0.0,உயர்ந்தது
pleasurable,0.9,0.0,மகிழ்ச்சிகரமான
industrious,0.9,0.0,கடினமான
polite,0.9,0.0,கண்ணியமாக
slick,0.9,0.0,மென்மையாய்
compliant,0.9,0.0,இணக்கம்
smile,0.9,0.0,புன்னகை
agreeably,0.9,0.0,ஏற்றுக்கொள்ளத்தக்கது
miraculousness,0.9,0.0,அதிசயம்
works,0.9,0.0,வேலை செய்கிறது
reverent,0.9,0.0,பயபக்தி
graciously,0.9,0.0,தயவுசெய்து
pinnacle,0.9,0.0,உச்சம்
risk-free,0.9,0.0,ஆபத்து இல்லாதது
empathize,0.9,0.0,புரிந்து
righteous,0.9,0.0,நீதிமான்கள்
subsidize,0.9,0.0,மானியம்
effusion,0.9,0.0,வெளியேற்றம்
unfazed,0.9,0.0,குழப்பமடையவில்லை
awarded,0.9,0.0,வழங்கப்பட்டது
excelled,0.9,0.0,சிறந்து விளங்கியது
beckon,0.9,0.0,பெக்கன்
well-backlit,0.9,0.0,நன்கு பின்னிணைப்பு
law-abiding,0.9,0.0,சட்டத்தை மதிக்கும்
eased,0.9,0.0,தளர்த்தப்பட்டது
amusingly,0.9,0.0,வேடிக்கையாக
sensible,0.9,0.0,விவேகமான
impeccable,0.9,0.0,அப்பழுக்கற்ற
awesomely,0.9,0.0,அற்புதமாக
competitive,0.9,0.0,போட்டி
bravery,0.9,0.0,துணிச்சல்
distinction,0.9,0.0,வேறுபாடு
sagacity,0.9,0.0,புத்திசாலித்தனம்
goood,0.9,0.0,கூட்
properly,0.9,0.0,ஒழுங்காக
bloom,0.9,0.0,பூக்கும்
freshest,0.9,0.0,புதுமையானது
richly,0.9,0.0,பணக்காரர்
well-wishers,0.9,0.0,நலம் விரும்பிகள்
flawlessly,0.9,0.0,குறைபாடற்ற
quaint,0.9,0.0,விசித்திரமான
smartest,0.9,0.0,புத்திசாலி
gracious,0.9,0.0,கருணை
youthful,0.9,0.0,இளமை
revolutionizes,0.9,0.0,புரட்சியை ஏற்படுத்துகிறது
eloquently,0.9,0.0,திகழ்கின்றன
beautiful,0.9,0.0,அழகு
feasibly,0.9,0.0,சாத்தியமான
relaxed,0.9,0.0,நிதானமாக
succes,0.9,0.0,வெற்றி
incredible,0.9,0.0,நம்பமுடியாதது
recovery,0.9,0.0,மீட்பு
wisely,0.9,0.0,புத்திசாலித்தனமாக
effective,0.9,0.0,பயனுள்ள
merriment,0.9,0.0,மகிழ்ச்சி
low-risk,0.9,0.0,குறைந்த ஆபத்து
affluence,0.9,0.0,செல்வம்
admirable,0.9,0.0,போற்றத்தக்கது
inpressed,0.9,0.0,அழுத்தப்பட்ட
wows,0.9,0.0,வாவ்ஸ்
refine,0.9,0.0,சுத்திகரிக்கவும்
brave,0.9,0.0,தைரியமான
amity,0.9,0.0,நட்பு
benevolent,0.9,0.0,கருணைமிக்கவர்
securely,0.9,0.0,பாதுகாப்பாக
improved,0.9,0.0,மேம்படுத்தப்பட்டது
desiring,0.9,0.0,ஆசை
reform,0.9,0.0,சீர்திருத்தம்
romantically,0.9,0.0,காதல்
sporty,0.9,0.0,ஸ்போர்ட்டி
reverence,0.9,0.0,பயபக்தி
invigorate,0.9,0.0,ஊக்குவிக்கவும்
outstanding,0.9,0.0,நிலுவையில் உள்ளது
prefers,0.9,0.0,விரும்புகிறது
magnificent,0.9,0.0,அற்புதமான
outperformed,0.9,0.0,சிறப்பாக செயல்பட்டது
eminence,0.9,0.0,புகழ்
satisified,0.9,0.0,திருப்தி
enviousness,0.9,0.0,பொறாமை
overjoyed,0.9,0.0,மிகுந்த மகிழ்ச்சி
sophisticated,0.9,0.0,அதிநவீன
extol,0.9,0.0,extol
astonishingly,0.9,0.0,வியக்கத்தக்க வகையில்
world-famous,0.9,0.0,உலக புகழ்பெற்ற
gratitude,0.9,0.0,நன்றி
deservedly,0.9,0.0,தகுதியுடன்
mesmerizingly,0.9,0.0,மயக்கும்
unparalleled,0.9,0.0,இணையற்றது
gorgeously,0.9,0.0,அழகாக
genial,0.9,0.0,நன்று
succeed,0.9,0.0,வெற்றி
beautifullly,0.9,0.0,அழகாக
faithfully,0.9,0.0,உண்மையுடன்
priceless,0.9,0.0,விலைமதிப்பற்றது
exultant,0.9,0.0,நடனம்
thank,0.9,0.0,நன்றி
thumbs-up,0.9,0.0,கட்டைவிரல்
titillating,0.9,0.0,டைட்டிலேட்டிங்
preferably,0.9,0.0,முன்னுரிமை
wonder,0.9,0.0,ஆச்சரியம்
jubilate,0.9,0.0,மகிழ்ச்சி
finest,0.9,0.0,மிகச்சிறந்த
recommendation,0.9,0.0,பரிந்துரை
astonishing,0.9,0.0,வியக்க வைக்கிறது
enrapt,0.9,0.0,enrapt
honesty,0.9,0.0,நேர்மை
luxury,0.9,0.0,ஆடம்பர
futuristic,0.9,0.0,எதிர்காலம்
important,0.9,0.0,முக்கியமான
gaily,0.9,0.0,கெய்லி
smooth,0.9,0.0,மென்மையான
stronger,0.9,0.0,வலுவான
high-spirited,0.9,0.0,உயர் உற்சாகமான
succeeding,0.9,0.0,வெற்றி
beloved,0.9,0.0,அன்பே
beautifully,0.9,0.0,அழகாக
sustainable,0.9,0.0,நிலையான
staunch,0.9,0.0,உறுதியான
nice,0.9,0.0,அருமை
acclamation,0.9,0.0,பாராட்டு
stellar,0.9,0.0,நட்சத்திர
favorited,0.9,0.0,பிடித்தது
zenith,0.9,0.0,zenith
courteous,0.9,0.0,மரியாதை
heroically,0.9,0.0,வீரமாக
lucky,0.9,0.0,அதிர்ஷ்டசாலி
correctly,0.9,0.0,சரியாக
prudent,0.9,0.0,விவேகமான
success,0.9,0.0,வெற்றி
lustrous,0.9,0.0,காமவெறி
non-violent,0.9,0.0,வன்முறையற்றது
fervid,0.9,0.0,fervid
gratifying,0.9,0.0,மகிழ்ச்சி அளிக்கிறது
statuesque,0.9,0.0,சிலை
heartening,0.9,0.0,மனதைக் கவரும்
unequivocally,0.9,0.0,ஐயத்திற்கு இடமின்றி
brand-new,0.9,0.0,புத்தம் புதியது
blockbuster,0.9,0.0,பிளாக்பஸ்டர்
breathtaking,0.9,0.0,மூச்சடைக்கும்
remission,0.9,0.0,நிவாரணம்
heal,0.9,0.0,குணமடைய
accomodative,0.9,0.0,இடவசதி
ebullience,0.9,0.0,ebullience
rightness,0.9,0.0,சரியானது
nobly,0.9,0.0,பிரமாண்டமான
finer,0.9,0.0,finer
gaiety,0.9,0.0,மகிழ்ச்சி
eagerly,0.9,0.0,ஆவலுடன்
accessable,0.9,0.0,அணுகக்கூடியது
acclaim,0.9,0.0,பாராட்டு
self-sufficient,0.9,0.0,தன்னிறைவு
adulatory,0.9,0.0,adulatory
roomy,0.9,0.0,அறை
harmonious,0.9,0.0,இணக்கமான
ecstatically,0.9,0.0,பரவசமாக
relent,0.9,0.0,வருத்தம்
impassioned,0.9,0.0,உணர்ச்சியற்ற
rectifying,0.9,0.0,சரிசெய்தல்
prize,0.9,0.0,பரிசு
beauteous,0.9,0.0,அழகான
confidence,0.9,0.0,நம்பிக்கை
cherished,0.9,0.0,நேசத்துக்குரிய
outstrip,0.9,0.0,வெளியே
wieldy,0.9,0.0,திறமையான
picturesque,0.9,0.0,அழகிய
educated,0.9,0.0,படித்தவர்கள்
dauntless,0.9,0.0,அச்சமற்ற
embolden,0.9,0.0,தைரியம்
reaffirmation,0.9,0.0,மறு உறுதிப்படுத்தல்
cost-saving,0.9,0.0,செலவு சேமிப்பு
brainy,0.9,0.0,மூளை
unencumbered,0.9,0.0,கணக்கிடப்படாதது
amenity,0.9,0.0,வசதி
valor,0.9,0.0,மதிப்பு
convience,0.9,0.0,நம்பிக்கை
err-free,0.9,0.0,பிழை இல்லாதது
hotcake,0.9,0.0,ஹாட் கேக்
delighted,0.9,0.0,மகிழ்ச்சி
prestigious,0.9,0.0,மதிப்புமிக்க
amazingly,0.9,0.0,அதிசயமாக
encourage,0.9,0.0,ஊக்குவிக்கவும்
liked,0.9,0.0,பிடித்திருந்தது
correct,0.9,0.0,சரி
outdo,0.9,0.0,வெளிப்புறம்
helped,0.9,0.0,உதவியது
accolade,0.9,0.0,பாராட்டு
invulnerable,0.9,0.0,அழிக்க முடியாதது
defeating,0.9,0.0,தோற்கடிக்கும்
gems,0.9,0.0,கற்கள்
low-priced,0.9,0.0,குறைந்த விலை
patiently,0.9,0.0,பொறுமையாக
dazzle,0.9,0.0,திகைப்பூட்டும்
enviable,0.9,0.0,பொறாமை
engaging,0.9,0.0,ஈடுபாட்டுடன்
ingenuous,0.9,0.0,தனித்துவமான
peach,0.9,0.0,பீச்
gleefully,0.9,0.0,களிப்புடன்
supurbly,0.9,0.0,supurbly
refund,0.9,0.0,பணத்தைத் திரும்பப் பெறுதல்
lower-priced,0.9,0.0,குறைந்த விலை
patriotic,0.9,0.0,தேசபக்தி
calmness,0.9,0.0,அமைதி
irreplaceable,0.9,0.0,ஈடுசெய்ய முடியாதது
fearlessly,0.9,0.0,அச்சமின்றி
steadfastly,0.9,0.0,உறுதியுடன்
exalting,0.9,0.0,உயர்த்துவது
trustworthiness,0.9,0.0,நம்பகத்தன்மை
accommodative,0.9,0.0,இடவசதி
unrestricted,0.9,0.0,கட்டுப்பாடற்ற
affordably,0.9,0.0,மலிவு
appeal,0.9,0.0,முறையீடு
integrated,0.9,0.0,ஒருங்கிணைந்த
dead-on,0.9,0.0,இறந்த-ஆன்
remarkable,0.9,0.0,குறிப்பிடத்தக்க
brainiest,0.9,0.0,மூளைச்சலவை
time-honored,0.9,0.0,நேரம் மரியாதைக்குரியது
savior,0.9,0.0,மீட்பர்
backbone,0.9,0.0,முதுகெலும்பு
outstandingly,0.9,0.0,மிகச்சிறப்பாக
amazement,0.9,0.0,ஆச்சரியம்
replaceable,0.9,0.0,மாற்றக்கூடியது
swankiest,0.9,0.0,swankiest
energy-saving,0.9,0.0,ஆற்றல் சேமிப்பு
prodigious,0.9,0.0,அற்புதமான
amicably,0.9,0.0,இணக்கமாக
guarantee,0.9,0.0,உத்தரவாதம்
simplifying,0.9,0.0,எளிமைப்படுத்துதல்
supremacy,0.9,0.0,மேலாதிக்கம்
softer,0.9,0.0,மென்மையான
honest,0.9,0.0,நேர்மையான
covenant,0.9,0.0,உடன்படிக்கை
striking,0.9,0.0,வேலைநிறுத்தம்
sensitive,0.9,0.0,உணர்திறன்
attractively,0.9,0.0,கவர்ச்சியாக
electrify,0.9,0.0,மின்மயமாக்கு
best-performing,0.9,0.0,சிறந்த செயல்திறன்
simplify,0.9,0.0,எளிமைப்படுத்து
spellbinding,0.9,0.0,எழுத்துப்பிழை
cure-all,0.9,0.0,குணப்படுத்த-அனைத்தும்
hands-down,0.9,0.0,கைகளை கீழே
soundly,0.9,0.0,சத்தமாக
snappy,0.9,0.0,snappy
exquisite,0.9,0.0,நேர்த்தியான
reassure,0.9,0.0,உத்தரவாதம்
brilliances,0.9,0.0,புத்திசாலித்தனம்
paramount,0.9,0.0,மிக முக்கியமானது
dextrous,0.9,0.0,டெக்ஸ்ட்ரஸ்
lucidly,0.9,0.0,தெளிவாக
contrasty,0.9,0.0,முரண்பாடு
accomplishment,0.9,0.0,சாதனை
humorous,0.9,0.0,நகைச்சுவையான
appropriate,0.9,0.0,பொருத்தமானது
undisputably,0.9,0.0,மறுக்கமுடியாதபடி
clearly,0.9,0.0,தெளிவாக
admiringly,0.9,0.0,போற்றத்தக்க வகையில்
eventful,0.9,0.0,நிகழ்வு
guidance,0.9,0.0,வழிகாட்டல்
hallowed,0.9,0.0,புனிதமான
liberate,0.9,0.0,விடுவிக்கவும்
reclaim,0.9,0.0,மீட்டெடுங்கள்
outperform,0.9,0.0,சிறப்பாக
valiant,0.9,0.0,வீரம்
magnanimously,0.9,0.0,பெருமளவில்
upliftingly,0.9,0.0,உயர்த்துவது
heaven,0.9,0.0,சொர்க்கம்
robust,0.9,0.0,வலுவான
blameless,0.9,0.0,குற்றமற்றவர்
spellbind,0.9,0.0,எழுத்துப்பிழை
meritorious,0.9,0.0,சிறப்பான
self-determination,0.9,0.0,சுயநிர்ணய உரிமை
happiness,0.9,0.0,மகிழ்ச்சி
enjoyable,0.9,0.0,சுவாரஸ்யமாக இருக்கிறது
subsidizes,0.9,0.0,மானியங்கள்
nurturing,0.9,0.0,வளர்ப்பது
eminent,0.9,0.0,சிறந்த
heavenly,0.9,0.0,பரலோக
engrossing,0.9,0.0,மூழ்கி
rich,0.9,0.0,பணக்கார
humor,0.9,0.0,நகைச்சுவை
first-rate,0.9,0.0,முதல் விகிதம்
unselfish,0.9,0.0,தன்னலமற்ற
oasis,0.9,0.0,சோலை
poised,0.9,0.0,தயாராக
kid-friendly,0.9,0.0,குழந்தை நட்பு
harmonize,0.9,0.0,ஒத்திசை
vigilant,0.9,0.0,விழிப்புடன்
outwit,0.9,0.0,வெளியே
adoringly,0.9,0.0,அபிமானமாக
quieter,0.9,0.0,அமைதியான
fondly,0.9,0.0,அன்புடன்
instructive,0.9,0.0,அறிவுறுத்தும்
complemented,0.9,0.0,பூர்த்தி செய்யப்பட்டது
all-around,0.9,0.0,எல்லா இடங்களிலும்
hallmarks,0.9,0.0,அடையாளங்கள்
soundness,0.9,0.0,ஒலி
dashing,0.9,0.0,கோடு
overtaken,0.9,0.0,முந்தியது
grace,0.9,0.0,கருணை
advocate,0.9,0.0,வக்கீல்
fanfare,0.9,0.0,ரசிகர்
jubilantly,0.9,0.0,மகிழ்ச்சியுடன்
praising,0.9,0.0,புகழ்வது
tops,0.9,0.0,டாப்ஸ்
succeeds,0.9,0.0,வெற்றி பெறுகிறது
astonished,0.9,0.0,ஆச்சரியப்பட்டார்
danken,0.9,0.0,நன்றி சொல்ல
affection,0.9,0.0,பாசம்
geeky,0.9,0.0,அழகற்ற
hot,0.9,0.0,சூடான
advantageous,0.9,0.0,சாதகமானது
improve,0.9,0.0,மேம்படுத்த
sweetheart,0.9,0.0,அன்பே
eloquence,0.9,0.0,சொற்பொழிவு
audibly,0.9,0.0,கேட்கக்கூடியதாக
charmingly,0.9,0.0,வசீகரமாக
incredibly,0.9,0.0,நம்பமுடியாத
solicitous,0.9,0.0,வேண்டுகோள்
well-made,0.9,0.0,நன்றாக செய்யப்பட்டது
logical,0.9,0.0,தருக்க
zeal,0.9,0.0,வைராக்கியம்
thoughtfully,0.9,0.0,சிந்தனையுடன்
solid,0.9,0.0,திட
deference,0.9,0.0,மரியாதை
intuitive,0.9,0.0,உள்ளுணர்வு
punctual,0.9,0.0,சரியான நேரத்தில்
hallmark,0.9,0.0,தனிச்சிறப்பு
redeeming,0.9,0.0,மீட்பது
safe,0.9,0.0,பாதுகாப்பானது
excallent,0.9,0.0,சிறப்பானது
fortune,0.9,0.0,அதிர்ஷ்டம்
grin,0.9,0.0,சிரிப்பு
awesomeness,0.9,0.0,அற்புதம்
succeeded,0.9,0.0,வெற்றி பெற்றது
beckons,0.9,0.0,அழைக்கிறது
pamperedly,0.9,0.0,pamperedly
appreciative,0.9,0.0,பாராட்டு
thrilled,0.9,0.0,சிலிர்ப்பாக
loyal,0.9,0.0,விசுவாசமான
adventurous,0.9,0.0,சாகச
booming,0.9,0.0,ஏற்றம்
renown,0.9,0.0,புகழ்
dote,0.9,0.0,வரதட்சணை
reformed,0.9,0.0,சீர்திருத்தப்பட்டது
excellently,0.9,0.0,நேர்த்தியாக
fresh,0.9,0.0,புதியது
exceedingly,0.9,0.0,மிக அதிகமாக
undisputable,0.9,0.0,மறுக்கமுடியாதது
distinctive,0.9,0.0,தனித்துவமான
hale,0.9,0.0,hale
gloriously,0.9,0.0,மகிமையுடன்
elan,0.9,0.0,அறிவிப்பு
stylized,0.9,0.0,பகட்டான
sweeten,0.9,0.0,இனிப்பு
alluring,0.9,0.0,மயக்கும்
fecilitous,0.9,0.0,மலம்
overtaking,0.9,0.0,முந்தியது
saver,0.9,0.0,சேவர்
ftw,0.9,0.0,ftw
laudable,0.9,0.0,பாராட்டத்தக்கது
euphoric,0.9,0.0,பரவசம்
impartially,0.9,0.0,பாரபட்சமின்றி
lifesaver,0.9,0.0,ஆயுட்காலம்
simplest,0.9,0.0,எளிமையானது
excellency,0.9,0.0,மேன்மை
agility,0.9,0.0,சுறுசுறுப்பு
blessing,0.9,0.0,ஆசீர்வாதம்
winnable,0.9,0.0,வெல்லக்கூடியது
fair,0.9,0.0,நியாயமான
monumentally,0.9,0.0,நினைவுச்சின்னமாக
felicity,0.9,0.0,வாழ்த்து
hottest,0.9,0.0,வெப்பமான
courtly,0.9,0.0,நீதிமன்றம்
headway,0.9,0.0,முன்னேற
bonuses,0.9,0.0,போனஸ்
best-known,0.9,0.0,நன்றாக தெரிந்த
significant,0.9,0.0,குறிப்பிடத்தக்க
smoothes,0.9,0.0,மென்மையாக்குகிறது
prettily,0.9,0.0,அழகாக
affinity,0.9,0.0,உறவு
meaningful,0.9,0.0,அர்த்தமுள்ள
prosperous,0.9,0.0,வளமான
ambitiously,0.9,0.0,லட்சியத்துடன்
versatility,0.9,0.0,பல்துறை
lawfully,0.9,0.0,சட்டப்பூர்வமாக
resourceful,0.9,0.0,வளமான
endearing,0.9,0.0,அன்பான
felicitate,0.9,0.0,நல்ல அதிர்ஷ்டம்
heartily,0.9,0.0,மனதுடன்
admire,0.9,0.0,ரசிக்கிறது
suffices,0.9,0.0,போதுமானது
aspirations,0.9,0.0,அபிலாஷைகள்
infallibility,0.9,0.0,தவறான தன்மை
surpass,0.9,0.0,மிஞ்சும்
delicious,0.9,0.0,சுவையானது
complimentary,0.9,0.0,பாராட்டு
novelty,0.9,0.0,புதுமை
coherence,0.9,0.0,இணக்கத்தைப்
subsidized,0.9,0.0,மானியத்துடன்
surreal,0.9,0.0,சர்ரியல்
spiritual,0.9,0.0,ஆன்மீக
grandeur,0.9,0.0,மகத்துவம்
improving,0.9,0.0,மேம்படுத்துகிறது
goodness,0.9,0.0,நன்மை
bonus,0.9,0.0,போனஸ்
amusing,0.9,0.0,வேடிக்கையானது
confident,0.9,0.0,நம்பிக்கையுடன்
felicitous,0.9,0.0,வாழ்த்துக்கள்
compactly,0.9,0.0,சுருக்கமாக
trivially,0.9,0.0,அற்பமாக
achievable,0.9,0.0,அடையக்கூடிய
merrily,0.9,0.0,மகிழ்ச்சியுடன்
exhilarating,0.9,0.0,களிப்பூட்டும்
thrills,0.9,0.0,சிலிர்ப்பு
tidy,0.9,0.0,நேர்த்தியாக
jubiliant,0.9,0.0,ஜூபிலி
sensibly,0.9,0.0,விவேகமான
restructure,0.9,0.0,மறுசீரமைப்பு
miraculous,0.9,0.0,அற்புதம்
glee,0.9,0.0,மகிழ்ச்சி
whoa,0.9,0.0,அட
superb,0.9,0.0,அருமையானது
obsession,0.9,0.0,தொல்லை
joyfully,0.9,0.0,மகிழ்ச்சியுடன்
undisputed,0.9,0.0,மறுக்கமுடியாதது
comely,0.9,0.0,அழகாக
gorgeous,0.9,0.0,அழகான
luckier,0.9,0.0,அதிர்ஷ்டசாலி
worth,0.9,0.0,மதிப்பு
beneficially,0.9,0.0,நன்மை பயக்கும்
user-replaceable,0.9,0.0,பயனர் மாற்றக்கூடியது
decent,0.9,0.0,ஒழுக்கமான
blissfully,0.9,0.0,ஆனந்தமாக
salutary,0.9,0.0,வணக்கம்
commodious,0.9,0.0,பண்டமான
stable,0.9,0.0,நிலையான
scenic,0.9,0.0,இயற்கை
unassailable,0.9,0.0,வழங்க முடியாதது
holy,0.9,0.0,பரிசுத்த
invincibility,0.9,0.0,வெல்லமுடியாதது
enchant,0.9,0.0,மந்திரிப்பவர்
appealing,0.9,0.0,முறையீடு
resolute,0.9,0.0,உறுதியானது
titillatingly,0.9,0.0,தலைப்பில்
excellence,0.9,0.0,சிறப்பானது
perfect,0.9,0.0,சரியானது
revolutionized,0.9,0.0,புரட்சிகரமானது
exalted,0.9,0.0,உயர்ந்தது
loves,0.9,0.0,நேசிக்கிறார்
accolades,0.9,0.0,பாராட்டுக்கள்
delectable,0.9,0.0,விரும்பத்தக்கது
wowed,0.9,0.0,wowed
