Term,PosScore,NegScore,Oriya
direct,0.75,0.0,ସିଧାସଳଖ |
adoptable,0.75,0.0,ଗ୍ରହଣଯୋଗ୍ୟ
due,0.75,0.0,ଦେୟ
ravishing,0.75,0.0,କ୍ଷତିକାରକ |
benefic,0.75,0.0,ଲାଭଦାୟକ |
unsurpassable,1.0,0.0,ଅବିସ୍ମରଣୀୟ |
thorough,0.75,0.0,ପୁଙ୍ଖାନୁପୁଙ୍ଖ
cautious,0.75,0.0,ସତର୍କ
competent,0.75,0.0,ଦକ୍ଷ
workmanlike,0.75,0.0,କର୍ମଜୀବୀ ପରି |
competent,0.75,0.0,ଦକ୍ଷ
full-blown,0.75,0.0,ପୁରା ବିସ୍ଫୋରଣ |
conspicuous,0.75,0.0,ସ୍ପଷ୍ଟ
differentiable,0.75,0.0,ଭିନ୍ନକ୍ଷମ |
constant,0.75,0.125,ସ୍ଥିର
incorrupt,0.75,0.25,ଅକ୍ଷୟ
corn-fed,0.75,0.0,ମକା ଖୁଆଇ |
decorous,0.75,0.0,ସାଜସଜ୍ଜା |
definite,0.75,0.0,ନିଶ୍ଚିତ
importunate,0.75,0.125,ଆମଦାନି କରନ୍ତୁ |
plummy,0.75,0.0,ପ୍ଲମି
discerning,0.875,0.0,ବିଚକ୍ଷଣ
incisive,0.75,0.0,ଉତ୍ସାହଜନକ |
metal-cutting,0.75,0.0,ଧାତୁ କାଟିବା |
bounden,0.875,0.0,ବନ୍ଧା
disenchanted,0.875,0.0,ଅସନ୍ତୁଷ୍ଟ
exportable,0.75,0.0,ରପ୍ତାନିଯୋଗ୍ୟ |
enlightened,0.75,0.0,ଆଲୋକିତ
estimable,1.0,0.0,ଆନୁମାନିକ
exchangeable,0.75,0.0,ଅଦଳବଦଳ
expendable,0.75,0.0,ବ୍ୟୟ ଯୋଗ୍ୟ
extricable,0.75,0.0,ଅତିରିକ୍ତ
fit,0.75,0.0,ଫିଟ୍
pleasant-smelling,0.75,0.0,ସୁଗନ୍ଧିତ
goodish,0.75,0.0,ଶୁଭ
goody-goody,0.875,0.0,ଶୁଭ-ଶୁଭ
white,0.75,0.0,ଧଳା
good-natured,0.75,0.0,ଉତ୍ତମ ସ୍ୱଭାବ
gainly,0.875,0.0,ଲାଭ
bouncing,0.75,0.0,ବାଉନ୍ସ
firm,0.875,0.0,ଦୃ firm
hearty,0.75,0.0,ହୃଦୟ
well-preserved,0.75,0.0,ଭଲ-ସଂରକ୍ଷିତ |
laureate,0.75,0.0,ବିଜେତା
droll,0.75,0.0,ଡ୍ରୋଲ୍
measurable,0.75,0.0,ମାପଯୋଗ୍ୟ
intellectual,0.875,0.0,ବ intellectual ଦ୍ଧିକ
inviting,0.75,0.0,ଆମନ୍ତ୍ରଣ
gladsome,0.75,0.0,ଆନନ୍ଦଦାୟକ |
singable,0.75,0.0,ଗୀତ
moralistic,0.75,0.125,ନ moral ତିକବାଦୀ |
incorrupt,0.75,0.25,ଅକ୍ଷୟ
licit,0.75,0.0,ବିଡ୍
incumbent,0.875,0.0,ଅବସରପ୍ରାପ୍ତ
unimpassioned,0.75,0.0,ଅବିଭକ୍ତ
finished,0.75,0.0,ସମାପ୍ତ
microscopic,0.75,0.0,ମାଇକ୍ରୋସ୍କୋପିକ୍ |
halal,0.75,0.0,ଆଇନଗତ
kosher,0.75,0.0,କୋଶର
disarming,0.75,0.125,ନିରସ୍ତ୍ରୀକରଣ |
white,0.75,0.125,ଧଳା
ladylike,0.75,0.0,ladylike
unprintable,0.75,0.25,ମୁଦ୍ରଣଯୋଗ୍ୟ
diffident,0.875,0.0,ଭିନ୍ନ
answerable,0.875,0.0,ଉତ୍ତରଦାୟୀ |
emancipative,0.75,0.125,ମୁକ୍ତି
danceable,0.75,0.0,ନୃତ୍ୟଯୋଗ୍ୟ
opposite,0.75,0.125,ବିପରୀତ
antiseptic,0.75,0.25,ଆଣ୍ଟିସେପ୍ଟିକ୍ |
shapely,0.75,0.0,ଆକୃତିର |
well-proportioned,0.75,0.0,ଭଲ ଅନୁପାତିତ |
sound,0.75,0.0,ଶବ୍ଦ
straightarrow,0.875,0.125,ସିଧା
upper,0.75,0.0,ଉପର
banner,0.875,0.0,ବ୍ୟାନର
gilt-edged,0.75,0.0,gilt-edged
premium,0.75,0.0,ପ୍ରିମିୟମ୍
shining,0.75,0.0,ଉଜ୍ଜ୍ୱଳ
spiffing,0.875,0.0,ସ୍ପିଫିଙ୍ଗ୍ |
choice,0.75,0.125,ପସନ୍ଦ
serviceable,0.75,0.0,ସେବା ଯୋଗ୍ୟ
sacred,0.75,0.0,ପବିତ୍ର
constitutional,0.75,0.0,ସାମ୍ବିଧାନିକ
deliverable,0.75,0.0,ବିତରଣଯୋଗ୍ୟ
ducal,0.75,0.0,ଡୁକାଲ୍ |
masterstroke,0.75,0.0,ମାଷ୍ଟରଷ୍ଟ୍ରୋକ |
pleasantry,0.75,0.0,ପ୍ରସନ୍ନ
indignity,0.75,0.0,କ୍ରୋଧ
props,0.875,0.0,ପ୍ରପ୍ସ |
titillation,0.75,0.0,ଆଖ୍ୟା
beatification,0.75,0.0,ପ୍ରହାର
rambouillet,0.75,0.0,rambouillet
character,0.875,0.0,ବର୍ଣ୍ଣ
drama,0.75,0.0,ନାଟକ
chirpiness,0.75,0.0,ଚିତ୍କାର
vivacity,0.75,0.25,ଜୀବନ୍ତତା |
mettlesomeness,0.75,0.0,mettlesomeness
bluffness,0.875,0.0,ଅସ୍ପଷ୍ଟତା |
picturesqueness,0.875,0.0,ଚିତ୍ର
pleasingness,0.75,0.0,ପ୍ରସନ୍ନତା
attractiveness,0.75,0.0,ଆକର୍ଷଣୀୟତା |
innateness,0.75,0.25,ଅନ୍ତର୍ନିହିତତା |
totality,0.75,0.0,ସମୁଦାୟ
looseness,0.75,0.25,ମୁକ୍ତ
wholesomeness,0.875,0.0,ସୁସ୍ଥତା
healthfulness,0.875,0.0,ସ୍ୱାସ୍ଥ୍ୟ
trueness,0.75,0.0,ସତ୍ୟତା
tastefulness,0.875,0.0,ସ୍ୱାଦ
urbanity,0.875,0.0,ସହରୀତା
conscientiousness,0.75,0.0,ବିବେକ
safeness,0.75,0.25,ନିରାପତ୍ତା
scrupulousness,0.75,0.0,ନିଷ୍ଠୁରତା |
integrity,0.875,0.125,ଅଖଣ୍ଡତା
probity,0.75,0.0,ସମ୍ଭାବ୍ୟତା
artfulness,0.75,0.0,କଳାକ .ଶଳ |
dedication,0.875,0.0,ସମର୍ପଣ
urbanity,0.875,0.0,ସହରୀତା
crispness,0.875,0.0,କୁସୁମତା
extremeness,0.75,0.25,ଅତ୍ୟଧିକତା
reasonableness,0.75,0.0,ଯୁକ୍ତିଯୁକ୍ତତା |
affirmativeness,0.75,0.0,ନିଶ୍ଚିତତା
importance,0.75,0.125,ଗୁରୁତ୍ୱ
account,0.875,0.125,ଖାତା
meaningfulness,0.75,0.125,ଅର୍ଥପୂର୍ଣ୍ଣତା |
shrillness,0.75,0.25,ସଂକୀର୍ଣ୍ଣତା |
eye,0.75,0.0,ଆଖି
logic,0.75,0.0,ତର୍କ
judiciousness,0.875,0.0,ନ୍ୟାୟ
ear,0.75,0.0,କାନ
balletomania,0.75,0.0,ବାଲେଟୋମାନିଆ |
mastering,0.75,0.0,ମାଷ୍ଟର
principle,0.75,0.0,ନୀତି
hedonism,0.75,0.0,ହେଡୋନିଜିମ୍ |
courtesy,0.75,0.0,ସ es ଜନ୍ୟ
topper,0.75,0.0,ଟପ୍ପର |
divination,0.875,0.0,ବିଭାଜନ
moralism,0.75,0.125,ନ moral ତିକତା
bonheur,0.875,0.0,ଖୁସି
beneficence,0.75,0.0,ଉପକାର
criollo,0.75,0.0,କ୍ରେଓଲ୍
amoralist,0.75,0.0,ଆମୋଦବାଦୀ |
brick,0.75,0.0,ଇଟା
first-rater,1.0,0.0,ପ୍ରଥମ-ରେଟର
out-and-outer,0.75,0.0,ବାହ୍ୟ ଏବଂ ବାହ୍ୟ
pleaser,0.75,0.0,ପ୍ରସନ୍ନ
possible,0.75,0.0,ସମ୍ଭବ
serendipity,0.75,0.125,serendipity
antithesis,0.75,0.0,ଆଣ୍ଟିଥେସିସ୍ |
contrary,0.75,0.0,ବିପରୀତରେ |
algidity,0.75,0.25,ଆଲଗିଡିଟି
pathology,0.75,0.125,ପାଥୋଲୋଜି |
character,0.875,0.0,ବର୍ଣ୍ଣ
fettle,0.75,0.0,fettle
time,0.75,0.0,ସମୟ
simply,0.75,0.0,ସରଳ ଭାବରେ |
downright,0.75,0.0,ସିଧା
recuperate,0.75,0.0,ସୁସ୍ଥ କରନ୍ତୁ |
redound,0.75,0.0,ରେଡାଉଣ୍ଡ୍ |
enervate,0.75,0.0,ସଂରକ୍ଷଣ କରନ୍ତୁ |
delouse,0.75,0.0,ଭ୍ରାନ୍ତ
think,0.75,0.0,ଭାବ |
receive,0.75,0.0,ଗ୍ରହଣ କରନ୍ତୁ |
consider,0.75,0.0,ଧ୍ୟାନ ଦିଅ |
give,0.75,0.125,ଦିଅ
filigree,0.875,0.0,filigree
stultify,0.75,0.125,stultify
see,0.75,0.0,ଦେଖନ୍ତୁ |
vest,0.875,0.0,ପୋଷାକ
agree,0.875,0.0,ସହମତ |
suit,0.875,0.0,ସୁଟ୍
belong,0.75,0.0,ସମ୍ପୃକ୍ତ
make,0.875,0.0,ତିଆରି କର |
sensation,0.9,0.0,ସମ୍ବେଦନଶୀଳତା |
thriving,0.9,0.0,ଉନ୍ନତି
marvels,0.9,0.0,ଆଶ୍ଚର୍ଯ୍ୟ
vibrant,0.9,0.0,ଜୀବନ୍ତ
fragrant,0.9,0.0,ସୁଗନ୍ଧିତ
enthusiast,0.9,0.0,ଉତ୍ସାହୀ
successfully,0.9,0.0,ସଫଳତାର ସହିତ |
gifted,0.9,0.0,ଉପହାର
unequivocal,0.9,0.0,ଏକତରଫା |
readily,0.9,0.0,ସହଜରେ |
solicitously,0.9,0.0,ଅନୁରୋଧ
enchantingly,0.9,0.0,ଚିତ୍ତାକର୍ଷକ
gold,0.9,0.0,ସୁନା
comforting,0.9,0.0,ସାନ୍ତ୍ୱନା
portable,0.9,0.0,ପୋର୍ଟେବଲ୍ |
sensations,0.9,0.0,ସମ୍ବେଦନଶୀଳତା |
truthful,0.9,0.0,ସତ୍ୟବାଦୀ
notably,0.9,0.0,ଉଲ୍ଲେଖଯୋଗ୍ୟ
bonny,0.9,0.0,bonny
adulate,0.9,0.0,ଅନୁକରଣ
jolly,0.9,0.0,ଉପହାସ
supurb,0.9,0.0,supurb
aspiration,0.9,0.0,ଆକାଂକ୍ଷା
venerate,0.9,0.0,ପୂଜା
liking,0.9,0.0,ପସନ୍ଦ
sweeping,0.9,0.0,ସୁଇପିଂ
flexible,0.9,0.0,ନମନୀୟ |
liberty,0.9,0.0,ସ୍ୱାଧୀନତା
refresh,0.9,0.0,ସତେଜ କରନ୍ତୁ |
vivacious,0.9,0.0,ଜୀବନ୍ତ
gem,0.9,0.0,ରତ୍ନ
impress,0.9,0.0,ଇମ୍ପ୍ରେସ୍
trumpet,0.9,0.0,ତୂରୀ
entrust,0.9,0.0,ଦାୟିତ୍ୱ
catchy,0.9,0.0,ଆକର୍ଷଣୀୟ
talents,0.9,0.0,ପ୍ରତିଭା
retractable,0.9,0.0,ପ୍ରତ୍ୟାହାରଯୋଗ୍ୟ
passionate,0.9,0.0,ଉତ୍ସାହୀ
triumph,0.9,0.0,ବିଜୟ
afordable,0.9,0.0,afordable
congratulations,0.9,0.0,ଅଭିନନ୍ଦନ
bargain,0.9,0.0,ବୁ g ାମଣା
glad,0.9,0.0,ଖୁସି
rejuvenated,0.9,0.0,ପୁନର୍ଜୀବିତ |
top,0.9,0.0,ଶୀର୍ଷ
gladden,0.9,0.0,ଖୁସି
energize,0.9,0.0,ଶକ୍ତି ଦିଅ
humane,0.9,0.0,ମାନବ
swank,0.9,0.0,swank
insightfully,0.9,0.0,ଅନ୍ତର୍ନିହିତ ଭାବରେ |
courageousness,0.9,0.0,ସାହସ
fancinating,0.9,0.0,ଫ୍ୟାନ୍ସ
maturity,0.9,0.0,ପରିପକ୍ .ତା
energy-efficient,0.9,0.0,ଶକ୍ତି-ଦକ୍ଷ
calm,0.9,0.0,ଶାନ୍ତ
desirable,0.9,0.0,ଅଭିଳାଷୀ |
poeticize,0.9,0.0,କବିତା
easiest,0.9,0.0,ସହଜ
low-price,0.9,0.0,କମ୍ ମୂଲ୍ୟ
striving,0.9,0.0,ଚେଷ୍ଟା
advantage,0.9,0.0,ସୁବିଧା
cheerful,0.9,0.0,ଖୁସି
ample,0.9,0.0,ଯଥେଷ୍ଟ
steady,0.9,0.0,ସ୍ଥିର
effortless,0.9,0.0,ଚେଷ୍ଟା
innovation,0.9,0.0,ଉଦ୍ଭାବନ |
fine-looking,0.9,0.0,ସୁନ୍ଦର ଦେଖାଯାଉଛି |
wonders,0.9,0.0,ଆଶ୍ଚର୍ଯ୍ୟ
cashback,0.9,0.0,ଟଙ୍କା ଫେରସ୍ତ
quicker,0.9,0.0,ଶୀଘ୍ର
gleeful,0.9,0.0,ଖୁସି
expertly,0.9,0.0,ବିଶେଷଜ୍ ly
divine,0.9,0.0,divine ଶ୍ୱରୀୟ |
miraculously,0.9,0.0,ଚମତ୍କାର ଭାବରେ |
daring,0.9,0.0,ସାହସ
pepped,0.9,0.0,କଦଳୀ
cooperatively,0.9,0.0,ସହଯୋଗରେ
gainful,0.9,0.0,ଲାଭଦାୟକ |
rewarding,0.9,0.0,ପୁରସ୍କାର
magnificently,0.9,0.0,ଚମତ୍କାର
captivate,0.9,0.0,ଆକର୍ଷିତ କର |
exceeding,0.9,0.0,ଅତିକ୍ରମ
ready,0.9,0.0,ପ୍ରସ୍ତୁତ
invaluablely,0.9,0.0,ଅମୂଲ୍ୟ
modesty,0.9,0.0,ନମ୍ରତା
innovative,0.9,0.0,ଅଭିନବ |
rapturous,0.9,0.0,ରାପ୍ଟୁରସ୍ |
soulful,0.9,0.0,ଆତ୍ମା
hard-working,0.9,0.0,ପରିଶ୍ରମୀ
understandable,0.9,0.0,ବୁ able ିବା ଯୋଗ୍ୟ
resourcefulness,0.9,0.0,ସମ୍ବଳ
illumine,0.9,0.0,ଆଲୋକିତ
trusty,0.9,0.0,ବିଶ୍ୱାସୀ
patriot,0.9,0.0,ଦେଶପ୍ରେମୀ
amply,0.9,0.0,ଯଥେଷ୍ଟ
appreciate,0.9,0.0,ପ୍ରଶଂସା କରନ୍ତୁ
large-capacity,0.9,0.0,ବୃହତ କ୍ଷମତା |
ardent,0.9,0.0,ଉତ୍ସାହ
inspiration,0.9,0.0,ପ୍ରେରଣା
topnotch,0.9,0.0,ଟପ୍ ନୋଟ୍ |
fluent,0.9,0.0,ସ୍ ent ଚ୍ଛ
well-balanced,0.9,0.0,ସୁ-ସନ୍ତୁଳିତ |
clear-cut,0.9,0.0,ସଫା-କଟ୍ |
lovely,0.9,0.0,ସୁନ୍ଦର
frugal,0.9,0.0,ଫଳପ୍ରଦ
affirm,0.9,0.0,ନିଶ୍ଚିତ କର
idealize,0.9,0.0,ଆଦର୍ଶ କରନ୍ତୁ |
great,0.9,0.0,ବହୁତ ଭଲ
profoundly,0.9,0.0,ଗଭୀର ଭାବରେ
gumption,0.9,0.0,ଗୁପ୍ତ
elation,0.9,0.0,ଆନନ୍ଦ
stability,0.9,0.0,ସ୍ଥିରତା
spellbound,0.9,0.0,ବନାନ
obsessions,0.9,0.0,ଅବସାନ |
applaud,0.9,0.0,କରତାଳି
willing,0.9,0.0,ଇଛୁକ
well-bred,0.9,0.0,ଭଲ ପାଳିତ
cleanly,0.9,0.0,ପରିଷ୍କାର ଭାବରେ
graciousness,0.9,0.0,ଦୟା
constructive,0.9,0.0,ଗଠନମୂଳକ
pampers,0.9,0.0,ପମ୍ପର୍ସ |
hotcakes,0.9,0.0,ହଟ୍ କେକ୍ |
realistic,0.9,0.0,ବାସ୍ତବବାଦୀ |
nicely,0.9,0.0,ସୁନ୍ଦର ଭାବରେ
unbiased,0.9,0.0,ନିରପେକ୍ଷ |
virtuously,0.9,0.0,ପ୍ରକୃତରେ
free,0.9,0.0,ମାଗଣା |
fairly,0.9,0.0,ପ୍ରାୟତଃ
cushy,0.9,0.0,କୁଶଳ
grand,0.9,0.0,ଲମ୍ବା
admirer,0.9,0.0,ପ୍ରଶଂସା କର |
peaceable,0.9,0.0,ଶାନ୍ତିପୂର୍ଣ୍ଣ
laud,0.9,0.0,ଟେବୁଲ୍ |
renewed,0.9,0.0,ନବୀକରଣ
inspire,0.9,0.0,ପ୍ରେରଣା ଦିଅ
buoyant,0.9,0.0,ବୋଇତ
humility,0.9,0.0,ନମ୍ରତା
stabilize,0.9,0.0,ସ୍ଥିର କର
hopeful,0.9,0.0,ଆଶାକର୍ମୀ
staunchness,0.9,0.0,ସ୍ଥିରତା |
tenderly,0.9,0.0,କୋମଳମତି
amiabily,0.9,0.0,amiabily
liberation,0.9,0.0,ମୁକ୍ତି
loveliness,0.9,0.0,ସୁନ୍ଦରତା
stunned,0.9,0.0,ଆଶ୍ଚର୍ଯ୍ୟ ହୋଇଗଲେ
seamless,0.9,0.0,ନିରବିହୀନ |
supremely,0.9,0.0,ସର୍ବୋପରି
capable,0.9,0.0,ସକ୍ଷମ
firmer,0.9,0.0,ଦୃ mer ଼
overture,0.9,0.0,ଓଭର୍
chivalrous,0.9,0.0,chivalrous
ingeniously,0.9,0.0,ଚତୁରତାର ସହିତ |
freedom,0.9,0.0,ସ୍ୱାଧୀନତା
well-positioned,0.9,0.0,ଭଲ ସ୍ଥିତ
balanced,0.9,0.0,ସନ୍ତୁଳିତ |
refunded,0.9,0.0,ଫେରସ୍ତ
triumphal,0.9,0.0,ଜୟ
angelic,0.9,0.0,ଦୂତ
matchless,0.9,0.0,ମେଳହୀନ |
tenacious,0.9,0.0,ଦଶହରା
successful,0.9,0.0,ସଫଳ
powerfully,0.9,0.0,ଶକ୍ତିଶାଳୀ
uplifting,0.9,0.0,ଉନ୍ନତି
dynamic,0.9,0.0,ଗତିଶୀଳ |
thankful,0.9,0.0,ଧନ୍ୟବାଦ
cuteness,0.9,0.0,ସୁନ୍ଦରତା
champ,0.9,0.0,କ୍ଷେତ୍ର
intriguingly,0.9,0.0,ଚିତ୍ତାକର୍ଷକ ଭାବରେ |
sufficiently,0.9,0.0,ଯଥେଷ୍ଟ
pepping,0.9,0.0,ପେପିଂ
god-send,0.9,0.0,ଭଗବାନ ପଠାନ୍ତୁ |
mature,0.9,0.0,ପରିପକ୍ୱ |
top-quality,0.9,0.0,ଶୀର୍ଷ-ଗୁଣବତ୍ତା |
efficient,0.9,0.0,ଦକ୍ଷ
easy-to-use,0.9,0.0,ବ୍ୟବହାର-ସହଜ |
peppy,0.9,0.0,କଦଳୀ
idol,0.9,0.0,ପ୍ରତିମା
elegantly,0.9,0.0,ସୁନ୍ଦର ଭାବରେ
glorious,0.9,0.0,ଗ ious ରବମୟ
insightful,0.9,0.0,ଅନ୍ତର୍ନିହିତ
economical,0.9,0.0,ଅର୍ଥନ ical ତିକ |
reassurance,0.9,0.0,ଆଶ୍ୱାସନା
premier,0.9,0.0,ପ୍ରଥମେ
redeem,0.9,0.0,ମୁକ୍ତ କର |
pain-free,0.9,0.0,ଯନ୍ତ୍ରଣାମୁକ୍ତ |
supporter,0.9,0.0,ସମର୍ଥକ
rejoicingly,0.9,0.0,ଆନନ୍ଦରେ
dawn,0.9,0.0,ଭୋର
gutsy,0.9,0.0,ଗୁପ୍ତ
terrifically,0.9,0.0,ଭୟଙ୍କର ଭାବରେ
imaculate,0.9,0.0,ଅନୁକରଣ
appreciated,0.9,0.0,ପ୍ରଶଂସନୀୟ
strongest,0.9,0.0,ଶକ୍ତିଶାଳୀ
accomplish,0.9,0.0,ସମ୍ପନ୍ନ କର |
stimulate,0.9,0.0,ଉତ୍ସାହିତ କର |
distinguished,0.9,0.0,ଭିନ୍ନ
joy,0.9,0.0,ଆନନ୍ଦ
enjoyed,0.9,0.0,ଉପଭୋଗ କଲେ |
elate,0.9,0.0,elate
benefit,0.9,0.0,ଲାଭ
openness,0.9,0.0,ଖୋଲାଖୋଲି
achievement,0.9,0.0,ସଫଳତା
honorable,0.9,0.0,ସମ୍ମାନଜନକ
salute,0.9,0.0,ସ୍ୱାସ୍ଥ୍ୟ
genuine,0.9,0.0,ଅସଲି
unbound,0.9,0.0,ସୀମା
convienient,0.9,0.0,ସୁବିଧାଜନକ
enlighten,0.9,0.0,ଆଲୋକିତ କର |
dumbfounding,0.9,0.0,ମୂକ
unabashed,0.9,0.0,ଅନାବଶ୍ୟକ |
rapturously,0.9,0.0,ରାପ୍ଟୁର ଭାବରେ |
steadiness,0.9,0.0,ସ୍ଥିରତା
sensationally,0.9,0.0,ସମ୍ବେଦନଶୀଳ ଭାବରେ |
clearer,0.9,0.0,ଅଧିକ ସ୍ପଷ୍ଟ
selective,0.9,0.0,ଚୟନକର୍ତ୍ତା |
affirmative,0.9,0.0,ନିଶ୍ଚିତ
dirt-cheap,0.9,0.0,ମଇଳା-ଶସ୍ତା |
trust,0.9,0.0,ବିଶ୍ୱାସ
enthusiasm,0.9,0.0,ଉତ୍ସାହ
undaunted,0.9,0.0,ନିର୍ଭୟରେ
courageously,0.9,0.0,ସାହସର ସହିତ
useful,0.9,0.0,ଉପଯୋଗୀ |
adequate,0.9,0.0,ପର୍ଯ୍ୟାପ୍ତ
jubilation,0.9,0.0,ଆନନ୍ଦ
admirably,0.9,0.0,ପ୍ରଶଂସନୀୟ
phenomenally,0.9,0.0,ଅଦ୍ଭୁତପୂର୍ବକ |
decisiveness,0.9,0.0,ନିର୍ଣ୍ଣାୟକତା |
cozy,0.9,0.0,ଆରାମଦାୟକ
compassion,0.9,0.0,ଦୟା
handier,0.9,0.0,ହ୍ୟାଣ୍ଡିଅର୍ |
clears,0.9,0.0,ସଫା କରେ |
convincingly,0.9,0.0,ନିଶ୍ଚିତ ଭାବରେ
preferring,0.9,0.0,ପସନ୍ଦ
sagely,0.9,0.0,ସାଂଘାତିକ
viewable,0.9,0.0,ଦୃଶ୍ୟମାନ
awesome,0.9,0.0,ଅଦ୍ଭୁତ
abounds,0.9,0.0,ବହୁଳ |
keenness,0.9,0.0,ଆଗ୍ରହ
awards,0.9,0.0,ପୁରସ୍କାର
supportive,0.9,0.0,ସହାୟକ
fine,0.9,0.0,ଭଲ ଅଛି
pamperedness,0.9,0.0,ପାମ୍ପର୍ନେସ୍ |
unrivaled,0.9,0.0,ପ୍ରତିଦ୍ୱନ୍ଦ୍ୱୀ |
best-selling,0.9,0.0,ସର୍ବୋତ୍ତମ ବିକ୍ରୟ |
hearten,0.9,0.0,ହୃଦୟ
sturdier,0.9,0.0,sturdier
advantages,0.9,0.0,ସୁବିଧା
panoramic,0.9,0.0,ପାନୋରାମିକ୍ |
enhanced,0.9,0.0,ଉନ୍ନତ
eulogize,0.9,0.0,eulogize
lighter,0.9,0.0,ହାଲୁକା |
won,0.9,0.0,ଜିତିଲା |
comprehensive,0.9,0.0,ବିସ୍ତୃତ
revival,0.9,0.0,ପୁନର୍ଜୀବନ
skilled,0.9,0.0,କୁଶଳୀ
enticing,0.9,0.0,ମନଲୋଭା
tenacity,0.9,0.0,ଦୃ ac ତା
supporting,0.9,0.0,ସମର୍ଥନ
greatest,0.9,0.0,ସର୍ବଶ୍ରେଷ୍ଠ
fabulously,0.9,0.0,ଚମତ୍କାର ଭାବରେ |
altruistic,0.9,0.0,ସ୍ୱାର୍ଥପର |
enticingly,0.9,0.0,ମନଲୋଭା
silent,0.9,0.0,ଚୁପ୍
pleasant,0.9,0.0,ସୁଖଦ
fondness,0.9,0.0,ସ୍ନେହ
upgradeable,0.9,0.0,ଅପଗ୍ରେଡେବଲ୍ |
phenomenal,0.9,0.0,ଅଦ୍ଭୁତ
fans,0.9,0.0,ପ୍ରଶଂସକମାନେ |
state-of-the-art,0.9,0.0,ଅତ୍ୟାଧୁନିକ
noble,0.9,0.0,ସମ୍ଭ୍ରାନ୍ତ
fast-growing,0.9,0.0,ଦ୍ରୁତ ଗତିରେ
serene,0.9,0.0,ଶାନ୍ତ
handsomely,0.9,0.0,ସୁନ୍ଦର
nourish,0.9,0.0,ପୋଷଣ
usable,0.9,0.0,ବ୍ୟବହାର ଯୋଗ୍ୟ
spotless,0.9,0.0,ଦାଗହୀନ |
bless,0.9,0.0,ଆଶୀର୍ବାଦ କରନ୍ତୁ
exemplar,0.9,0.0,ଆଦର୍ଶ
poignant,0.9,0.0,ଦୁ ign ଖଦାୟକ
ambitious,0.9,0.0,ଉଚ୍ଚାଭିଳାଷୀ |
worked,0.9,0.0,କାମ କଲା |
proud,0.9,0.0,ଗର୍ବିତ
enrich,0.9,0.0,ସମୃଦ୍ଧ କରନ୍ତୁ |
kindness,0.9,0.0,ଦୟା
warmth,0.9,0.0,ଉଷ୍ମତା
excitement,0.9,0.0,ଉତ୍ସାହ
sweetly,0.9,0.0,ମଧୁର
blithe,0.9,0.0,blithe
contribution,0.9,0.0,ଯୋଗୋଦାନ
rejuvenating,0.9,0.0,ନବୀକରଣ
intimacy,0.9,0.0,ନିବିଡ଼ତା
effectively,0.9,0.0,ଫଳପ୍ରଦ ଭାବରେ |
wholesome,0.9,0.0,ଉତ୍ତମ
approve,0.9,0.0,ଅନୁମୋଦନ
truthfulness,0.9,0.0,ସତ୍ୟତା
handily,0.9,0.0,ସହଜରେ
staunchly,0.9,0.0,ଦୃ un ଭାବରେ
prominence,0.9,0.0,ପ୍ରସିଦ୍ଧି
merciful,0.9,0.0,ଦୟାଳୁ
stirringly,0.9,0.0,ଉତ୍ତେଜିତ
outdone,0.9,0.0,ପୁରୁଣା
overtake,0.9,0.0,ଅତିକ୍ରମ କର |
unbeatable,0.9,0.0,ଅପୂର୍ବ
sufficient,0.9,0.0,ଯଥେଷ୍ଟ
ardently,0.9,0.0,ଉତ୍ସାହର ସହିତ |
classic,0.9,0.0,କ୍ଲାସିକ୍
civility,0.9,0.0,ସଭ୍ୟତା
ingenuity,0.9,0.0,ଚତୁରତା
masterpiece,0.9,0.0,ମାଷ୍ଟରପିସ୍ |
fidelity,0.9,0.0,ବିଶ୍ୱସ୍ତତା
reliable,0.9,0.0,ନିର୍ଭରଯୋଗ୍ୟ
charisma,0.9,0.0,କରିସ୍ମା
readable,0.9,0.0,ପଠନୀୟ |
compatible,0.9,0.0,ସୁସଙ୍ଗତ
fulfillment,0.9,0.0,ପୂର୍ଣ୍ଣତା
skillfully,0.9,0.0,ଦକ୍ଷତାର ସହିତ |
tingle,0.9,0.0,ଟିଙ୍ଗଲ୍ |
excel,0.9,0.0,ଉତ୍କର୍ଷ
enviously,0.9,0.0,vious ର୍ଷାପରାୟଣ
swanky,0.9,0.0,ସ୍ ank ାଙ୍କି
celebration,0.9,0.0,ଉତ୍ସବ
progress,0.9,0.0,ପ୍ରଗତି
empowerment,0.9,0.0,ସଶକ୍ତିକରଣ
tranquility,0.9,0.0,ଶାନ୍ତି
led,0.9,0.0,ନେତୃତ୍ୱ
achievible,0.9,0.0,ହାସଲ ଯୋଗ୍ୟ
bright,0.9,0.0,ଉଜ୍ଜ୍ୱଳ
appreciatively,0.9,0.0,କୃତଜ୍ଞତାର ସହିତ |
inspirational,0.9,0.0,ପ୍ରେରଣାଦାୟକ |
accessible,0.9,0.0,ଉପଲବ୍ଧ
lionhearted,0.9,0.0,ସିଂହ
refreshing,0.9,0.0,ସତେଜ
splendidly,0.9,0.0,ଚମତ୍କାର
marvelous,0.9,0.0,ଆଶ୍ଚର୍ଯ୍ୟଜନକ
illustrious,0.9,0.0,ଉଦାହରଣ
revives,0.9,0.0,ପୁନର୍ଜୀବିତ କରେ |
originality,0.9,0.0,ମ original ଳିକତା
gratification,0.9,0.0,ସନ୍ତୁଷ୍ଟ
motivated,0.9,0.0,ପ୍ରେରିତ
playfully,0.9,0.0,ଖେଳିବା
awe,0.9,0.0,ଭୟ
overtakes,0.9,0.0,ଅତିକ୍ରମ କରେ |
eloquent,0.9,0.0,ବକ୍ତବ୍ୟ
proficient,0.9,0.0,ନିପୁଣ
cheapest,0.9,0.0,ଶସ୍ତା
intelligible,0.9,0.0,ବୁଦ୍ଧିମାନ
luxuriant,0.9,0.0,ବିଳାସପୂର୍ଣ୍ଣ
adaptable,0.9,0.0,ଅନୁକୂଳ
enraptured,0.9,0.0,ଅନୁପ୍ରବେଶ
luckiest,0.9,0.0,ଭାଗ୍ୟଶାଳୀ
healthy,0.9,0.0,ସୁସ୍ଥ
luster,0.9,0.0,ଉଜ୍ଜ୍ୱଳ
brotherly,0.9,0.0,ଭାଇଚାରା |
compliment,0.9,0.0,ପ୍ରଶଂସା
leading,0.9,0.0,ଅଗ୍ରଣୀ
fortunately,0.9,0.0,ସ un ଭାଗ୍ୟବଶତ
resplendent,0.9,0.0,ପ୍ରତିଫଳିତ
obtainable,0.9,0.0,ଉପଲବ୍ଧ
inventive,0.9,0.0,ଉଦ୍ଭାବକ |
ardor,0.9,0.0,ଜଳିବା
propitiously,0.9,0.0,ଯଥାର୍ଥରେ
cost-effective,0.9,0.0,ବ୍ୟୟ-ପ୍ରଭାବଶାଳୀ |
charismatic,0.9,0.0,ପରୋପକାରୀ
merit,0.9,0.0,ଯୋଗ୍ୟତା
gusto,0.9,0.0,ଗୁଷ୍ଟୋ |
stimulates,0.9,0.0,ଉତ୍ତେଜିତ କରେ |
coherent,0.9,0.0,ସମନ୍ୱିତ |
providence,0.9,0.0,ପ୍ରମାଣ
exaltedly,0.9,0.0,ଉଚ୍ଚକୋଟୀର
neatly,0.9,0.0,ସୁନ୍ଦର ଭାବରେ
affordable,0.9,0.0,ସୁଲଭ ମୂଲ୍ୟରେ |
effectiveness,0.9,0.0,ଫଳପ୍ରଦତା |
monumental,0.9,0.0,ସ୍ମାରକୀ
pleased,0.9,0.0,ପ୍ରସନ୍ନ
righteousness,0.9,0.0,ଧାର୍ମିକତା
miracle,0.9,0.0,ଚମତ୍କାର
respectable,0.9,0.0,ସମ୍ମାନନୀୟ
upbeat,0.9,0.0,ଅପବଟ୍
winner,0.9,0.0,ବିଜେତା |
laudably,0.9,0.0,ପ୍ରଶଂସନୀୟ
luckiness,0.9,0.0,ଭାଗ୍ୟ
assurance,0.9,0.0,ବୀମା
prestige,0.9,0.0,ପ୍ରତିଷ୍ଠା
qualified,0.9,0.0,ଯୋଗ୍ୟ
fruitful,0.9,0.0,ଫଳପ୍ରଦ
ilu,0.9,0.0,ସ beauty ନ୍ଦର୍ଯ୍ୟ
vivid,0.9,0.0,ସ୍ପଷ୍ଟ
spirited,0.9,0.0,ଆତ୍ମା
godsend,0.9,0.0,godsend
mesmerizes,0.9,0.0,ବିସ୍ମିତ |
satisfying,0.9,0.0,ସନ୍ତୋଷଜନକ
masterful,0.9,0.0,ଗୁରୁ
sublime,0.9,0.0,ସବାଇଲିମ୍ |
mercy,0.9,0.0,ଦୟା
brilliantly,0.9,0.0,ଉଜ୍ଜ୍ୱଳ ଭାବରେ |
loving,0.9,0.0,ସ୍ନେହୀ
entertaining,0.9,0.0,ଚିତ୍ତାକର୍ଷକ |
earnest,0.9,0.0,ଆନ୍ତରିକ
ergonomical,0.9,0.0,ଏର୍ଗୋନୋମିକାଲ୍
refinement,0.9,0.0,ପରିଶୋଧନ
complementary,0.9,0.0,ସଂପନ୍ନ
patient,0.9,0.0,ରୋଗୀ
inviolate,0.9,0.0,ଉଲ୍ଲଂଘନ କରନ୍ତୁ |
eagerness,0.9,0.0,ଆଗ୍ରହ
civilize,0.9,0.0,ସଭ୍ୟତା
well-mannered,0.9,0.0,ସୁସଜ୍ଜିତ
dignity,0.9,0.0,ସମ୍ମାନ
steadiest,0.9,0.0,ସ୍ଥିର
favorite,0.9,0.0,ପ୍ରିୟ
astutely,0.9,0.0,ଅତିଶୟ ଭାବରେ |
splendid,0.9,0.0,ଚମତ୍କାର
subsidizing,0.9,0.0,ସବସିଡି
plush,0.9,0.0,ପ୍ଲସ୍ |
marvelously,0.9,0.0,ଆଶ୍ଚର୍ଯ୍ୟଜନକ
adorer,0.9,0.0,ପ୍ରେମ
happier,0.9,0.0,ଅଧିକ ଖୁସି
perseverance,0.9,0.0,ସ୍ଥିରତା
sensational,0.9,0.0,ସମ୍ବେଦନଶୀଳ |
nimble,0.9,0.0,ନିମ୍ବୁଲ୍ |
multi-purpose,0.9,0.0,ଏକାଧିକ ଉଦ୍ଦେଶ୍ୟ |
affably,0.9,0.0,ସ୍ନେହରେ
astonish,0.9,0.0,ଆଶ୍ଚର୍ଯ୍ୟ
lover,0.9,0.0,ପ୍ରେମିକ
nourishing,0.9,0.0,ପୁଷ୍ଟିକର
upheld,0.9,0.0,ସମର୍ଥନ
exalt,0.9,0.0,ଉଚ୍ଚ କର
happy,0.9,0.0,ଖୁସି
prodigiously,0.9,0.0,ସମ୍ମାନଜନକ
humble,0.9,0.0,ନମ୍ର
proven,0.9,0.0,ପ୍ରମାଣିତ |
resounding,0.9,0.0,ଶବ୍ଦ
cashbacks,0.9,0.0,କ୍ୟାସବ୍ୟାକ୍
visionary,0.9,0.0,ଦୂରଦୃଷ୍ଟିସମ୍ପନ୍ନ
thoughtful,0.9,0.0,ଭାବପ୍ରବଣ
smarter,0.9,0.0,ଚତୁର
conciliate,0.9,0.0,ସମନ୍ୱୟ
credible,0.9,0.0,ବିଶ୍ୱସନୀୟ
dependable,0.9,0.0,ନିର୍ଭରଯୋଗ୍ୟ
saint,0.9,0.0,ସାଧୁ
fairness,0.9,0.0,ନ୍ୟାୟ
victorious,0.9,0.0,ବିଜୟୀ
excels,0.9,0.0,ଉତ୍କୃଷ୍ଟ |
celebrated,0.9,0.0,ପାଳନ
keenly,0.9,0.0,ଆଗ୍ରହୀ
humorously,0.9,0.0,ହାସ୍ୟାସ୍ପଦ ଭାବରେ |
effectual,0.9,0.0,ପ୍ରଭାବଶାଳୀ
enchanting,0.9,0.0,ଚିତ୍ତାକର୍ଷକ |
favour,0.9,0.0,ଅନୁଗ୍ରହ
titillate,0.9,0.0,ଟାଇଟିଲେଟ୍ |
flexibility,0.9,0.0,ନମନୀୟତା
mesmerize,0.9,0.0,ବିସ୍ମୟକର |
favorable,0.9,0.0,ଅନୁକୂଳ
unwavering,0.9,0.0,ଅବିସ୍ମରଣୀୟ |
neat,0.9,0.0,ସଫା
generous,0.9,0.0,ଉଦାର
satisfies,0.9,0.0,ସନ୍ତୁଷ୍ଟ କରେ |
consummate,0.9,0.0,ଗ୍ରାହକ
marvellous,0.9,0.0,ଆଶ୍ଚର୍ଯ୍ୟଜନକ
tempting,0.9,0.0,ପ୍ରଲୋଭନକାରୀ |
mastery,0.9,0.0,ଦକ୍ଷତା
peacefully,0.9,0.0,ଶାନ୍ତିରେ
improvements,0.9,0.0,ଉନ୍ନତି
amicability,0.9,0.0,ବନ୍ଧୁତା
indebted,0.9,0.0,ted ଣଗ୍ରସ୍ତ
high-quality,0.9,0.0,ଉଚ୍ଚ ମାନ
unfettered,0.9,0.0,ଅନୁପଯୁକ୍ତ |
easing,0.9,0.0,ସହଜ
exonerate,0.9,0.0,exonerate
enhance,0.9,0.0,ବୃଦ୍ଧି କର |
evaluative,0.9,0.0,ମୂଲ୍ୟାଙ୍କନକାରୀ
fabulous,0.9,0.0,ଚମତ୍କାର
mind-blowing,0.9,0.0,ମସ୍ତ
well-educated,0.9,0.0,ଭଲ ଶିକ୍ଷିତ
heroine,0.9,0.0,ହିରୋଇନ୍
daringly,0.9,0.0,ସାହସର ସହିତ
lavish,0.9,0.0,ପ୍ରଚୁର
luxuriously,0.9,0.0,ବିଳାସପୂର୍ଣ୍ଣ
marvelousness,0.9,0.0,ଚମତ୍କାରତା
classy,0.9,0.0,ଶ୍ରେଣୀ
tickle,0.9,0.0,ଟିକଲ୍
woo,0.9,0.0,woo
low-cost,0.9,0.0,ଅଳ୍ପ ମୂଲ୍ୟ
restored,0.9,0.0,ପୁନ restored ସ୍ଥାପିତ
romanticize,0.9,0.0,ରୋମାଣ୍ଟିକ୍
rejoice,0.9,0.0,ଆନନ୍ଦ କର
wholeheartedly,0.9,0.0,ହୃଦୟ ସହିତ
smitten,0.9,0.0,ପ୍ରହାର
illuminating,0.9,0.0,ଆଲୋକିତ
diligent,0.9,0.0,ପରିଶ୍ରମୀ
amazed,0.9,0.0,ଆଶ୍ଚର୍ଯ୍ୟ
levity,0.9,0.0,ଲେଭିଟି
reverently,0.9,0.0,ସମ୍ମାନର ସହିତ
courageous,0.9,0.0,ସାହସୀ
tantalizingly,0.9,0.0,tantalizingly
aver,0.9,0.0,ଅଛି
congenial,0.9,0.0,ଜନ୍ମଗତ
pleases,0.9,0.0,ପ୍ରସନ୍ନ
toughest,0.9,0.0,କଠିନ
tender,0.9,0.0,ଟେଣ୍ଡର
permissible,0.9,0.0,ଅନୁମତିପ୍ରାପ୍ତ
alluringly,0.9,0.0,ଆକର୍ଷଣୀୟ
astonishment,0.9,0.0,ଆଶ୍ଚର୍ଯ୍ୟ
quiet,0.9,0.0,ଶାନ୍ତ
commitment,0.9,0.0,ପ୍ରତିବଦ୍ଧତା
indulgence,0.9,0.0,ଭୋକ
endorse,0.9,0.0,ସମର୍ଥନ କରନ୍ତୁ
glowingly,0.9,0.0,ଜ୍ୟୋତିଷ
congratulate,0.9,0.0,ଅଭିନନ୍ଦନ
peace,0.9,0.0,ଶାନ୍ତି
keen,0.9,0.0,ଆଗ୍ରହୀ
breathlessness,0.9,0.0,ନିଶ୍ୱାସ
sufficed,0.9,0.0,ଯଥେଷ୍ଟ
humourous,0.9,0.0,ହାସ୍ୟାସ୍ପଦ
unreal,0.9,0.0,ଅବାସ୍ତବ |
delicate,0.9,0.0,ସୂକ୍ଷ୍ମ |
flourish,0.9,0.0,ବୃଦ୍ଧି କର |
purify,0.9,0.0,ଶୁଦ୍ଧ କର
user-friendly,0.9,0.0,ଉପଭୋକ୍ତା ଅନୁକୁଳ
intricate,0.9,0.0,ଜଟିଳ
enjoyably,0.9,0.0,ଉପଭୋଗ୍ୟ |
well-managed,0.9,0.0,ସୁପରିଚାଳିତ |
perfectly,0.9,0.0,ସଂପୂର୍ଣ୍ଣ ଭାବରେ
worthy,0.9,0.0,ଯୋଗ୍ୟ
rightful,0.9,0.0,ଅଧିକାର
fastest,0.9,0.0,ଦ୍ରୁତତମ
extoll,0.9,0.0,ପ୍ରଶଂସା କର
defeated,0.9,0.0,ପରାଜିତ |
radiance,0.9,0.0,ଉଜ୍ଜ୍ୱଳତା
flashy,0.9,0.0,ଚମତ୍କାର |
generosity,0.9,0.0,ଉଦାରତା
merry,0.9,0.0,ଆନନ୍ଦ
groundbreaking,0.9,0.0,ଭୂମିପୂଜନ
decisive,0.9,0.0,ନିର୍ଣ୍ଣାୟକ
protection,0.9,0.0,ସୁରକ୍ଷା
interesting,0.9,0.0,କ interesting ତୁହଳପ୍ରଦ |
satisfactory,0.9,0.0,ସନ୍ତୋଷଜନକ
ecenomical,0.9,0.0,ଇକୋନୋମିକାଲ୍
prowess,0.9,0.0,ସାହସ
adorable,0.9,0.0,ଆଦରକାରୀ |
mesmerizing,0.9,0.0,ବିସ୍ମୟକର |
uncomplicated,0.9,0.0,ଜଟିଳ
entice,0.9,0.0,ପ୍ରଲୋଭିତ କର |
fun,0.9,0.0,ମଜା
best,0.9,0.0,ସର୍ବୋତ୍ତମ
godlike,0.9,0.0,ଭଗବାନଙ୍କ ପରି |
attune,0.9,0.0,ଆଟୁନ୍
toll-free,0.9,0.0,ଟୋଲ୍ ଫ୍ରି |
regard,0.9,0.0,ସମ୍ମାନ
ameliorate,0.9,0.0,ଉନ୍ନତି
useable,0.9,0.0,ବ୍ୟବହାର ଯୋଗ୍ୟ
top-notch,0.9,0.0,ଶୀର୍ଷ-ଖଣ୍ଡ
astoundingly,0.9,0.0,ଆଶ୍ଚର୍ଯ୍ୟଜନକ ଭାବରେ |
celebrate,0.9,0.0,ଉତ୍ସବ ପାଳନ କର |
affable,0.9,0.0,ସ୍ନେହୀ
flourishing,0.9,0.0,ସମୃଦ୍ଧ
easiness,0.9,0.0,ସହଜତା |
well-behaved,0.9,0.0,ଭଲ ଆଚରଣ
enjoyment,0.9,0.0,ଉପଭୋଗ
exultingly,0.9,0.0,ଆନନ୍ଦରେ
popular,0.9,0.0,ଲୋକପ୍ରିୟ
cornerstone,0.9,0.0,କୋଣାର୍କ
remedy,0.9,0.0,ପ୍ରତିକାର
greatness,0.9,0.0,ମହାନତା
effusiveness,0.9,0.0,ପ୍ରଭାବଶାଳୀତା |
cool,0.9,0.0,ଥଣ୍ଡା
raptureously,0.9,0.0,ଅପ୍ରାକୃତିକ ଭାବରେ |
bolster,0.9,0.0,ବୋଲ୍ଟର
erudite,0.9,0.0,erudite
smoothest,0.9,0.0,ସୁମଧୁର
examplar,0.9,0.0,examplar
exciting,0.9,0.0,ରୋମାଞ୍ଚକର |
apotheosis,0.9,0.0,ଆପୋଥୋସିସ୍
convenience,0.9,0.0,ସୁବିଧା
impeccably,0.9,0.0,ଅକ୍ଷୟ
kindliness,0.9,0.0,ଦୟା
recover,0.9,0.0,ପୁନରୁଦ୍ଧାର କର |
standout,0.9,0.0,ଷ୍ଟାଣ୍ଡଆଉଟ୍
halcyon,0.9,0.0,ହାଲସିନ୍
satisfactorily,0.9,0.0,ସନ୍ତୋଷଜନକ
worth-while,0.9,0.0,ମୂଲ୍ୟ-ସମୟ
well-being,0.9,0.0,ସୁସ୍ଥତା
thrill,0.9,0.0,ରୋମାଞ୍ଚକର |
rightly,0.9,0.0,ଠିକ୍
entrancing,0.9,0.0,ପ୍ରବେଶ
victory,0.9,0.0,ବିଜୟ
survivor,0.9,0.0,ବଞ୍ଚିଥିବା
dreamland,0.9,0.0,ସ୍ୱପ୍ନ
renaissance,0.9,0.0,ନବୀକରଣ
radiant,0.9,0.0,ଉଜ୍ଜ୍ୱଳ
delicacy,0.9,0.0,ସୁସ୍ୱାଦୁତା |
innocuous,0.9,0.0,ନିର୍ଦ୍ଦୋଷ |
enthral,0.9,0.0,ଆନନ୍ଦିତ |
comfort,0.9,0.0,ଆରାମ
sexy,0.9,0.0,ସେକ୍ସି |
champion,0.9,0.0,ଚାମ୍ପିଅନ୍ |
amazes,0.9,0.0,ଆଶ୍ଚର୍ଯ୍ୟ
enough,0.9,0.0,ଯଥେଷ୍ଟ
effusively,0.9,0.0,ପ୍ରଭାବଶାଳୀ ଭାବରେ |
unquestionably,0.9,0.0,ନି .ସନ୍ଦେହ |
regally,0.9,0.0,ନିୟମିତ ଭାବରେ |
tough,0.9,0.0,କଠିନ
terrific,0.9,0.0,ଭୟଙ୍କର
envious,0.9,0.0,ଇର୍ଷା
soothe,0.9,0.0,ଶାନ୍ତ କର |
astound,0.9,0.0,ଆଶ୍ଚର୍ଯ୍ୟ
pleasingly,0.9,0.0,ଆନନ୍ଦରେ
agreeableness,0.9,0.0,ସହମତି
marveled,0.9,0.0,ଆଶ୍ଚର୍ଯ୍ୟ ହୋଇଗଲେ |
assuredly,0.9,0.0,ନିଶ୍ଚିତ ଭାବରେ
chivalry,0.9,0.0,ପ୍ରତିଦ୍ୱନ୍ଦ୍ୱିତା |
pleasurably,0.9,0.0,ଆନନ୍ଦଦାୟକ
hug,0.9,0.0,ଆଲିଙ୍ଗନ
sincere,0.9,0.0,ଆନ୍ତରିକ
affectation,0.9,0.0,ଆସାଇନମେଣ୍ଟ
exquisitely,0.9,0.0,ଅତି ସୁନ୍ଦର ଭାବରେ |
amaze,0.9,0.0,ଆଶ୍ଚର୍ଯ୍ୟ
fortuitous,0.9,0.0,ଭାଗ୍ୟଶାଳୀ
god-given,0.9,0.0,ଭଗବାନ-ପ୍ରଦତ୍ତ |
shiny,0.9,0.0,ଚକଚକିଆ |
tolerable,0.9,0.0,ସହନଶୀଳ |
stunning,0.9,0.0,ଚମତ୍କାର |
preeminent,0.9,0.0,ପ୍ରତିଷ୍ଠିତ
protect,0.9,0.0,ସୁରକ୍ଷା ଦିଅ |
masterpieces,0.9,0.0,ମାଷ୍ଟରପିସ୍ |
merriness,0.9,0.0,ଆନନ୍ଦ
sumptuousness,0.9,0.0,ଅହଂକାର
exellent,0.9,0.0,ଉତ୍ତମ
defender,0.9,0.0,ଡିଫେଣ୍ଡର
responsibly,0.9,0.0,ଦାୟିତ୍ ibly ବୋଧକ |
warmer,0.9,0.0,ଉଷ୍ମ
self-sufficiency,0.9,0.0,ଆତ୍ମନିର୍ଭରଶୀଳତା |
snazzy,0.9,0.0,ସ୍ନାଜି
brighten,0.9,0.0,ଉଜ୍ଜ୍ୱଳ କର |
cleanliness,0.9,0.0,ପରିଷ୍କାର ପରିଚ୍ଛନ୍ନତା
saintliness,0.9,0.0,ସାଧୁତା
heartwarming,0.9,0.0,ହୃଦୟସ୍ପର୍ଶୀ |
polished,0.9,0.0,ପଲିସ୍
superiority,0.9,0.0,ଶ୍ରେଷ୍ଠତା
goodly,0.9,0.0,ଭଲ
inexpensive,0.9,0.0,ଶସ୍ତା
pluses,0.9,0.0,ପ୍ଲସ୍
valuable,0.9,0.0,ମୂଲ୍ୟବାନ
straightforward,0.9,0.0,ସରଳ
rewardingly,0.9,0.0,ପୁରସ୍କାର
chaste,0.9,0.0,ସ୍ୱଚ୍ଛ
counter-attacks,0.9,0.0,ପ୍ରତିବାଦ
posh,0.9,0.0,posh
meticulous,0.9,0.0,ଯତ୍ନଶୀଳ |
empower,0.9,0.0,ସଶକ୍ତିକରଣ
gained,0.9,0.0,ହାସଲ କରିଛନ୍ତି |
modern,0.9,0.0,ଆଧୁନିକ
handy,0.9,0.0,ସହଜ
heartfelt,0.9,0.0,ହୃଦୟରୁ
encouraging,0.9,0.0,ଉତ୍ସାହଜନକ |
ecstatic,0.9,0.0,ଆନନ୍ଦିତ |
creative,0.9,0.0,ସୃଜନଶୀଳ |
respectfully,0.9,0.0,ସମ୍ମାନର ସହିତ |
avid,0.9,0.0,ଆଗ୍ରହୀ
legendary,0.9,0.0,କିମ୍ବଦନ୍ତୀ
veritable,0.9,0.0,ଯାଞ୍ଚଯୋଗ୍ୟ
exceeded,0.9,0.0,ଅତିକ୍ରମ କଲା |
supple,0.9,0.0,ନରମ
tremendously,0.9,0.0,ଜବରଦସ୍ତ
cherub,0.9,0.0,କିରୁବ
winners,0.9,0.0,ବିଜେତା |
rockstars,0.9,0.0,ରକଷ୍ଟାର୍ |
serenity,0.9,0.0,ଶାନ୍ତି
profound,0.9,0.0,ଗଭୀର
light-hearted,0.9,0.0,ହାଲୁକା ହୃଦୟ
enthusiastic,0.9,0.0,ଉତ୍ସାହୀ
joyous,0.9,0.0,ଆନନ୍ଦ
recommendations,0.9,0.0,ସୁପାରିଶ
consistent,0.9,0.0,ସ୍ଥିର
exaltation,0.9,0.0,ଉନ୍ନତି
sweetness,0.9,0.0,ମଧୁରତା
winning,0.9,0.0,ଜିତିବା |
peps,0.9,0.0,ପେପ୍ସ |
razor-sharp,0.9,0.0,ରେଜର୍-ତୀକ୍ଷ୍ଣ |
boom,0.9,0.0,ବମ୍
enticed,0.9,0.0,ପ୍ରଲୋଭିତ |
revolutionary,0.9,0.0,ବ revolutionary ପ୍ଳବିକ
wonderful,0.9,0.0,ଅଦ୍ଭୁତ
cure,0.9,0.0,ଉପଶମ
devout,0.9,0.0,ଭକ୍ତ
diligence,0.9,0.0,ପରିଶ୍ରମ
worthiness,0.9,0.0,ମୂଲ୍ୟବୋଧ
twinkly,0.9,0.0,twinkly
cheaper,0.9,0.0,ଶସ୍ତା
exceled,0.9,0.0,ବହିଷ୍କୃତ
abound,0.9,0.0,ପ୍ରଚୁର
opulent,0.9,0.0,ଅତ୍ୟଧିକ
wealthy,0.9,0.0,ଧନୀ
blossom,0.9,0.0,ଫୁଲ
optimism,0.9,0.0,ଆଶାବାଦୀ
gladness,0.9,0.0,ଆନନ୍ଦ
roomier,0.9,0.0,କୋଠରୀ
saintly,0.9,0.0,ସାଧୁ
favored,0.9,0.0,ଅନୁଗ୍ରହ
lovable,0.9,0.0,ସ୍ନେହୀ
unforgettable,0.9,0.0,ଅବିସ୍ମରଣୀୟ
outshine,0.9,0.0,ବାହ୍ୟ
restructuring,0.9,0.0,ପୁନର୍ଗଠନ
prominent,0.9,0.0,ବିଶିଷ୍ଟ
altruistically,0.9,0.0,ସ୍ୱାର୍ଥପର ଭାବରେ |
simpler,0.9,0.0,ସରଳ
cute,0.9,0.0,ସୁନ୍ଦର
well-run,0.9,0.0,ସୁପରିଚାଳିତ |
bountiful,0.9,0.0,ଅନୁଗ୍ରହ
speedily,0.9,0.0,ଶୀଘ୍ର
commendable,0.9,0.0,ପ୍ରଶଂସନୀୟ
restful,0.9,0.0,ବିଶ୍ରାମ
captivating,0.9,0.0,ଚିତ୍ତାକର୍ଷକ |
lovably,0.9,0.0,ସ୍ନେହପୂର୍ଣ୍ଣ
energetic,0.9,0.0,ଶକ୍ତିଶାଳୀ |
freedoms,0.9,0.0,ସ୍ୱାଧୀନତା
sleek,0.9,0.0,ହାଲୁକା
lawful,0.9,0.0,ଆଇନଗତ
crisp,0.9,0.0,କୁସୁମ
foolproof,0.9,0.0,ମୂର୍ଖ
truthfully,0.9,0.0,ସତରେ
sparkling,0.9,0.0,ଚମକ
beckoned,0.9,0.0,ଚେତାବନୀ
resilient,0.9,0.0,ସ୍ଥିର
faithful,0.9,0.0,ବିଶ୍ୱସ୍ତ
rejoicing,0.9,0.0,ଆନନ୍ଦ
helping,0.9,0.0,ସାହାଯ୍ୟ
dazzling,0.9,0.0,ଚମତ୍କାର
capability,0.9,0.0,ସାମର୍ଥ୍ୟ |
affluent,0.9,0.0,ଧନୀ
exceed,0.9,0.0,ଅତିକ୍ରମ କରନ୍ତୁ |
hero,0.9,0.0,ହିରୋ
steadfast,0.9,0.0,ସ୍ଥିର
a+,0.9,0.0,a +
irreproachable,0.9,0.0,ଅପୂରଣୀୟ
sociable,0.9,0.0,ସହଭାଗୀ
plusses,0.9,0.0,ପ୍ଲସ୍
praiseworthy,0.9,0.0,ପ୍ରଶଂସନୀୟ
self-satisfaction,0.9,0.0,ଆତ୍ମସନ୍ତୋଷ
likable,0.9,0.0,ପସନ୍ଦଯୋଗ୍ୟ
rightfully,0.9,0.0,ଠିକ୍
wins,0.9,0.0,ଜିତେ |
refined,0.9,0.0,ବିଶୋଧିତ
charitable,0.9,0.0,ପରୋପକାରୀ
poise,0.9,0.0,ଶାନ୍ତ
gooood,0.9,0.0,ଗୁଆ
agreeable,0.9,0.0,ସମ୍ମତ
dexterous,0.9,0.0,ବିକୃତ
well-established,0.9,0.0,ସୁ-ପ୍ରତିଷ୍ଠିତ |
amiable,0.9,0.0,ବନ୍ଧୁତ୍ୱପୂର୍ଣ୍ଣ
brisk,0.9,0.0,ତୀବ୍ର
sincerity,0.9,0.0,ଆନ୍ତରିକତା
beauty,0.9,0.0,ସ beauty ନ୍ଦର୍ଯ୍ୟ
advocates,0.9,0.0,ଓକିଲମାନେ
concise,0.9,0.0,ସଂକ୍ଷିପ୍ତ
prudently,0.9,0.0,ଚତୁରତାର ସହିତ |
revelation,0.9,0.0,ପ୍ରକାଶ
ultra-crisp,0.9,0.0,ଅଲ୍ଟ୍ରା-କ୍ରସ୍
revitalize,0.9,0.0,ପୁନର୍ଜୀବିତ କର |
talent,0.9,0.0,ପ୍ରତିଭା
wondrous,0.9,0.0,ଆଶ୍ଚର୍ଯ୍ୟଜନକ
helpful,0.9,0.0,ସାହାଯ୍ୟକାରୀ
fervor,0.9,0.0,ଉତ୍ସାହ
swankier,0.9,0.0,swankier
graceful,0.9,0.0,ଅନୁଗୁଳ
trustingly,0.9,0.0,ବିଶ୍ୱାସରେ
extraordinarily,0.9,0.0,ଅସାଧାରଣ ଭାବରେ |
deginified,0.9,0.0,ଡିଜାଇନିଡ୍
attractive,0.9,0.0,ଆକର୍ଷଣୀୟ |
powerful,0.9,0.0,ଶକ୍ତିଶାଳୀ
stimulating,0.9,0.0,ଉତ୍ସାହଜନକ
empathy,0.9,0.0,ସହାନୁଭୂତି
suitable,0.9,0.0,ଉପଯୁକ୍ତ
eye-catch,0.9,0.0,ଆଖି ଧରିବା |
tempt,0.9,0.0,ପ୍ରଲୋଭନ କର |
auspicious,0.9,0.0,ଶୁଭ
enthralled,0.9,0.0,ଆନନ୍ଦିତ |
triumphantly,0.9,0.0,ଜୟ
beneficent,0.9,0.0,ହିତକାରୀ
good,0.9,0.0,ଭଲ
exceptionally,0.9,0.0,ବିଶେଷ ଭାବରେ |
dexterously,0.9,0.0,ଚତୁରତାର ସହିତ |
survival,0.9,0.0,ବଞ୍ଚିବା
maturely,0.9,0.0,ପରିପକ୍ୱ ଭାବରେ
impartiality,0.9,0.0,ନିରପେକ୍ଷତା |
relief,0.9,0.0,ରିଲିଫ୍
earnestness,0.9,0.0,ଆନ୍ତରିକତା
trusted,0.9,0.0,ବିଶ୍ୱସ୍ତ
peacekeepers,0.9,0.0,ଶାନ୍ତି ରକ୍ଷାକାରୀ
endorsed,0.9,0.0,ଅନୁମୋଦିତ |
diligently,0.9,0.0,ଯତ୍ନର ସହିତ |
accomplished,0.9,0.0,ସମ୍ପନ୍ନ
entertain,0.9,0.0,ଚିତ୍ତାକର୍ଷକ |
tougher,0.9,0.0,କଠୋର
reforms,0.9,0.0,ସଂସ୍କାର
wellbeing,0.9,0.0,କଲ୍ୟାଣ
guiltless,0.9,0.0,ଦୋଷହୀନ |
stimulative,0.9,0.0,ଉତ୍ତେଜକ
flawless,0.9,0.0,ନିଖୁଣ |
spacious,0.9,0.0,ପ୍ରଶସ୍ତ
gracefully,0.9,0.0,ଦୟାକରି
surmount,0.9,0.0,ସର୍ମାଉଣ୍ଟ୍
poetic,0.9,0.0,କବିତା
reaffirm,0.9,0.0,ପୁନ re ନିଶ୍ଚିତ କରନ୍ତୁ |
productive,0.9,0.0,ଫଳପ୍ରଦ
advantageously,0.9,0.0,ସୁବିଧାଜନକ ଭାବରେ |
better,0.9,0.0,ଭଲ
temptingly,0.9,0.0,ପ୍ରଲୋଭନକାରୀ |
passionately,0.9,0.0,ଉତ୍ସାହର ସହିତ |
rational,0.9,0.0,ଯୁକ୍ତିଯୁକ୍ତ |
breathtakingly,0.9,0.0,ଚମତ୍କାର
unquestionable,0.9,0.0,ପ୍ରଶ୍ନ
fashionable,0.9,0.0,ଫ୍ୟାଶନେବଲ୍ |
uplift,0.9,0.0,ଉନ୍ନତି
sharpest,0.9,0.0,ତୀକ୍ଷ୍ଣ |
charming,0.9,0.0,ଆକର୍ଷଣୀୟ
agile,0.9,0.0,ଚତୁର
elated,0.9,0.0,ଆନନ୍ଦିତ |
enrichment,0.9,0.0,ସମୃଦ୍ଧ
considerate,0.9,0.0,ବିବେଚନା କରାଯାଏ |
cleverly,0.9,0.0,ଚତୁରତାର ସହିତ
prefer,0.9,0.0,ପସନ୍ଦ କରନ୍ତୁ |
privilege,0.9,0.0,ସୁବିଧା
astounded,0.9,0.0,ବିସ୍ମିତ
trophy,0.9,0.0,ଟ୍ରଫି
exceeds,0.9,0.0,ଅତିକ୍ରମ କରେ |
cheery,0.9,0.0,ଖୁସି
acclaimed,0.9,0.0,ପ୍ରଶଂସିତ
geekier,0.9,0.0,geekier
charm,0.9,0.0,ଚମତ୍କାର
smiling,0.9,0.0,ହସୁଛି
glitter,0.9,0.0,ଚମକଦାର |
admiring,0.9,0.0,ପ୍ରଶଂସା
invaluable,0.9,0.0,ଅମୂଲ୍ୟ
magic,0.9,0.0,ଯାଦୁ
fastest-growing,0.9,0.0,ଦ୍ରୁତ-ବ growing ୁଥିବା
easier,0.9,0.0,ସହଜ
revive,0.9,0.0,ପୁନର୍ଜୀବିତ କର |
commend,0.9,0.0,ପ୍ରଶଂସା କର
prodigy,0.9,0.0,ପ୍ରବୃତ୍ତି
fearless,0.9,0.0,ନିର୍ଭୟରେ
convient,0.9,0.0,ଉପଯୁକ୍ତ
savings,0.9,0.0,ସଞ୍ଚୟ
appreciates,0.9,0.0,ପ୍ରଶଂସା କରେ |
hardier,0.9,0.0,କଠିନ
zippy,0.9,0.0,ଜିପି
ebullient,0.9,0.0,ebullient
examplary,0.9,0.0,ଉଦାହରଣ
prolific,0.9,0.0,ପ୍ରଫୁଲ୍ଲ
gallantly,0.9,0.0,ଆନନ୍ଦରେ
manageable,0.9,0.0,ପରିଚାଳନାଯୋଗ୍ୟ
protective,0.9,0.0,ପ୍ରତିରକ୍ଷା
politeness,0.9,0.0,ଭଦ୍ରତା
optimistic,0.9,0.0,ଆଶାବାଦୀ |
sane,0.9,0.0,ସାନ
fortunate,0.9,0.0,ଭାଗ୍ୟବାନ
doubtless,0.9,0.0,ସନ୍ଦେହ ନାହିଁ |
conscientious,0.9,0.0,ବିବେକ
invincible,0.9,0.0,ଅବିସ୍ମରଣୀୟ |
restructured,0.9,0.0,ପୁନ uct ନିର୍ମାଣ
fiery,0.9,0.0,ଜ୍ୱଳନ୍ତ
irresistibly,0.9,0.0,ଅସମ୍ଭବ ଭାବରେ |
welcome,0.9,0.0,ସ୍ୱାଗତ
smilingly,0.9,0.0,ହସୁଛି |
rapture,0.9,0.0,ରାପ୍ଟର
tantalizing,0.9,0.0,tantalizing
inspiring,0.9,0.0,ପ୍ରେରଣାଦାୟକ |
luminous,0.9,0.0,ଉଜ୍ଜ୍ୱଳ
luck,0.9,0.0,ଭାଗ୍ୟ
efficiently,0.9,0.0,ଦକ୍ଷତାର ସହିତ |
recomend,0.9,0.0,ପରାମର୍ଶ ଦିଅ |
beneficial,0.9,0.0,ଲାଭଦାୟକ |
spontaneous,0.9,0.0,ସ୍ ont ତ aneous ସ୍ପୃତ
feasible,0.9,0.0,ସମ୍ଭବ
cheer,0.9,0.0,ଖୁସି କର |
strong,0.9,0.0,ଶକ୍ତିଶାଳୀ
variety,0.9,0.0,ବିଭିନ୍ନତା |
prudence,0.9,0.0,ସାବଧାନ
romantic,0.9,0.0,ରୋମାଣ୍ଟିକ୍
marvel,0.9,0.0,ଆଶ୍ଚର୍ଯ୍ୟ
upgradable,0.9,0.0,ଅପଗ୍ରେଡେବଲ୍ |
likes,0.9,0.0,ପସନ୍ଦ କରେ
cooperative,0.9,0.0,ସହଯୋଗୀ
idolized,0.9,0.0,ପ୍ରତିମା
positively,0.9,0.0,ସକରାତ୍ମକ ଭାବରେ |
gain,0.9,0.0,ଲାଭ
eyecatch,0.9,0.0,ଚକ୍ଷୁ
flatteringly,0.9,0.0,ଚାଟୁକାର
heroic,0.9,0.0,ବୀର
zest,0.9,0.0,zest
attentive,0.9,0.0,ଧ୍ୟାନ
glorify,0.9,0.0,ଗ ify ରବ ଦିଅ |
prosperity,0.9,0.0,ସମୃଦ୍ଧତା
smoothly,0.9,0.0,ସୁରୁଖୁରୁରେ |
authoritative,0.9,0.0,ପ୍ରାମାଣିକ
meticulously,0.9,0.0,ଯତ୍ନର ସହିତ |
principled,0.9,0.0,ନୀତିଗତ |
dignify,0.9,0.0,ସମ୍ମାନ
eyecatching,0.9,0.0,ଆଖିଦୃଶିଆ
excelent,0.9,0.0,ଉତ୍କୃଷ୍ଟ
vibrantly,0.9,0.0,ଜୀବନ୍ତ ଭାବରେ |
advocated,0.9,0.0,ଓକିଲାତି କରିଥିଲେ
desirous,0.9,0.0,ଇଚ୍ଛା
excite,0.9,0.0,ଉତ୍ତେଜିତ
proves,0.9,0.0,ପ୍ରମାଣ କରେ |
trouble-free,0.9,0.0,ଅସୁବିଧାମୁକ୍ତ |
exuberant,0.9,0.0,ଅତ୍ୟଧିକ
promised,0.9,0.0,ପ୍ରତିଜ୍ଞା
noteworthy,0.9,0.0,ଉଲ୍ଲେଖନୀୟ |
upliftment,0.9,0.0,ଉନ୍ନତି
wisdom,0.9,0.0,ଜ୍ଞାନ
judicious,0.9,0.0,ବିଚକ୍ଷଣ
personages,0.9,0.0,ବର୍ଣ୍ଣଗୁଡିକ
blissful,0.9,0.0,ସୁଖୀ
rosy,0.9,0.0,ରୋଜି
stately,0.9,0.0,ସୁନ୍ଦର ଭାବରେ |
fancier,0.9,0.0,ପ୍ରଶଂସକ
finely,0.9,0.0,ସୂକ୍ଷ୍ମ
intelligent,0.9,0.0,ବୁଦ୍ଧିମାନ
lush,0.9,0.0,ହସ
thoughtfulness,0.9,0.0,ଚିନ୍ତାଧାରା
feature-rich,0.9,0.0,ବ feature ଶିଷ୍ଟ୍ୟ-ସମୃଦ୍ଧ |
rock-stars,0.9,0.0,ପଥର-ତାରକା |
morality,0.9,0.0,ନ ality ତିକତା
qualify,0.9,0.0,ଯୋଗ୍ୟତା
durable,0.9,0.0,ସ୍ଥାୟୀ
realizable,0.9,0.0,ବାସ୍ତବ
glistening,0.9,0.0,ଚମକ
upscale,0.9,0.0,ଅପ୍ ସ୍କେଲ୍ |
well-regarded,0.9,0.0,ସୁ-ସମ୍ମାନିତ |
fantastically,0.9,0.0,ଚମତ୍କାର ଭାବରେ |
thinner,0.9,0.0,ପତଳା |
lead,0.9,0.0,ସୀସା |
profuse,0.9,0.0,ପ୍ରଫୁଲ୍
jaw-droping,0.9,0.0,ଜହ୍ନ
reliably,0.9,0.0,ନିର୍ଭରଯୋଗ୍ୟ
clarity,0.9,0.0,ସ୍ୱଚ୍ଛତା
award,0.9,0.0,ପୁରସ୍କାର
relish,0.9,0.0,ଆନନ୍ଦ
wonderously,0.9,0.0,ଆଶ୍ଚର୍ଯ୍ୟଜନକ
faithfulness,0.9,0.0,ବିଶ୍ୱସ୍ତତା
invigorating,0.9,0.0,ଉତ୍ସାହଜନକ |
believeable,0.9,0.0,ବିଶ୍ୱାସଯୋଗ୍ୟ
breakthrough,0.9,0.0,ସଫଳତା
master,0.9,0.0,ଗୁରୁ
boost,0.9,0.0,ବୃଦ୍ଧି କର |
flutter,0.9,0.0,ut ୁଲା
illuminati,0.9,0.0,ଇଲୁମିନିଟି
dominated,0.9,0.0,ପ୍ରାଧାନ୍ୟ ବିସ୍ତାର କଲା |
inviolable,0.9,0.0,ଅବିସ୍ମରଣୀୟ |
delightfully,0.9,0.0,ଆନନ୍ଦରେ
ethical,0.9,0.0,ନ ical ତିକ |
precious,0.9,0.0,ମୂଲ୍ୟବାନ
dazzled,0.9,0.0,ଚମତ୍କୃତ |
fast,0.9,0.0,ଦ୍ରୁତ
tantalize,0.9,0.0,tantalize
respect,0.9,0.0,ସମ୍ମାନ
reputation,0.9,0.0,ପ୍ରତିଷ୍ଠା
precise,0.9,0.0,ସଠିକ୍
credence,0.9,0.0,ବିଶ୍ୱାସ
divinely,0.9,0.0,in ଶ୍ୱରୀୟ ଭାବରେ |
benefits,0.9,0.0,ଲାଭ
eye-catching,0.9,0.0,ଆଖିଦୃଶିଆ
adventuresome,0.9,0.0,ଦୁ vent ସାହସିକ
impressive,0.9,0.0,ପ୍ରଭାବଶାଳୀ
facilitate,0.9,0.0,ସୁବିଧା କର |
well,0.9,0.0,ଭଲ
immense,0.9,0.0,ଅପାର
inestimably,0.9,0.0,ଅବିସ୍ମରଣୀୟ |
well-connected,0.9,0.0,ଭଲ-ସଂଯୁକ୍ତ |
convenient,0.9,0.0,ସୁବିଧାଜନକ |
solidarity,0.9,0.0,ଏକତା
affirmation,0.9,0.0,ନିଶ୍ଚିତକରଣ
hospitable,0.9,0.0,ଆତିଥ୍ୟ
commendably,0.9,0.0,ପ୍ରଶଂସନୀୟ
exemplary,0.9,0.0,ଆଦର୍ଶ
thumb-up,0.9,0.0,ଥମ୍-ଅପ୍ |
thrifty,0.9,0.0,ତିରିଶ
patience,0.9,0.0,ଧ patience ର୍ଯ୍ୟ
pep,0.9,0.0,ପେପ
defeat,0.9,0.0,ପରାଜୟ
trustworthy,0.9,0.0,ବିଶ୍ୱାସଯୋଗ୍ୟ
affability,0.9,0.0,ସ୍ନେହ
prosper,0.9,0.0,ସମୃଦ୍ଧ
sharp,0.9,0.0,ତୀକ୍ଷ୍ଣ |
traction,0.9,0.0,ଟ୍ରାକ୍ସନ୍
elevate,0.9,0.0,ଉଚ୍ଚ କର
festive,0.9,0.0,ଉତ୍ସବ
superbly,0.9,0.0,ଅତି ସୁନ୍ଦର
upgraded,0.9,0.0,ନବୀକରଣ
glamorous,0.9,0.0,ଗ୍ଲାମରସ୍
lively,0.9,0.0,ଜୀବନ୍ତ
peerless,0.9,0.0,ସାଥୀହୀନ |
bliss,0.9,0.0,ସୁଖ
revere,0.9,0.0,ସମ୍ମାନ
affectionate,0.9,0.0,ସ୍ନେହ
brilliant,0.9,0.0,ଉଜ୍ଜ୍ୱଳ
shine,0.9,0.0,ଉଜ୍ଜ୍ୱଳ
idolize,0.9,0.0,ପ୍ରତିମା
self-respect,0.9,0.0,ଆତ୍ମ ସମ୍ମାନ
suffice,0.9,0.0,ଯଥେଷ୍ଟ |
exhilaration,0.9,0.0,ଉତ୍ସାହ
fancy,0.9,0.0,କଳ୍ପନା
purposeful,0.9,0.0,ଉଦ୍ଦେଶ୍ୟମୂଳକ
wow,0.9,0.0,ବାହା
diversified,0.9,0.0,ବିବିଧ
famous,0.9,0.0,ପ୍ରସିଦ୍ଧ
assurances,0.9,0.0,ବୀମା
slammin,0.9,0.0,ସ୍ଲାମିନ୍
love,0.9,0.0,ପ୍ରେମ
unlimited,0.9,0.0,ଅସୀମିତ |
benefactor,0.9,0.0,ଉପକାରକାରୀ
navigable,0.9,0.0,ନାଭିଗେବଲ୍ |
satisfied,0.9,0.0,ସନ୍ତୁଷ୍ଟ
gush,0.9,0.0,gush
delightfulness,0.9,0.0,ଆନନ୍ଦ
fascinatingly,0.9,0.0,ଚିତ୍ତାକର୍ଷକ |
leads,0.9,0.0,ଲିଡ୍
expeditiously,0.9,0.0,ଶୀଘ୍ର
humour,0.9,0.0,ହାସ୍ୟରସ
reputable,0.9,0.0,ପ୍ରତିଷ୍ଠିତ
shimmeringly,0.9,0.0,ଉଜ୍ଜ୍ୱଳ
genius,0.9,0.0,ପ୍ରତିଭା
streamlined,0.9,0.0,ଶୃଙ୍ଖଳିତ
unmatched,0.9,0.0,ତୁଳନାତ୍ମକ
boundless,0.9,0.0,ସୀମାହୀନ |
effortlessly,0.9,0.0,ବିନା ଚେଷ୍ଟାରେ |
lyrical,0.9,0.0,ଗୀତିକାର
reconciliation,0.9,0.0,ପୁନ iliation ନିର୍ମାଣ
proper,0.9,0.0,ଉପଯୁକ୍ତ
amuse,0.9,0.0,ଆମୋଦିତ
infallible,0.9,0.0,ଅସମ୍ପୂର୍ଣ୍ଣ
immaculately,0.9,0.0,ଅକ୍ଷୟ ଭାବରେ |
spellbindingly,0.9,0.0,ବନାନ
cohesive,0.9,0.0,ଏକତ୍ର
sweet,0.9,0.0,ମିଠା
dominates,0.9,0.0,ପ୍ରାଧାନ୍ୟ ବିସ୍ତାର କରେ |
exceptional,0.9,0.0,ବ୍ୟତିକ୍ରମ |
productively,0.9,0.0,ଫଳପ୍ରଦ ଭାବରେ
successes,0.9,0.0,ସଫଳତା
pampered,0.9,0.0,ପ୍ୟାମ୍ପେଡ୍ |
beneficiary,0.9,0.0,ହିତାଧିକାରୀ
supreme,0.9,0.0,ସର୍ବୋପରି
foresight,0.9,0.0,ଦୂରଦୃଷ୍ଟି |
pleasantly,0.9,0.0,ଆନନ୍ଦରେ
conciliatory,0.9,0.0,ସମନ୍ୱୟ
endorsement,0.9,0.0,ସମର୍ଥନ
outperforming,0.9,0.0,ବାହାଘର
assure,0.9,0.0,ନିଶ୍ଚିତ କର
mighty,0.9,0.0,ଶକ୍ତିଶାଳୀ
deserving,0.9,0.0,ଯୋଗ୍ୟ
colorful,0.9,0.0,ରଙ୍ଗୀନ |
enjoys,0.9,0.0,ଉପଭୋଗ କରନ୍ତି |
sustainability,0.9,0.0,ସ୍ଥିରତା
everlasting,0.9,0.0,ଅନନ୍ତ
mesmerized,0.9,0.0,ବିସ୍ମିତ |
praise,0.9,0.0,ପ୍ରଶଂସା
togetherness,0.9,0.0,ଏକତା
delight,0.9,0.0,ଆନନ୍ଦ
vigilance,0.9,0.0,ସଜାଗତା
adjustable,0.9,0.0,ନିୟନ୍ତ୍ରିତ
extraordinary,0.9,0.0,ଅସାଧାରଣ
memorable,0.9,0.0,ସ୍ମରଣୀୟ
enlightenment,0.9,0.0,ଜ୍ଞାନ
swiftness,0.9,0.0,ଦ୍ରୁତତା
enchanted,0.9,0.0,ମନ୍ତ୍ରଜ୍
acumen,0.9,0.0,ଆକ୍ୟୁମେନ |
unabashedly,0.9,0.0,ଅବିସ୍ମରଣୀୟ |
fresher,0.9,0.0,ତାଜା
joyously,0.9,0.0,ଆନନ୍ଦରେ
adroit,0.9,0.0,ଦକ୍ଷ
receptive,0.9,0.0,ଗ୍ରହଣକାରୀ
calming,0.9,0.0,ଶାନ୍ତ
gallant,0.9,0.0,ଗାଲାଣ୍ଟ
renowned,0.9,0.0,ପ୍ରସିଦ୍ଧ
fervent,0.9,0.0,ଉତ୍ସାହ
painless,0.9,0.0,ଯନ୍ତ୍ରଣାହୀନ |
rapport,0.9,0.0,ରିପୋର୍ଟ କରନ୍ତୁ |
expansive,0.9,0.0,ବିସ୍ତାର
raptureous,0.9,0.0,raptureous
optimal,0.9,0.0,ସର୍ବୋତ୍କୃଷ୍ଟ
heroize,0.9,0.0,ବୀରତ୍ୱ
thrillingly,0.9,0.0,ରୋମାଞ୍ଚକର
remarkably,0.9,0.0,ଉଲ୍ଲେଖନୀୟ
eases,0.9,0.0,ସହଜ
smart,0.9,0.0,ସ୍ମାର୍ଟ
amenable,0.9,0.0,ସୁବିଧାଜନକ |
dummy-proof,0.9,0.0,ଡମି-ପ୍ରୁଫ୍ |
overtook,0.9,0.0,ଅତିକ୍ରମ କଲା |
astounding,0.9,0.0,ଆଶ୍ଚର୍ଯ୍ୟଜନକ
congratulatory,0.9,0.0,ଅଭିନନ୍ଦନ
glowing,0.9,0.0,ଉଜ୍ଜ୍ୱଳ
simplified,0.9,0.0,ସରଳୀକୃତ |
honor,0.9,0.0,ସମ୍ମାନ
detachable,0.9,0.0,ବିଚ୍ଛିନ୍ନ
evocative,0.9,0.0,evocative
secure,0.9,0.0,ସୁରକ୍ଷିତ
envy,0.9,0.0,vy ର୍ଷା
darling,0.9,0.0,ପ୍ରିୟ
playful,0.9,0.0,ଖେଳାଳୀ
wonderous,0.9,0.0,ଆଶ୍ଚର୍ଯ୍ୟଜନକ
paradise,0.9,0.0,ସ୍ୱର୍ଗ
lucid,0.9,0.0,lucid
reachable,0.9,0.0,ପହଞ୍ଚିବା |
gratifies,0.9,0.0,ସନ୍ତୁଷ୍ଟ
exult,0.9,0.0,ଆନନ୍ଦ
splendor,0.9,0.0,ମହିମା
outshone,0.9,0.0,ବାହ୍ୟ
refreshed,0.9,0.0,ସତେଜ
revel,0.9,0.0,ଆନନ୍ଦ
revolutionize,0.9,0.0,ବିପ୍ଳବ କର |
brighter,0.9,0.0,ଉଜ୍ଜ୍ୱଳ |
celebratory,0.9,0.0,ଉତ୍ସବ
crisper,0.9,0.0,କ୍ରସିପର୍ |
consistently,0.9,0.0,କ୍ରମାଗତ ଭାବରେ |
encouragement,0.9,0.0,ଉତ୍ସାହ
workable,0.9,0.0,କାର୍ଯ୍ୟକ୍ଷମ
pleasure,0.9,0.0,ଆନନ୍ଦ
uphold,0.9,0.0,ସମର୍ଥନ କର
decency,0.9,0.0,ଶାସନ
trendy,0.9,0.0,ଟ୍ରେଣ୍ଡି
exaltingly,0.9,0.0,ଉଚ୍ଚାରଣ
preferable,0.9,0.0,ପସନ୍ଦଯୋଗ୍ୟ
problem-free,0.9,0.0,ସମସ୍ୟାମୁକ୍ତ |
accurate,0.9,0.0,ସଠିକ୍
ingenuously,0.9,0.0,ଚତୁରତାର ସହିତ |
jovial,0.9,0.0,ଜୋଭିଆଲ୍ |
enthusiastically,0.9,0.0,ଉତ୍ସାହର ସହିତ |
positive,0.9,0.0,ସକରାତ୍ମକ |
dumbfounded,0.9,0.0,ମୂକ
immaculate,0.9,0.0,ଅମୃତ
gratefully,0.9,0.0,କୃତଜ୍ଞତାର ସହିତ |
pure,0.9,0.0,ଶୁଦ୍ଧ
benevolence,0.9,0.0,ଦୟା
grateful,0.9,0.0,କୃତଜ୍ଞ
magnanimous,0.9,0.0,ମହାନ୍
audible,0.9,0.0,ଶ୍ରବଣଯୋଗ୍ୟ |
fantastic,0.9,0.0,ଚମତ୍କାର |
honoring,0.9,0.0,ସମ୍ମାନ
exhilarate,0.9,0.0,ଆନନ୍ଦିତ |
savvy,0.9,0.0,ଜ୍ଞାନୀ
well-rounded,0.9,0.0,ସୁସଜ୍ଜିତ |
luxuriate,0.9,0.0,ବିଳାସପୂର୍ଣ୍ଣ
long-lasting,0.9,0.0,ଦୀର୍ଘସ୍ଥାୟୀ |
straighten,0.9,0.0,ସିଧା କର |
friendliness,0.9,0.0,ବନ୍ଧୁତା
courage,0.9,0.0,ସାହସ
ennoble,0.9,0.0,ennoble
agilely,0.9,0.0,ଚତୁରତାର ସହିତ |
authentic,0.9,0.0,ପ୍ରାମାଣିକ |
smoother,0.9,0.0,ଚିକ୍କଣ |
miracles,0.9,0.0,ଚମତ୍କାର
destiny,0.9,0.0,ଭାଗ୍ୟ
influential,0.9,0.0,ପ୍ରଭାବଶାଳୀ
reconcile,0.9,0.0,ପୁନ ile ନିର୍ମାଣ
fav,0.9,0.0,fav
enrapture,0.9,0.0,enrapture
eager,0.9,0.0,ଆଗ୍ରହୀ
entertains,0.9,0.0,ଚିତ୍ତାକର୍ଷକ |
integral,0.9,0.0,ଅବିଚ୍ଛେଦ୍ୟ
majesty,0.9,0.0,ମହିମା
comfortably,0.9,0.0,ଆରାମରେ
vouch,0.9,0.0,ଭାଉଚ୍
precisely,0.9,0.0,ସଠିକ୍ ଭାବରେ |
excitedness,0.9,0.0,ଉତ୍ସାହ
personalized,0.9,0.0,ବ୍ୟକ୍ତିଗତ
faultless,0.9,0.0,ନିଖୁଣ |
better-than-expected,0.9,0.0,ଆଶା କରାଯାଉଥିବା ଠାରୁ ଭଲ |
faster,0.9,0.0,ଶୀଘ୍ର
trusting,0.9,0.0,ବିଶ୍ ing ାସ
comfortable,0.9,0.0,ଆରାମଦାୟକ |
respite,0.9,0.0,ଅବସର
elite,0.9,0.0,ଅଭିଜିତ
respectful,0.9,0.0,ସମ୍ମାନଜନକ
rock-star,0.9,0.0,ରକ୍-ଷ୍ଟାର୍ |
stylish,0.9,0.0,ଷ୍ଟାଇଲିସ୍ |
endorses,0.9,0.0,ସମର୍ଥନ କରେ |
whooa,0.9,0.0,କିଏ
modest,0.9,0.0,ନମ୍ର
gentlest,0.9,0.0,ଭଦ୍ର
swift,0.9,0.0,ଦ୍ରୁତ
skillful,0.9,0.0,ଦକ୍ଷ
individualized,0.9,0.0,ବ୍ୟକ୍ତିଗତ
remunerate,0.9,0.0,ଦରମା
advanced,0.9,0.0,ଉନ୍ନତ
contentment,0.9,0.0,ତୃପ୍ତି
feisty,0.9,0.0,ଦୁର୍ବଳ
clear,0.9,0.0,ସଫା
problem-solver,0.9,0.0,ସମସ୍ୟା ସମାଧାନକାରୀ |
cleared,0.9,0.0,ସଫା ହୋଇଛି
solace,0.9,0.0,ସାନ୍ତ୍ୱନା
abundance,0.9,0.0,ପ୍ରଚୁରତା
bullish,0.9,0.0,ବୁଲିଶ୍
fascinate,0.9,0.0,ଆକର୍ଷିତ
positives,0.9,0.0,ସକାରାତ୍ମକ
plentiful,0.9,0.0,ପ୍ରଚୁର
effusive,0.9,0.0,ପ୍ରଭାବଶାଳୀ
loved,0.9,0.0,ଭଲପାଏ |
entranced,0.9,0.0,ଅନୁପ୍ରବେଶ
gentle,0.9,0.0,ଭଦ୍ର
brilliance,0.9,0.0,ଉଜ୍ଜ୍ୱଳତା
stupendously,0.9,0.0,ଚମତ୍କାର ଭାବରେ |
intelligence,0.9,0.0,ବୁଦ୍ଧି
rockstar,0.9,0.0,ରକଷ୍ଟାର୍ |
proficiently,0.9,0.0,ଦକ୍ଷତାର ସହିତ |
enthuse,0.9,0.0,ଆନନ୍ଦ
luxurious,0.9,0.0,ବିଳାସପୂର୍ଣ୍ଣ
adaptive,0.9,0.0,ଅନୁକୂଳ
complement,0.9,0.0,ସଂପନ୍ନ
mercifully,0.9,0.0,ଦୟାଳୁ
lean,0.9,0.0,ପତଳା |
intimate,0.9,0.0,ଅନ୍ତରଙ୍ଗ
beutifully,0.9,0.0,ସୁନ୍ଦର ଭାବରେ
cleaner,0.9,0.0,କ୍ଲିନର୍
freed,0.9,0.0,ମୁକ୍ତ
gratified,0.9,0.0,ସନ୍ତୁଷ୍ଟ
ideal,0.9,0.0,ଆଦର୍ଶ
vouchsafe,0.9,0.0,vouchsafe
ebulliently,0.9,0.0,ଅବଶ୍ୟ
redemption,0.9,0.0,ମୁକ୍ତି
cherish,0.9,0.0,ସମ୍ମାନ
whoooa,0.9,0.0,whoooa
stunningly,0.9,0.0,ଚମତ୍କାର ଭାବରେ |
gladly,0.9,0.0,ଖୁସିରେ
triumphant,0.9,0.0,ଜୟ
dead-cheap,0.9,0.0,ମୃତ-ଶସ୍ତା |
illuminate,0.9,0.0,ଆଲୋକିତ କର |
promising,0.9,0.0,ପ୍ରତିଜ୍ଞାକାରୀ
abundant,0.9,0.0,ପ୍ରଚୁର
rejuvenate,0.9,0.0,ନବଜୀବନ
righten,0.9,0.0,ଡାହାଣ
diplomatic,0.9,0.0,କୂଟନ diplomatic ତିକ
exhilaratingly,0.9,0.0,ଆନନ୍ଦଦାୟକ
resound,0.9,0.0,ଧ୍ୱନି
glimmer,0.9,0.0,lim ଲକ
hooray,0.9,0.0,ହୋର୍
faith,0.9,0.0,ବିଶ୍ୱାସ
foremost,0.9,0.0,ସର୍ବପ୍ରଥମେ |
heros,0.9,0.0,ହେରୋସ୍
richness,0.9,0.0,ଧନ
sumptuous,0.9,0.0,ଅହଂକାରୀ |
excitedly,0.9,0.0,ଉତ୍ସାହର ସହିତ |
adulation,0.9,0.0,ଅନୁକରଣ
lavishly,0.9,0.0,ଅତିଶୟ
irresistible,0.9,0.0,ପ୍ରତିରୋଧଯୋଗ୍ୟ
valiantly,0.9,0.0,ସାହସୀ
noiseless,0.9,0.0,ଶବ୍ଦହୀନ |
record-setting,0.9,0.0,ରେକର୍ଡ ସେଟିଂ
openly,0.9,0.0,ଖୋଲାଖୋଲି ଭାବରେ |
idyllic,0.9,0.0,idyllic
coolest,0.9,0.0,ଶୀତଳ
justly,0.9,0.0,ଯଥାର୍ଥରେ
clean,0.9,0.0,ପରିଷ୍କାର
feat,0.9,0.0,feat
excites,0.9,0.0,ଉତ୍ତେଜିତ |
fond,0.9,0.0,ପୃଷ୍ଠଭୂମି
harmony,0.9,0.0,ସମନ୍ୱୟ
recommend,0.9,0.0,ସୁପାରିଶ କରନ୍ତୁ |
goodwill,0.9,0.0,ଶୁଭେଚ୍ଛା
excellant,0.9,0.0,ଉତ୍କୃଷ୍ଟ
pardon,0.9,0.0,କ୍ଷମା
richer,0.9,0.0,ଅଧିକ ଧନୀ
smiles,0.9,0.0,ହସୁଛି |
indulgent,0.9,0.0,ଅନିଷ୍ଟ
suave,0.9,0.0,ନରମ
progressive,0.9,0.0,ପ୍ରଗତିଶୀଳ |
outsmart,0.9,0.0,ଆଉଟମାର୍ଟ
conveniently,0.9,0.0,ସୁବିଧାଜନକ
gratify,0.9,0.0,ସନ୍ତୁଷ୍ଟ
steadfastness,0.9,0.0,ସ୍ଥିରତା
rectify,0.9,0.0,ସଂଶୋଧନ କର |
pros,0.9,0.0,ଭଲ
trump,0.9,0.0,ତୂରୀ
exultation,0.9,0.0,ଆନନ୍ଦ
thrive,0.9,0.0,ଉନ୍ନତି କର |
generously,0.9,0.0,ଉଦାର ଭାବରେ
nourishment,0.9,0.0,ପୋଷଣ
momentous,0.9,0.0,ମହତ୍ .ପୂର୍ଣ୍ଣ
fortitude,0.9,0.0,ଦୃ itude ତା
verifiable,0.9,0.0,ଯାଞ୍ଚଯୋଗ୍ୟ
supports,0.9,0.0,ସମର୍ଥନ କରେ |
happily,0.9,0.0,ଖୁସିରେ
adoring,0.9,0.0,ଆଦର
stainless,0.9,0.0,ଷ୍ଟେନଲେସ୍ |
treasure,0.9,0.0,ଧନ
endear,0.9,0.0,endear
enjoying,0.9,0.0,ଉପଭୋଗ କରିବା
articulate,0.9,0.0,ସ୍ପଷ୍ଟ କରନ୍ତୁ
beautify,0.9,0.0,ସୁନ୍ଦର କର
palatial,0.9,0.0,ପାଲଟିଆଲ୍ |
win,0.9,0.0,ଜିତନ୍ତୁ |
sincerely,0.9,0.0,ଆନ୍ତରିକତାର ସହିତ |
loyalty,0.9,0.0,ନିଷ୍ଠା
strikingly,0.9,0.0,ଚମତ୍କାର
rapid,0.9,0.0,ଦ୍ରୁତ
fortuitously,0.9,0.0,ସ fort ଭାଗ୍ୟବଶତ
recommended,0.9,0.0,ପରାମର୍ଶିତ |
sharper,0.9,0.0,ତୀକ୍ଷ୍ଣ |
deft,0.9,0.0,ବାମ
pre-eminent,0.9,0.0,ପୂର୍ବ-ପ୍ରତିଷ୍ଠିତ |
reasonable,0.9,0.0,ଯୁକ୍ତିଯୁକ୍ତ |
nifty,0.9,0.0,ନିଫ୍ଟି |
warm,0.9,0.0,ଗରମ
counter-attack,0.9,0.0,ପ୍ରତିବାଦ
cajole,0.9,0.0,କାଜୋଲ୍ |
imaginative,0.9,0.0,କଳ୍ପନାକାରୀ |
thrilling,0.9,0.0,ରୋମାଞ୍ଚକର
issue-free,0.9,0.0,ଇସୁମୁକ୍ତ |
adore,0.9,0.0,ଆଦର କର |
improves,0.9,0.0,ଉନ୍ନତି କରେ |
wise,0.9,0.0,ଜ୍ଞାନୀ
defeats,0.9,0.0,ପରାଜୟ
smartly,0.9,0.0,ଚତୁରତାର ସହିତ |
proactive,0.9,0.0,ସକ୍ରିୟ
yay,0.9,0.0,ଧନୁ
non-violence,0.9,0.0,ଅହିଂସା
majestic,0.9,0.0,ମହାନ୍
worthwhile,0.9,0.0,ମୂଲ୍ୟବାନ
euphoria,0.9,0.0,ଇଫୋରିଆ |
glow,0.9,0.0,ଚମକ
perfection,0.9,0.0,ସିଦ୍ଧତା
brightest,0.9,0.0,ଉଜ୍ଜ୍ୱଳ
evenly,0.9,0.0,ସମାନ ଭାବରେ
excellent,0.9,0.0,ଉତ୍କୃଷ୍ଟ
witty,0.9,0.0,ଚତୁର
glitz,0.9,0.0,glitz
leverage,0.9,0.0,ଲାଭ
prospros,0.9,0.0,prospros
fame,0.9,0.0,ଖ୍ୟାତି
golden,0.9,0.0,ସୁବର୍ଣ୍ଣ
substantive,0.9,0.0,ପ୍ରମୂଖ
accurately,0.9,0.0,ସଠିକ୍ ଭାବରେ
seasoned,0.9,0.0,ଛତୁ
stupendous,0.9,0.0,ଷ୍ଟୁପେଣ୍ଡସ୍ |
inestimable,0.9,0.0,ଅମୂଲ୍ୟ
propitious,0.9,0.0,ଅନୁକୂଳ
fashionably,0.9,0.0,ଫ୍ୟାଶନେବଲ୍ |
regal,0.9,0.0,ରେଗାଲ୍ |
persevere,0.9,0.0,ସ୍ଥିର ରୁହ |
well-informed,0.9,0.0,ଭଲ ସୂଚନା
intrigue,0.9,0.0,ଷଡଯନ୍ତ୍ର
jubilant,0.9,0.0,ଆନନ୍ଦ
euphorically,0.9,0.0,ଆନନ୍ଦରେ |
amiability,0.9,0.0,ସୁବିଧାଜନକତା |
suavely,0.9,0.0,suavely
galore,0.9,0.0,ଗାଲୋର
sturdy,0.9,0.0,ଦୃ urdy
transparent,0.9,0.0,ସ୍ୱଚ୍ଛ
undamaged,0.9,0.0,କ୍ଷତିଗ୍ରସ୍ତ |
cohere,0.9,0.0,cohere
danke,0.9,0.0,ଧନ୍ୟବାଦ
elatedly,0.9,0.0,ଆନନ୍ଦିତ
benifits,0.9,0.0,ଉପକାରିତା
achievements,0.9,0.0,ସଫଳତା
shimmering,0.9,0.0,im ଲସି ଉଠୁଛି |
preferes,0.9,0.0,ପସନ୍ଦ
impartial,0.9,0.0,ନିରପେକ୍ଷ |
promise,0.9,0.0,ପ୍ରତିଜ୍ଞା
spectacular,0.9,0.0,ଚମତ୍କାର |
efficacious,0.9,0.0,ଫଳପ୍ରଦ
passion,0.9,0.0,ଆବେଗ
enhances,0.9,0.0,ବୃଦ୍ଧି କରେ |
beckoning,0.9,0.0,ଚେତାବନୀ
earnestly,0.9,0.0,ଆନ୍ତରିକତାର ସହିତ |
right,0.9,0.0,ଠିକ୍
mightily,0.9,0.0,ସମ୍ଭବତ
favor,0.9,0.0,ଅନୁଗ୍ରହ
ingenious,0.9,0.0,ଚତୁର
exuberantly,0.9,0.0,ଅତିଶୟ
exuberance,0.9,0.0,ଅତ୍ୟଧିକ
magnificence,0.9,0.0,ମହିମା
cleanest,0.9,0.0,ପରିଷ୍କାର
gaining,0.9,0.0,ଲାଭ
fascinating,0.9,0.0,ଚିତ୍ତାକର୍ଷକ |
support,0.9,0.0,ସମର୍ଥନ
soothingly,0.9,0.0,ଶାନ୍ତ ଭାବରେ
flattering,0.9,0.0,ଚାଟୁକାର
orderly,0.9,0.0,କ୍ରମଶ
wonderfully,0.9,0.0,ଆଶ୍ଚର୍ଯ୍ୟଜନକ
equitable,0.9,0.0,ସମାନ
first-class,0.9,0.0,ପ୍ରଥମ ଶ୍ରେଣୀ
honored,0.9,0.0,ସମ୍ମାନିତ
sparkle,0.9,0.0,ଚମକ
adored,0.9,0.0,ଆଦର
ease,0.9,0.0,ସହଜ
enthrall,0.9,0.0,ଆନନ୍ଦିତ |
available,0.9,0.0,ଉପଲବ୍ଧ |
enliven,0.9,0.0,enliven
impressed,0.9,0.0,ପ୍ରଭାବିତ
supported,0.9,0.0,ସମର୍ଥିତ |
pleasing,0.9,0.0,ପ୍ରସନ୍ନ
versatile,0.9,0.0,ବହୁମୁଖୀ |
warmly,0.9,0.0,ଉଷ୍ମ
marvelled,0.9,0.0,ଆଶ୍ଚର୍ଯ୍ୟ ହୋଇଗଲେ |
pretty,0.9,0.0,ସୁନ୍ଦର
sprightly,0.9,0.0,ସ୍ପଷ୍ଟ ଭାବରେ
fascination,0.9,0.0,ଆକର୍ଷଣ
fave,0.9,0.0,ଫେଭ୍
reasonably,0.9,0.0,ଯୁକ୍ତିଯୁକ୍ତ ଭାବରେ |
ovation,0.9,0.0,ଓଭେସନ୍
speedy,0.9,0.0,ଦ୍ରୁତ
satisfy,0.9,0.0,ସନ୍ତୁଷ୍ଟ କର |
super,0.9,0.0,ସୁପର
privileged,0.9,0.0,ସୁବିଧା
jaw-dropping,0.9,0.0,ଜହ୍ନ
better-known,0.9,0.0,ଅଧିକ ଜଣାଶୁଣା |
accomplishments,0.9,0.0,ସଫଳତା
breakthroughs,0.9,0.0,ସଫଳତା
hilarious,0.9,0.0,ହାସ୍ୟ
pride,0.9,0.0,ଗର୍ବ
hail,0.9,0.0,କୁଆପଥର
gains,0.9,0.0,ଲାଭ
rectification,0.9,0.0,ସଂଶୋଧନ
kudos,0.9,0.0,କୁଡୋସ୍ |
like,0.9,0.0,ପରି
masters,0.9,0.0,ଗୁରୁମାନେ
appreciable,0.9,0.0,ପ୍ରଶଂସନୀୟ
nicest,0.9,0.0,ସୁନ୍ଦର
frolic,0.9,0.0,ଫ୍ରୋଲିକ୍ |
safely,0.9,0.0,ନିରାପଦରେ |
instrumental,0.9,0.0,ବାଦ୍ୟଯନ୍ତ୍ର
spectacularly,0.9,0.0,ଚମତ୍କାର ଭାବରେ |
harmless,0.9,0.0,କ୍ଷତିକାରକ |
unity,0.9,0.0,ଏକତା
fast-paced,0.9,0.0,ଦ୍ରୁତ ଗତିରେ
ecstasy,0.9,0.0,ଆନନ୍ଦ
enjoy,0.9,0.0,ଉପଭୋଗ କର |
enhancement,0.9,0.0,ଉନ୍ନତି
assuring,0.9,0.0,ନିଶ୍ଚିତ କରିବା
work,0.9,0.0,କାମ
edify,0.9,0.0,ସଂପାଦନ କରନ୍ତୁ |
formidable,0.9,0.0,ଭୟାନକ
instantly,0.9,0.0,ତତକ୍ଷଣାତ୍
righteously,0.9,0.0,ଧାର୍ମିକ ଭାବରେ
painlessly,0.9,0.0,ଯନ୍ତ୍ରଣାହୀନ |
comfy,0.9,0.0,ଆରାମଦାୟକ
fervidly,0.9,0.0,ଦୃ v ଭାବରେ
approval,0.9,0.0,ଅନୁମୋଦନ
fertile,0.9,0.0,ଉର୍ବର
easygoing,0.9,0.0,ଠିକ୍ ଚାଲିଛି
admiration,0.9,0.0,ପ୍ରଶଂସା
reward,0.9,0.0,ପୁରସ୍କାର
promoter,0.9,0.0,ପ୍ରୋତ୍ସାହକ |
responsive,0.9,0.0,ପ୍ରତିକ୍ରିୟାଶୀଳ |
rapt,0.9,0.0,rapt
wowing,0.9,0.0,wowing
promptly,0.9,0.0,ତୁରନ୍ତ
awestruck,0.9,0.0,awestruck
joyful,0.9,0.0,ଆନନ୍ଦିତ
dominate,0.9,0.0,ପ୍ରାଧାନ୍ୟ ଦିଅନ୍ତୁ |
capably,0.9,0.0,ସମ୍ଭବତ। |
virtue,0.9,0.0,ଗୁଣ
prompt,0.9,0.0,ପ୍ରମ୍ପ୍ଟ
willingly,0.9,0.0,ସ୍ୱଇଚ୍ଛାରେ
magical,0.9,0.0,ଯାଦୁକର
famed,0.9,0.0,ପ୍ରସିଦ୍ଧ
angel,0.9,0.0,ଦୂତ
masterfully,0.9,0.0,ଗୁରୁ ଭାବରେ
amazing,0.9,0.0,ଆଶ୍ଚର୍ଯ୍ୟଜନକ |
convincing,0.9,0.0,ବିଶ୍ୱାସଯୋଗ୍ୟ
awsome,0.9,0.0,ଅଦ୍ଭୁତ
reforming,0.9,0.0,ସଂସ୍କାର
clever,0.9,0.0,ଚତୁର
fervently,0.9,0.0,ଜୋରରେ
harmoniously,0.9,0.0,ସୁସଂଗତ ଭାବରେ |
compact,0.9,0.0,କମ୍ପାକ୍ଟ |
enterprising,0.9,0.0,ଉଦ୍ୟୋଗୀ
intriguing,0.9,0.0,ଚିତ୍ତାକର୍ଷକ |
aspire,0.9,0.0,ଇଚ୍ଛା କର |
elegance,0.9,0.0,ଶୋଭା
delightful,0.9,0.0,ଆନନ୍ଦଦାୟକ
maneuverable,0.9,0.0,ପରିଚାଳନାଯୋଗ୍ୟ |
friendly,0.9,0.0,ବନ୍ଧୁତ୍ୱପୂର୍ଣ୍ଣ
gainfully,0.9,0.0,ଲାଭଜନକ
ideally,0.9,0.0,ଆଦର୍ଶରେ |
complements,0.9,0.0,ସଂପନ୍ନ
hardy,0.9,0.0,କଠିନ
unconditional,0.9,0.0,ସର୍ତ୍ତମୂଳକ |
homage,0.9,0.0,ସମ୍ମାନ
talented,0.9,0.0,ପ୍ରତିଭାଶାଳୀ
stellarly,0.9,0.0,ନକ୍ଷତ୍ର
futurestic,0.9,0.0,ଭବିଷ୍ୟତ
congratulation,0.9,0.0,ଅଭିନନ୍ଦନ
soft,0.9,0.0,ନରମ
glory,0.9,0.0,ଗ glory ରବ
encouragingly,0.9,0.0,ଉତ୍ସାହଜନକ
stylishly,0.9,0.0,ଶ yl ଳୀରେ |
afford,0.9,0.0,ସୁଲଭ
jollify,0.9,0.0,ଜୋଲିଫ୍ କରନ୍ତୁ |
skill,0.9,0.0,ଦକ୍ଷତା
reasoned,0.9,0.0,ଯୁକ୍ତିଯୁକ୍ତ
piety,0.9,0.0,ଧର୍ମ
peaceful,0.9,0.0,ଶାନ୍ତିପୁର୍ଣ
warmhearted,0.9,0.0,ହୃଦୟ
endorsing,0.9,0.0,ସମର୍ଥନ
impressively,0.9,0.0,ପ୍ରଭାବଶାଳୀ
bravo,0.9,0.0,bravo
improvement,0.9,0.0,ଉନ୍ନତି
sumptuously,0.9,0.0,ଅତିଶୟ
pamper,0.9,0.0,ପମ୍ପର୍ |
avidly,0.9,0.0,ଉତ୍ସାହର ସହିତ |
profusion,0.9,0.0,ପ୍ରବୃତ୍ତି
tenaciously,0.9,0.0,ଦୃ ac ଭାବରେ
glisten,0.9,0.0,ଚମକ
famously,0.9,0.0,ପ୍ରସିଦ୍ଧ
timely,0.9,0.0,ସମୟାନୁବର୍ତ୍ତୀ |
well-known,0.9,0.0,ଜଣାଶୁଣା
tranquil,0.9,0.0,ଶାନ୍ତ
carefree,0.9,0.0,ନିରାଶ୍ରୟ |
healthful,0.9,0.0,ସ୍ ful ାସ୍ଥ୍ୟକର
dignified,0.9,0.0,ସମ୍ମାନିତ
elegant,0.9,0.0,ସୁନ୍ଦର
easy,0.9,0.0,ସହଜ
excitingly,0.9,0.0,ଉତ୍ସାହଜନକ
well-received,0.9,0.0,ଭଲ-ଗ୍ରହଣ
impressiveness,0.9,0.0,ପ୍ରଭାବଶାଳୀତା |
simplifies,0.9,0.0,ସରଳୀକରଣ କରେ |
thrift,0.9,0.0,ଥ୍ରିଫ୍ଟ
willingness,0.9,0.0,ଇଚ୍ଛା
virtuous,0.9,0.0,ଗୁଣବତ୍ତା
outperforms,0.9,0.0,ବାହାଘର
adroitly,0.9,0.0,adroitly
believable,0.9,0.0,ବିଶ୍ୱାସଯୋଗ୍ୟ
ecstasies,0.9,0.0,ଆନନ୍ଦ
glimmering,0.9,0.0,lim ଲକ
continuity,0.9,0.0,ନିରନ୍ତରତା |
unaffected,0.9,0.0,ଅସୁରକ୍ଷିତ
neatest,0.9,0.0,ସୁନ୍ଦର
prefered,0.9,0.0,ପସନ୍ଦ
attraction,0.9,0.0,ଆକର୍ଷଣ
kindly,0.9,0.0,ଦୟାକରି
breeze,0.9,0.0,ପବନ
amicable,0.9,0.0,ବନ୍ଧୁତ୍ୱପୂର୍ଣ୍ଣ
flatter,0.9,0.0,ଚାଟୁକାର
knowledgeable,0.9,0.0,ଜ୍ଞାନୀ
first-in-class,0.9,0.0,ପ୍ରଥମ ଶ୍ରେଣୀରେ |
gratifyingly,0.9,0.0,ଖୁସିରେ
windfall,0.9,0.0,ପବନ
nicer,0.9,0.0,ସୁନ୍ଦର
dedicated,0.9,0.0,ସମର୍ପିତ |
well-intentioned,0.9,0.0,ଉତ୍ତମ ଉଦ୍ଦେଶ୍ୟ
autonomous,0.9,0.0,ସ୍ autonomous ୟଂଶାସିତ
awed,0.9,0.0,awed
promises,0.9,0.0,ପ୍ରତିଜ୍ଞା
lucrative,0.9,0.0,ଲାଭଜନକ
compassionate,0.9,0.0,ଦୟାଳୁ
dependably,0.9,0.0,ନିର୍ଭରଯୋଗ୍ୟ
handsome,0.9,0.0,ସୁନ୍ଦର
chic,0.9,0.0,ସୁନ୍ଦର
excited,0.9,0.0,ଉତ୍ସାହିତ
infallibly,0.9,0.0,ଅସ୍ପଷ୍ଟ
proving,0.9,0.0,ପ୍ରମାଣ କରିବା
impresses,0.9,0.0,ପ୍ରଭାବିତ କରେ
interests,0.9,0.0,ଆଗ୍ରହ
enviably,0.9,0.0,v ର୍ଷାପରାୟଣ
dotingly,0.9,0.0,dotingly
superior,0.9,0.0,ଶ୍ରେଷ୍ଠ
pleasurable,0.9,0.0,ଆନନ୍ଦଦାୟକ
industrious,0.9,0.0,ପରିଶ୍ରମୀ
polite,0.9,0.0,ନମ୍ର
slick,0.9,0.0,ସ୍ଲିକ୍
compliant,0.9,0.0,ଅନୁରୂପ
smile,0.9,0.0,ହସ
agreeably,0.9,0.0,ସହମତ
miraculousness,0.9,0.0,ଚମତ୍କାରତା
works,0.9,0.0,କାମ କରେ |
reverent,0.9,0.0,ସମ୍ମାନ
graciously,0.9,0.0,ଦୟାଳୁ
pinnacle,0.9,0.0,ଶିଖର
risk-free,0.9,0.0,ବିପଦମୁକ୍ତ |
empathize,0.9,0.0,ସହାନୁଭୂତି
righteous,0.9,0.0,ଧାର୍ମିକ
subsidize,0.9,0.0,ସବସିଡି
effusion,0.9,0.0,ଇଫ୍ୟୁଜନ୍
unfazed,0.9,0.0,ଅସନ୍ତୁଷ୍ଟ
awarded,0.9,0.0,ପୁରସ୍କୃତ
excelled,0.9,0.0,ଉତ୍କୃଷ୍ଟ
beckon,0.9,0.0,ବେକନ୍
well-backlit,0.9,0.0,ଭଲ-ବ୍ୟାକ୍ଲିଟ୍ |
law-abiding,0.9,0.0,ନିୟମ ପାଳନ
eased,0.9,0.0,ସହଜ
amusingly,0.9,0.0,ଚିତ୍ତାକର୍ଷକ
sensible,0.9,0.0,ବୁଦ୍ଧିମାନ
impeccable,0.9,0.0,ଅପରାଜିତା |
awesomely,0.9,0.0,ଅଦ୍ଭୁତ
competitive,0.9,0.0,ପ୍ରତିଯୋଗିତା ମୂଳକ
bravery,0.9,0.0,ସାହସିକତା
distinction,0.9,0.0,ପାର୍ଥକ୍ୟ
sagacity,0.9,0.0,sagacity
goood,0.9,0.0,ଗୁଡ୍
properly,0.9,0.0,ସଠିକ୍ ଭାବରେ |
bloom,0.9,0.0,ଫୁଲ
freshest,0.9,0.0,ତାଜା
richly,0.9,0.0,ବହୁ ପରିମାଣରେ |
well-wishers,0.9,0.0,ଶୁଭେଚ୍ଛୁ
flawlessly,0.9,0.0,ନିଖୁଣ ଭାବରେ |
quaint,0.9,0.0,ଶାନ୍ତ
smartest,0.9,0.0,ସ୍ମାର୍ଟ
gracious,0.9,0.0,ଦୟାଳୁ
youthful,0.9,0.0,ଯୁବକ
revolutionizes,0.9,0.0,ବିପ୍ଳବ କରେ |
eloquently,0.9,0.0,ବକ୍ତବ୍ୟରେ
beautiful,0.9,0.0,ସୁନ୍ଦର
feasibly,0.9,0.0,ସମ୍ଭବତ
relaxed,0.9,0.0,ଆରାମଦାୟକ
succes,0.9,0.0,ସଫଳତା
incredible,0.9,0.0,ଅବିଶ୍ୱସନୀୟ |
recovery,0.9,0.0,ପୁନରୁଦ୍ଧାର
wisely,0.9,0.0,ବୁଦ୍ଧିମାନ
effective,0.9,0.0,ପ୍ରଭାବଶାଳୀ |
merriment,0.9,0.0,ଆନନ୍ଦ
low-risk,0.9,0.0,କମ୍ ବିପଦ
affluence,0.9,0.0,ଧନ
admirable,0.9,0.0,ପ୍ରଶଂସନୀୟ
inpressed,0.9,0.0,ଚାପଗ୍ରସ୍ତ
wows,0.9,0.0,ୱୋ
refine,0.9,0.0,ବିଶୋଧନ କର |
brave,0.9,0.0,ସାହାସୀ
amity,0.9,0.0,ବନ୍ଧୁତା
benevolent,0.9,0.0,ଦୟାଳୁ
securely,0.9,0.0,ନିରାପଦରେ |
improved,0.9,0.0,ଉନ୍ନତ ହୋଇଛି
desiring,0.9,0.0,ଇଚ୍ଛା
reform,0.9,0.0,ସଂସ୍କାର
romantically,0.9,0.0,ରୋମାଣ୍ଟିକ୍
sporty,0.9,0.0,କ୍ରୀଡା
reverence,0.9,0.0,ସମ୍ମାନ
invigorate,0.9,0.0,ବୃଦ୍ଧି କର |
outstanding,0.9,0.0,ଉଲ୍ଲେଖନୀୟ
prefers,0.9,0.0,ପସନ୍ଦ କରେ |
magnificent,0.9,0.0,ଚମତ୍କାର
outperformed,0.9,0.0,ଅଧିକ
eminence,0.9,0.0,ପ୍ରତିଷ୍ଠା
satisified,0.9,0.0,ସନ୍ତୁଷ୍ଟ
enviousness,0.9,0.0,vious ର୍ଷା
overjoyed,0.9,0.0,ଅତ୍ୟଧିକ ଆନନ୍ଦିତ |
sophisticated,0.9,0.0,ଅତ୍ୟାଧୁନିକ |
extol,0.9,0.0,extol
astonishingly,0.9,0.0,ଆଶ୍ଚର୍ଯ୍ୟଜନକ
world-famous,0.9,0.0,ବିଶ୍ୱ ପ୍ରସିଦ୍ଧ |
gratitude,0.9,0.0,କୃତଜ୍ଞତା
deservedly,0.9,0.0,ଯୋଗ୍ୟ
mesmerizingly,0.9,0.0,ବିସ୍ମୟକର ଭାବରେ |
unparalleled,0.9,0.0,ଅନୁପଯୁକ୍ତ
gorgeously,0.9,0.0,ସୁନ୍ଦର ଭାବରେ
genial,0.9,0.0,ବହୁତ ଭଲ
succeed,0.9,0.0,ସଫଳ ହୁଅ
beautifullly,0.9,0.0,ସୁନ୍ଦର
faithfully,0.9,0.0,ବିଶ୍ୱସ୍ତ ଭାବରେ
priceless,0.9,0.0,ଅମୂଲ୍ୟ
exultant,0.9,0.0,ନୃତ୍ୟ
thank,0.9,0.0,ଧନ୍ୟବାଦ
thumbs-up,0.9,0.0,ବୁଢ଼ା ଆଙ୍ଗୁଠି ଉପରକୁ
titillating,0.9,0.0,ଟାଇଟଲ୍ କରିବା
preferably,0.9,0.0,ସମ୍ଭବତ
wonder,0.9,0.0,ଆଶ୍ଚର୍ଯ୍ୟ
jubilate,0.9,0.0,ଆନନ୍ଦ
finest,0.9,0.0,ସର୍ବୋତ୍ତମ
recommendation,0.9,0.0,ସୁପାରିଶ
astonishing,0.9,0.0,ଆଶ୍ଚର୍ଯ୍ୟଜନକ
enrapt,0.9,0.0,enrapt
honesty,0.9,0.0,ସଚ୍ଚୋଟତା
luxury,0.9,0.0,ବିଳାସପୂର୍ଣ୍ଣ
futuristic,0.9,0.0,ଭବିଷ୍ୟତବାଦୀ |
important,0.9,0.0,ଗୁରୁତ୍ୱପୂର୍ଣ୍ଣ |
gaily,0.9,0.0,ଗେଲି
smooth,0.9,0.0,ଚିକ୍କଣ |
stronger,0.9,0.0,ଶକ୍ତିଶାଳୀ |
high-spirited,0.9,0.0,ଉଚ୍ଚ ଆତ୍ମା
succeeding,0.9,0.0,ସଫଳ
beloved,0.9,0.0,ପ୍ରିୟ
beautifully,0.9,0.0,ସୁନ୍ଦର ଭାବରେ
sustainable,0.9,0.0,ସ୍ଥାୟୀ
staunch,0.9,0.0,staunch
nice,0.9,0.0,ଭଲ
acclamation,0.9,0.0,ପ୍ରଶଂସା
stellar,0.9,0.0,ନକ୍ଷତ୍ର
favorited,0.9,0.0,ପସନ୍ଦ
zenith,0.9,0.0,ଜେନିଥ୍
courteous,0.9,0.0,ସ te ଜନ୍ୟ
heroically,0.9,0.0,ବୀରତ୍ୱର
lucky,0.9,0.0,ଭାଗ୍ୟବାନ
correctly,0.9,0.0,ସଠିକ୍ ଭାବରେ |
prudent,0.9,0.0,ଚତୁର
success,0.9,0.0,ସଫଳତା
lustrous,0.9,0.0,ଉଜ୍ଜ୍ୱଳ
non-violent,0.9,0.0,ଅହିଂସା
fervid,0.9,0.0,fervid
gratifying,0.9,0.0,ସନ୍ତୋଷଜନକ
statuesque,0.9,0.0,ମୂର୍ତ୍ତି
heartening,0.9,0.0,ହୃଦୟସ୍ପର୍ଶୀ
unequivocally,0.9,0.0,ଏକତରଫା ଭାବରେ |
brand-new,0.9,0.0,ପୁରା ନୁଆ
blockbuster,0.9,0.0,ବ୍ଲକବଷ୍ଟର
breathtaking,0.9,0.0,ଚମତ୍କାର
remission,0.9,0.0,କ୍ଷମା
heal,0.9,0.0,ସୁସ୍ଥ କର
accomodative,0.9,0.0,ଆସୋମୋଡେଟିଭ୍ |
ebullience,0.9,0.0,ebullience
rightness,0.9,0.0,ସଠିକତା
nobly,0.9,0.0,ସମ୍ଭ୍ରାନ୍ତ
finer,0.9,0.0,ସୂକ୍ଷ୍ମ |
gaiety,0.9,0.0,ଗାୟତି
eagerly,0.9,0.0,ଉତ୍ସାହର ସହିତ |
accessable,0.9,0.0,ଅଭିଗମ୍ୟ
acclaim,0.9,0.0,ପ୍ରଶଂସା
self-sufficient,0.9,0.0,ଆତ୍ମନିର୍ଭରଶୀଳ |
adulatory,0.9,0.0,ବ୍ୟଭିଚାର
roomy,0.9,0.0,କୋଠରୀ
harmonious,0.9,0.0,ସୁସଂଗତ
ecstatically,0.9,0.0,ଆନନ୍ଦରେ
relent,0.9,0.0,ଅନୁତାପ
impassioned,0.9,0.0,ଅବାଧ
rectifying,0.9,0.0,ସଂଶୋଧନ
prize,0.9,0.0,ପୁରସ୍କାର
beauteous,0.9,0.0,ସୁନ୍ଦର
confidence,0.9,0.0,ଆତ୍ମବିଶ୍ୱାସ
cherished,0.9,0.0,ପ୍ରିୟ
outstrip,0.9,0.0,ଆଉଟଷ୍ଟ୍ରିପ୍
wieldy,0.9,0.0,wieldy
picturesque,0.9,0.0,ଚିତ୍ର
educated,0.9,0.0,ଶିକ୍ଷିତ
dauntless,0.9,0.0,ଦୁ unt ଖହୀନ |
embolden,0.9,0.0,embolden
reaffirmation,0.9,0.0,ପୁନ aff ପ୍ରମାଣ
cost-saving,0.9,0.0,ଖର୍ଚ୍ଚ ସଞ୍ଚୟ
brainy,0.9,0.0,ମସ୍ତିଷ୍କ
unencumbered,0.9,0.0,ଅସଂଖ୍ୟ |
amenity,0.9,0.0,ସୁବିଧା
valor,0.9,0.0,ମୂଲ୍ୟ
convience,0.9,0.0,ବିଶ୍ୱାସ
err-free,0.9,0.0,ତ୍ରୁଟିମୁକ୍ତ |
hotcake,0.9,0.0,ହଟ୍ କେକ୍ |
delighted,0.9,0.0,ଆନନ୍ଦିତ
prestigious,0.9,0.0,ସମ୍ମାନଜନକ
amazingly,0.9,0.0,ଆଶ୍ଚର୍ଯ୍ୟଜନକ ଭାବରେ |
encourage,0.9,0.0,ଉତ୍ସାହିତ କର |
liked,0.9,0.0,ପସନ୍ଦ
correct,0.9,0.0,ସଠିକ୍
outdo,0.9,0.0,ବାହାଘର
helped,0.9,0.0,ସାହାଯ୍ୟ କଲା |
accolade,0.9,0.0,ପ୍ରଶଂସା
invulnerable,0.9,0.0,ଅସୁରକ୍ଷିତ
defeating,0.9,0.0,ପରାସ୍ତ
gems,0.9,0.0,ରତ୍ନ
low-priced,0.9,0.0,କମ୍ ମୂଲ୍ୟରେ |
patiently,0.9,0.0,ଧ ently ର୍ଯ୍ୟର ସହିତ |
dazzle,0.9,0.0,ଚମକ
enviable,0.9,0.0,ଇର୍ଷା
engaging,0.9,0.0,ଜଡିତ
ingenuous,0.9,0.0,ଚତୁର
peach,0.9,0.0,ପିଚ
gleefully,0.9,0.0,ଖୁସିରେ
supurbly,0.9,0.0,supurbly
refund,0.9,0.0,ଫେରସ୍ତ
lower-priced,0.9,0.0,କମ୍ ମୂଲ୍ୟରେ |
patriotic,0.9,0.0,ଦେଶପ୍ରେମୀ
calmness,0.9,0.0,ଶାନ୍ତି
irreplaceable,0.9,0.0,ଅପୂରଣୀୟ
fearlessly,0.9,0.0,ନିର୍ଭୟରେ
steadfastly,0.9,0.0,ସ୍ଥିର ଭାବରେ
exalting,0.9,0.0,ଉତ୍ତୋଳନ
trustworthiness,0.9,0.0,ବିଶ୍ୱାସନୀୟତା
accommodative,0.9,0.0,ଆବାସିକ
unrestricted,0.9,0.0,ସୀମାବଦ୍ଧ |
affordably,0.9,0.0,ସୁଲଭ ମୂଲ୍ୟରେ |
appeal,0.9,0.0,ଆବେଦନ
integrated,0.9,0.0,ଏକୀକୃତ
dead-on,0.9,0.0,ମୃତ
remarkable,0.9,0.0,ଉଲ୍ଲେଖନୀୟ
brainiest,0.9,0.0,ମସ୍ତିଷ୍କ
time-honored,0.9,0.0,ସମୟ-ସମ୍ମାନିତ |
savior,0.9,0.0,ତ୍ରାଣକର୍ତ୍ତା |
backbone,0.9,0.0,ମେରୁଦଣ୍ଡ
outstandingly,0.9,0.0,ଦୃ stand ଭାବରେ
amazement,0.9,0.0,ଆଶ୍ଚର୍ଯ୍ୟ
replaceable,0.9,0.0,ବଦଳଯୋଗ୍ୟ
swankiest,0.9,0.0,swankiest
energy-saving,0.9,0.0,ଶକ୍ତି ସଞ୍ଚୟ
prodigious,0.9,0.0,ସମ୍ମାନଜନକ
amicably,0.9,0.0,ବନ୍ଧୁତ୍ୱପୂର୍ଣ୍ଣ
guarantee,0.9,0.0,ଗ୍ୟାରେଣ୍ଟି
simplifying,0.9,0.0,ସରଳୀକରଣ
supremacy,0.9,0.0,ସର୍ବୋଚ୍ଚତା
softer,0.9,0.0,ନରମ
honest,0.9,0.0,ସଚ୍ଚୋଟ
covenant,0.9,0.0,ଚୁକ୍ତି
striking,0.9,0.0,ଷ୍ଟ୍ରାଇକ୍
sensitive,0.9,0.0,ସମ୍ବେଦନଶୀଳ |
attractively,0.9,0.0,ଆକର୍ଷଣୀୟ ଭାବରେ |
electrify,0.9,0.0,ବିଦ୍ୟୁତକରଣ
best-performing,0.9,0.0,ସର୍ବୋତ୍ତମ ପ୍ରଦର୍ଶନ
simplify,0.9,0.0,ସରଳୀକରଣ କରନ୍ତୁ |
spellbinding,0.9,0.0,ବନାନ
cure-all,0.9,0.0,ସମସ୍ତ ଉପଶମ
hands-down,0.9,0.0,ହ୍ୟାଣ୍ଡ-ଡାଉନ୍ |
soundly,0.9,0.0,ଭଲ ଭାବରେ
snappy,0.9,0.0,ସ୍ନାପି
exquisite,0.9,0.0,ସୂକ୍ଷ୍ମ |
reassure,0.9,0.0,ଆଶ୍ୱାସନା
brilliances,0.9,0.0,ଉଜ୍ଜ୍ୱଳତା
paramount,0.9,0.0,ପ୍ରାଥମିକ
dextrous,0.9,0.0,dextrous
lucidly,0.9,0.0,ସୁଖଦ
contrasty,0.9,0.0,ବିପରୀତ
accomplishment,0.9,0.0,ଉପଲବ୍ଧି
humorous,0.9,0.0,ହାସ୍ୟାସ୍ପଦ
appropriate,0.9,0.0,ଉପଯୁକ୍ତ
undisputably,0.9,0.0,ଅବିଶ୍ୱାସନୀୟ |
clearly,0.9,0.0,ସ୍ପଷ୍ଟ ଭାବରେ
admiringly,0.9,0.0,ପ୍ରଶଂସନୀୟ
eventful,0.9,0.0,ଘଟଣା
guidance,0.9,0.0,ମାର୍ଗଦର୍ଶନ
hallowed,0.9,0.0,ପବିତ୍ର
liberate,0.9,0.0,ମୁକ୍ତ କର |
reclaim,0.9,0.0,ପୁନରୁଦ୍ଧାର
outperform,0.9,0.0,ବାହାଘର
valiant,0.9,0.0,ବୀର
magnanimously,0.9,0.0,ଚମତ୍କାର ଭାବରେ |
upliftingly,0.9,0.0,ଉନ୍ନତମାନର
heaven,0.9,0.0,ସ୍ୱର୍ଗ
robust,0.9,0.0,ଦୃ ust
blameless,0.9,0.0,ଦୋଷହୀନ |
spellbind,0.9,0.0,ବନାନ
meritorious,0.9,0.0,ସମ୍ମାନ
self-determination,0.9,0.0,ଆତ୍ମ ନିର୍ଣ୍ଣୟ
happiness,0.9,0.0,ଖୁସି
enjoyable,0.9,0.0,ଉପଭୋଗ୍ୟ
subsidizes,0.9,0.0,ସବସିଡି
nurturing,0.9,0.0,ପୋଷଣ
eminent,0.9,0.0,ପ୍ରତିଷ୍ଠିତ
heavenly,0.9,0.0,ସ୍ୱର୍ଗୀୟ
engrossing,0.9,0.0,ଜଡିତ
rich,0.9,0.0,ଧନୀ
humor,0.9,0.0,ହାସ୍ୟରସ
first-rate,0.9,0.0,ପ୍ରଥମ-ହାର
unselfish,0.9,0.0,ନି self ସ୍ୱାର୍ଥପର |
oasis,0.9,0.0,ଓସିସ୍
poised,0.9,0.0,ପ୍ରସ୍ତୁତ
kid-friendly,0.9,0.0,ଶିଶୁ ଅନୁକୁଳ
harmonize,0.9,0.0,ସୁସଂଗଠିତ କର |
vigilant,0.9,0.0,ସଜାଗ
outwit,0.9,0.0,outwit
adoringly,0.9,0.0,ଆଦର ସହିତ |
quieter,0.9,0.0,ଶାନ୍ତ
fondly,0.9,0.0,ସ୍ନେହରେ
instructive,0.9,0.0,ଶିକ୍ଷଣୀୟ |
complemented,0.9,0.0,ସଂପନ୍ନ
all-around,0.9,0.0,ଚାରିଆଡେ |
hallmarks,0.9,0.0,ହଲମାର୍କ
soundness,0.9,0.0,ସୁସ୍ଥତା
dashing,0.9,0.0,ଦାଶ
overtaken,0.9,0.0,ଅତିକ୍ରମ କଲା |
grace,0.9,0.0,ଅନୁଗ୍ରହ
advocate,0.9,0.0,ଓକିଲ
fanfare,0.9,0.0,ପ୍ରଶଂସକ
jubilantly,0.9,0.0,ଆନନ୍ଦରେ
praising,0.9,0.0,ପ୍ରଶଂସା
tops,0.9,0.0,ଶୀର୍ଷଗୁଡିକ |
succeeds,0.9,0.0,ସଫଳ ହୁଏ |
astonished,0.9,0.0,ଆଶ୍ଚର୍ଯ୍ୟ
danken,0.9,0.0,ଧନ୍ୟବାଦ
affection,0.9,0.0,ସ୍ନେହ
geeky,0.9,0.0,ଜିଓ
hot,0.9,0.0,ଗରମ
advantageous,0.9,0.0,ଲାଭଦାୟକ
improve,0.9,0.0,ଉନ୍ନତି କର |
sweetheart,0.9,0.0,ପ୍ରିୟା
eloquence,0.9,0.0,ବାକ୍ୟ
audibly,0.9,0.0,ଶ୍ରବଣ ଭାବରେ |
charmingly,0.9,0.0,ଚିତ୍ତାକର୍ଷକ
incredibly,0.9,0.0,ଅବିଶ୍ୱସନୀୟ ଭାବରେ |
solicitous,0.9,0.0,ଅନୁରୋଧ
well-made,0.9,0.0,ସୁସଜ୍ଜିତ |
logical,0.9,0.0,ଯୁକ୍ତିଯୁକ୍ତ
zeal,0.9,0.0,ଉତ୍ସାହ
thoughtfully,0.9,0.0,ଚିନ୍ତାରେ |
solid,0.9,0.0,କଠିନ
deference,0.9,0.0,ସମ୍ମାନ
intuitive,0.9,0.0,ଅନ୍ତର୍ନିହିତ
punctual,0.9,0.0,ସମୟାନୁବର୍ତ୍ତୀ |
hallmark,0.9,0.0,ହଲମାର୍କ
redeeming,0.9,0.0,ମୁକ୍ତି
safe,0.9,0.0,ସୁରକ୍ଷିତ
excallent,0.9,0.0,ଉତ୍କୃଷ୍ଟ
fortune,0.9,0.0,ଭାଗ୍ୟ
grin,0.9,0.0,ଚିତ୍କାର
awesomeness,0.9,0.0,ଅଦ୍ଭୁତତା |
succeeded,0.9,0.0,ସଫଳ ହେଲା |
beckons,0.9,0.0,ବେକନ୍
pamperedly,0.9,0.0,ଅସ୍ପଷ୍ଟ
appreciative,0.9,0.0,କୃତଜ୍ଞ
thrilled,0.9,0.0,ଆନନ୍ଦିତ
loyal,0.9,0.0,ବିଶ୍ୱସ୍ତ
adventurous,0.9,0.0,ଦୁ vent ସାହସିକ
booming,0.9,0.0,ବ oming ିବା
renown,0.9,0.0,ପ୍ରସିଦ୍ଧ
dote,0.9,0.0,ଯ ry ତୁକ
reformed,0.9,0.0,ସଂସ୍କାର
excellently,0.9,0.0,ଉତ୍କୃଷ୍ଟ
fresh,0.9,0.0,ସତେଜ
exceedingly,0.9,0.0,ଅତ୍ୟଧିକ
undisputable,0.9,0.0,ଅବିସ୍ମରଣୀୟ |
distinctive,0.9,0.0,ପୃଥକ
hale,0.9,0.0,ହେଲ
gloriously,0.9,0.0,ଗ glor ରବମୟ
elan,0.9,0.0,ଘୋଷଣା
stylized,0.9,0.0,ଷ୍ଟାଇଲାଇଜଡ୍
sweeten,0.9,0.0,ମିଠା
alluring,0.9,0.0,ଲୋଭନୀୟ |
fecilitous,0.9,0.0,ଅନୁକୂଳ
overtaking,0.9,0.0,ଅତିକ୍ରମ କରିବା |
saver,0.9,0.0,ସଞ୍ଚୟକାରୀ |
ftw,0.9,0.0,ftw
laudable,0.9,0.0,ପ୍ରଶଂସନୀୟ
euphoric,0.9,0.0,ଇଫୋରିକ୍ |
impartially,0.9,0.0,ନିରପେକ୍ଷ ଭାବରେ |
lifesaver,0.9,0.0,ଜୀବନ ରକ୍ଷାକାରୀ
simplest,0.9,0.0,ସରଳ
excellency,0.9,0.0,ଉତ୍କର୍ଷ
agility,0.9,0.0,ଚତୁରତା
blessing,0.9,0.0,ଆଶୀର୍ବାଦ
winnable,0.9,0.0,winnable
fair,0.9,0.0,ମେଳା
monumentally,0.9,0.0,ସ୍ମାରକୀ
felicity,0.9,0.0,ଖୁସି
hottest,0.9,0.0,ଉତ୍ତପ୍ତ
courtly,0.9,0.0,ସ court ଜନ୍ୟ
headway,0.9,0.0,ହେଡୱେ
bonuses,0.9,0.0,ବୋନସ୍
best-known,0.9,0.0,ଜଣାଶୁଣା
significant,0.9,0.0,ଉଲ୍ଲେଖନୀୟ
smoothes,0.9,0.0,ସଫାସୁତୁରା |
prettily,0.9,0.0,ସୁନ୍ଦର ଭାବରେ
affinity,0.9,0.0,ସ୍ନେହ
meaningful,0.9,0.0,ଅର୍ଥପୂର୍ଣ୍ଣ
prosperous,0.9,0.0,ସମୃଦ୍ଧ
ambitiously,0.9,0.0,ଉଚ୍ଚାଭିଳାଷୀ |
versatility,0.9,0.0,ବହୁମୁଖୀତା |
lawfully,0.9,0.0,ଆଇନଗତ ଭାବରେ |
resourceful,0.9,0.0,ସମ୍ବଳ
endearing,0.9,0.0,ସ୍ନେହପୂର୍ଣ୍ଣ
felicitate,0.9,0.0,ଶୁଭକାମନା
heartily,0.9,0.0,ହୃଦୟ ସହିତ
admire,0.9,0.0,ପ୍ରଶଂସା କର |
suffices,0.9,0.0,ଯଥେଷ୍ଟ |
aspirations,0.9,0.0,ଆକାଂକ୍ଷା
infallibility,0.9,0.0,ଅସମ୍ପୂର୍ଣ୍ଣତା |
surpass,0.9,0.0,ଅତିକ୍ରମ
delicious,0.9,0.0,ସ୍ୱାଦିଷ୍ଟ |
complimentary,0.9,0.0,ପ୍ରଶଂସା
novelty,0.9,0.0,ନୂତନତା |
coherence,0.9,0.0,ସମନ୍ୱୟ
subsidized,0.9,0.0,ସବସିଡି
surreal,0.9,0.0,ସରପ୍ରାଇଜ୍ |
spiritual,0.9,0.0,ଆଧ୍ୟାତ୍ମିକ
grandeur,0.9,0.0,ମହାନତା
improving,0.9,0.0,ଉନ୍ନତି
goodness,0.9,0.0,ଉତ୍ତମତା
bonus,0.9,0.0,ବୋନସ୍
amusing,0.9,0.0,ମଜାଳିଆ
confident,0.9,0.0,ଆତ୍ମବିଶ୍ୱାସୀ |
felicitous,0.9,0.0,ଖୁସି
compactly,0.9,0.0,କମ୍ପାକ୍ଟ ଭାବରେ |
trivially,0.9,0.0,ତୁଚ୍ଛ
achievable,0.9,0.0,ହାସଲ ଯୋଗ୍ୟ
merrily,0.9,0.0,ଆନନ୍ଦରେ
exhilarating,0.9,0.0,ଉତ୍ସାହଜନକ |
thrills,0.9,0.0,ରୋମାଞ୍ଚ
tidy,0.9,0.0,ପରିଷ୍କାର
jubiliant,0.9,0.0,ଜୟନ୍ତୀ
sensibly,0.9,0.0,ସମ୍ବେଦନଶୀଳ ଭାବରେ |
restructure,0.9,0.0,ପୁନର୍ଗଠନ
miraculous,0.9,0.0,ଚମତ୍କାର
glee,0.9,0.0,ଚମକ
whoa,0.9,0.0,ହଁ
superb,0.9,0.0,ଉତ୍ତମ
obsession,0.9,0.0,ଅବସାଦ |
joyfully,0.9,0.0,ଆନନ୍ଦରେ
undisputed,0.9,0.0,ବିବାଦୀୟ |
comely,0.9,0.0,ସୁନ୍ଦର
gorgeous,0.9,0.0,ସୁନ୍ଦର
luckier,0.9,0.0,ଭାଗ୍ୟଶାଳୀ
worth,0.9,0.0,ମୂଲ୍ୟ
beneficially,0.9,0.0,ଲାଭଦାୟକ ଭାବରେ |
user-replaceable,0.9,0.0,ଚାଳକ-ବଦଳଯୋଗ୍ୟ |
decent,0.9,0.0,ଭଦ୍ର
blissfully,0.9,0.0,ଖୁସିରେ
salutary,0.9,0.0,ନମସ୍କାର
commodious,0.9,0.0,ଖଣିଜ
stable,0.9,0.0,ସ୍ଥିର
scenic,0.9,0.0,ଦୃଶ୍ୟ
unassailable,0.9,0.0,ଅସମର୍ଥ
holy,0.9,0.0,ପବିତ୍ର
invincibility,0.9,0.0,ଅଦୃଶ୍ୟତା |
enchant,0.9,0.0,ମନ୍ତ୍ରଜ୍
appealing,0.9,0.0,ଆବେଦନକାରୀ
resolute,0.9,0.0,ସଂକଳ୍ପବଦ୍ଧ |
titillatingly,0.9,0.0,ଆଖ୍ୟା
excellence,0.9,0.0,ଉତ୍କର୍ଷ
perfect,0.9,0.0,ସଂପୂର୍ଣ୍ଣ
revolutionized,0.9,0.0,ବିପ୍ଳବ
exalted,0.9,0.0,ଉନ୍ନତ
loves,0.9,0.0,ଭଲ ପାଏ
accolades,0.9,0.0,ପ୍ରଶଂସା
delectable,0.9,0.0,ଡିଲେକ୍ଟେବଲ୍
wowed,0.9,0.0,ୱୋ
