Term,PosScore,NegScore,Punjabi
direct,0.75,0.0,ਸਿੱਧਾ
adoptable,0.75,0.0,ਗੋਦ ਲੈਣ ਯੋਗ
due,0.75,0.0,ਕਾਰਨ
ravishing,0.75,0.0,ਪਰੇਸ਼ਾਨ
benefic,0.75,0.0,ਲਾਭਕਾਰੀ
unsurpassable,1.0,0.0,ਅਸਫਲ
thorough,0.75,0.0,ਪੂਰੀ
cautious,0.75,0.0,ਸਾਵਧਾਨ
competent,0.75,0.0,ਸਮਰੱਥ
workmanlike,0.75,0.0,ਵਰਕਰ ਵਰਗਾ
competent,0.75,0.0,ਸਮਰੱਥ
full-blown,0.75,0.0,ਪੂਰਾ-ਫੁੱਲਿਆ ਹੋਇਆ
conspicuous,0.75,0.0,ਸਪਸ਼ਟ
differentiable,0.75,0.0,ਵੱਖਰੇ
constant,0.75,0.125,ਨਿਰੰਤਰ
incorrupt,0.75,0.25,ਨਿਰਲੇਪ
corn-fed,0.75,0.0,ਮੱਕੀ-ਖੁਆਇਆ
decorous,0.75,0.0,ਸਜਾਵਟ
definite,0.75,0.0,ਪੱਕਾ
importunate,0.75,0.125,ਆਯਾਤ
plummy,0.75,0.0,Plummy
discerning,0.875,0.0,ਸਮਝਦਾਰੀ
incisive,0.75,0.0,incisive
metal-cutting,0.75,0.0,ਧਾਤ-ਕੱਟਣ
bounden,0.875,0.0,ਸੀਮਾ
disenchanted,0.875,0.0,ਖਿੰਡਾ
exportable,0.75,0.0,ਨਿਰਯਾਤਯੋਗ
enlightened,0.75,0.0,ਗਿਆਨਵਾਨ
estimable,1.0,0.0,ਅਨੁਮਾਨਤ
exchangeable,0.75,0.0,ਵਟਾਂਦਰੇ ਯੋਗ
expendable,0.75,0.0,ਖਰਚ
extricable,0.75,0.0,ਕੱricਣਯੋਗ
fit,0.75,0.0,ਫਿੱਟ
pleasant-smelling,0.75,0.0,ਸੁਹਾਵਣਾ-ਸੁਗੰਧ
goodish,0.75,0.0,ਚੰਗੇ
goody-goody,0.875,0.0,ਅੱਛਾ
white,0.75,0.0,ਚਿੱਟਾ
good-natured,0.75,0.0,ਸੁਭਾਅ ਵਾਲਾ
gainly,0.875,0.0,ਲਾਭਕਾਰੀ
bouncing,0.75,0.0,ਉਛਾਲ
firm,0.875,0.0,ਪੱਕਾ
hearty,0.75,0.0,ਦਿਲ ਵਾਲਾ
well-preserved,0.75,0.0,ਚੰਗੀ ਤਰ੍ਹਾਂ ਸੁਰੱਖਿਅਤ
laureate,0.75,0.0,ਪੁਰਸਕਾਰ
droll,0.75,0.0,ਡਰੋਲ
measurable,0.75,0.0,ਮਾਪਣਯੋਗ
intellectual,0.875,0.0,ਬੌਧਿਕ
inviting,0.75,0.0,ਸੱਦਾ
gladsome,0.75,0.0,ਪ੍ਰਸੰਨ
singable,0.75,0.0,ਗਾਉਣ ਯੋਗ
moralistic,0.75,0.125,ਨੈਤਿਕਵਾਦੀ
incorrupt,0.75,0.25,ਨਿਰਲੇਪ
licit,0.75,0.0,ਬੋਲੀ
incumbent,0.875,0.0,ਮੌਜੂਦਾ
unimpassioned,0.75,0.0,ਬੇ-ਰਹਿਮ
finished,0.75,0.0,ਖਤਮ
microscopic,0.75,0.0,ਸੂਖਮ
halal,0.75,0.0,ਕਾਨੂੰਨੀ
kosher,0.75,0.0,ਕੋਸ਼ਰ
disarming,0.75,0.125,ਹਥਿਆਰਬੰਦ
white,0.75,0.125,ਚਿੱਟਾ
ladylike,0.75,0.0,likeਰਤ ਵਰਗਾ
unprintable,0.75,0.25,ਛਾਪਣਯੋਗ
diffident,0.875,0.0,ਵੱਖਰਾ
answerable,0.875,0.0,ਜਵਾਬਦੇਹ
emancipative,0.75,0.125,emancipative
danceable,0.75,0.0,ਨਾਚਯੋਗ
opposite,0.75,0.125,ਉਲਟ
antiseptic,0.75,0.25,ਐਂਟੀਸੈਪਟਿਕ
shapely,0.75,0.0,ਸੁਹਜ
well-proportioned,0.75,0.0,ਚੰਗੀ ਤਰ੍ਹਾਂ ਨਾਲ
sound,0.75,0.0,ਆਵਾਜ਼
straightarrow,0.875,0.125,ਸਿੱਧਾ
upper,0.75,0.0,ਵੱਡੇ
banner,0.875,0.0,ਬੈਨਰ
gilt-edged,0.75,0.0,ਗਿਲਟ-ਐਜਡ
premium,0.75,0.0,ਪ੍ਰੀਮੀਅਮ
shining,0.75,0.0,ਚਮਕਦਾ
spiffing,0.875,0.0,ਡਿੱਗਣਾ
choice,0.75,0.125,ਚੋਣ
serviceable,0.75,0.0,ਸੇਵਾਯੋਗ
sacred,0.75,0.0,ਪਵਿੱਤਰ
constitutional,0.75,0.0,ਸੰਵਿਧਾਨਕ
deliverable,0.75,0.0,ਪਹੁੰਚਣਯੋਗ
ducal,0.75,0.0,ducal
masterstroke,0.75,0.0,ਮਾਸਟਰਸਟ੍ਰੋਕ
pleasantry,0.75,0.0,ਖੁਸ਼ਹਾਲੀ
indignity,0.75,0.0,ਗੁੱਸਾ
props,0.875,0.0,ਪ੍ਰੋਸ
titillation,0.75,0.0,ਸਿਰਲੇਖ
beatification,0.75,0.0,ਬੀਏਟੀਫਿਕੇਸ਼ਨ
rambouillet,0.75,0.0,rambouillet
character,0.875,0.0,ਅੱਖਰ
drama,0.75,0.0,ਨਾਟਕ
chirpiness,0.75,0.0,ਕ੍ਰਿਪਾ
vivacity,0.75,0.25,ਵਿਵੇਕਤਾ
mettlesomeness,0.75,0.0,mettlesomeness
bluffness,0.875,0.0,ਧੁੰਦਲਾਪਣ
picturesqueness,0.875,0.0,ਤਸਵੀਰ
pleasingness,0.75,0.0,ਪ੍ਰਸੰਨਤਾ
attractiveness,0.75,0.0,ਆਕਰਸ਼ਣ
innateness,0.75,0.25,ਜਨਮ
totality,0.75,0.0,ਸੰਪੂਰਨਤਾ
looseness,0.75,0.25,nessਿੱਲੀ
wholesomeness,0.875,0.0,ਤੰਦਰੁਸਤੀ
healthfulness,0.875,0.0,ਤੰਦਰੁਸਤੀ
trueness,0.75,0.0,ਸੱਚਾਈ
tastefulness,0.875,0.0,ਸਵਾਦ
urbanity,0.875,0.0,ਸ਼ਹਿਰੀਤਾ
conscientiousness,0.75,0.0,ਜ਼ਮੀਰ
safeness,0.75,0.25,ਸਫਾਈ
scrupulousness,0.75,0.0,ਬੇਵਕੂਫ਼
integrity,0.875,0.125,ਇਮਾਨਦਾਰੀ
probity,0.75,0.0,ਸੰਭਾਵਨਾ
artfulness,0.75,0.0,ਕਲਾਤਮਕਤਾ
dedication,0.875,0.0,ਸਮਰਪਣ
urbanity,0.875,0.0,ਸ਼ਹਿਰੀਤਾ
crispness,0.875,0.0,ਕਰਿਸਪਨ
extremeness,0.75,0.25,ਅਤਿ
reasonableness,0.75,0.0,ਵਾਜਬਤਾ
affirmativeness,0.75,0.0,ਪੁਸ਼ਟੀਕਰਣ
importance,0.75,0.125,ਮਹੱਤਤਾ
account,0.875,0.125,ਖਾਤਾ
meaningfulness,0.75,0.125,ਸਾਰਥਕਤਾ
shrillness,0.75,0.25,ਸੁੰਬਲਤਾ
eye,0.75,0.0,ਅੱਖ
logic,0.75,0.0,ਤਰਕ
judiciousness,0.875,0.0,ਨਿਰਪੱਖਤਾ
ear,0.75,0.0,ਕੰਨ
balletomania,0.75,0.0,ਬੈਲੇਟੋਮੇਨੀਆ
mastering,0.75,0.0,ਮਾਸਟਰਿੰਗ
principle,0.75,0.0,ਸਿਧਾਂਤ
hedonism,0.75,0.0,ਹੇਡੋਨੀਜ਼ਮ
courtesy,0.75,0.0,ਸ਼ਿਸ਼ਟਤਾ
topper,0.75,0.0,ਟੌਪਰ
divination,0.875,0.0,ਜਾਦੂ
moralism,0.75,0.125,ਨੈਤਿਕਤਾ
bonheur,0.875,0.0,ਖੁਸ਼ਹਾਲੀ
beneficence,0.75,0.0,ਲਾਭ
criollo,0.75,0.0,ਕ੍ਰੀਓਲ
amoralist,0.75,0.0,ਅਮਲੋਕਵਾਦੀ
brick,0.75,0.0,ਇੱਟ
first-rater,1.0,0.0,ਪਹਿਲਾ ਰਾਟਰ
out-and-outer,0.75,0.0,ਬਾਹਰ ਅਤੇ ਬਾਹਰ
pleaser,0.75,0.0,ਕ੍ਰਿਪਾ
possible,0.75,0.0,ਸੰਭਵ
serendipity,0.75,0.125,ਸ਼ਾਂਤ
antithesis,0.75,0.0,ਵਿਰੋਧੀ
contrary,0.75,0.0,ਇਸ ਦੇ ਉਲਟ
algidity,0.75,0.25,ਐਲਗੀਟੀ
pathology,0.75,0.125,ਪੈਥੋਲੋਜੀ
character,0.875,0.0,ਅੱਖਰ
fettle,0.75,0.0,ਭਰੂਣ
time,0.75,0.0,ਸਮਾਂ
simply,0.75,0.0,ਬਸ
downright,0.75,0.0,ਸਿੱਧਾ
recuperate,0.75,0.0,ਤੰਦਰੁਸਤੀ
redound,0.75,0.0,redound
enervate,0.75,0.0,enervate
delouse,0.75,0.0,delouse
think,0.75,0.0,ਸੋਚੋ
receive,0.75,0.0,ਪ੍ਰਾਪਤ ਕਰੋ
consider,0.75,0.0,ਵਿਚਾਰ ਕਰੋ
give,0.75,0.125,ਦੇਣਾ
filigree,0.875,0.0,ਫਿਲਿਗਰੀ
stultify,0.75,0.125,ਟੁੱਟੀ
see,0.75,0.0,ਦੇਖੋ
vest,0.875,0.0,ਵੇਸਟ
agree,0.875,0.0,ਸਹਿਮਤ
suit,0.875,0.0,ਸੂਟ
belong,0.75,0.0,ਸਬੰਧਤ
make,0.875,0.0,ਬਣਾਉਣ
sensation,0.9,0.0,ਸਨਸਨੀ
thriving,0.9,0.0,ਪੁੰਗਰਦਾ
marvels,0.9,0.0,ਹੈਰਾਨੀ
vibrant,0.9,0.0,ਉਤੇਜਿਤ
fragrant,0.9,0.0,ਖੁਸ਼ਬੂਦਾਰ
enthusiast,0.9,0.0,ਉਤਸ਼ਾਹੀ
successfully,0.9,0.0,ਸਫਲਤਾਪੂਰਵਕ
gifted,0.9,0.0,ਤੋਹਫਾ
unequivocal,0.9,0.0,ਨਿਰਪੱਖ
readily,0.9,0.0,ਆਸਾਨੀ ਨਾਲ
solicitously,0.9,0.0,ਇਕਾਗਰਤਾ ਨਾਲ
enchantingly,0.9,0.0,ਮਨਘੜਤ
gold,0.9,0.0,ਸੋਨਾ
comforting,0.9,0.0,ਦਿਲਾਸਾ ਦੇਣ ਵਾਲਾ
portable,0.9,0.0,ਪੋਰਟੇਬਲ
sensations,0.9,0.0,ਸਨਸਨੀ
truthful,0.9,0.0,ਸਚਿਆਰਾ
notably,0.9,0.0,ਖਾਸ ਤੌਰ ਤੇ
bonny,0.9,0.0,ਬੌਨੀ
adulate,0.9,0.0,ਮੰਨਣਾ
jolly,0.9,0.0,ਮਜ਼ੇਦਾਰ
supurb,0.9,0.0,supurb
aspiration,0.9,0.0,ਅਭਿਲਾਸ਼ਾ
venerate,0.9,0.0,ਪੂਜਾ
liking,0.9,0.0,ਪਸੰਦ
sweeping,0.9,0.0,ਤਿੱਖਾ
flexible,0.9,0.0,ਲਚਕਦਾਰ
liberty,0.9,0.0,ਆਜ਼ਾਦੀ
refresh,0.9,0.0,ਤਾਜ਼ਾ ਕਰੋ
vivacious,0.9,0.0,ਵਹਿਸ਼ੀ
gem,0.9,0.0,ਰਤਨ
impress,0.9,0.0,ਪ੍ਰਭਾਵਿਤ
trumpet,0.9,0.0,ਤੁਰ੍ਹੀ
entrust,0.9,0.0,ਸੌਂਪਣਾ
catchy,0.9,0.0,ਆਕਰਸ਼ਕ
talents,0.9,0.0,ਹੁਨਰ
retractable,0.9,0.0,ਵਾਪਸ ਲੈਣ ਯੋਗ
passionate,0.9,0.0,ਭਾਵੁਕ
triumph,0.9,0.0,ਜਿੱਤ
afordable,0.9,0.0,ਕਿਫਾਇਤੀ
congratulations,0.9,0.0,ਵਧਾਈਆਂ
bargain,0.9,0.0,ਸੌਦਾ
glad,0.9,0.0,ਖੁਸ਼
rejuvenated,0.9,0.0,ਤਾਜ਼ਗੀ
top,0.9,0.0,ਸਿਖਰ
gladden,0.9,0.0,ਖੁਸ਼
energize,0.9,0.0,ਤਾਕਤ
humane,0.9,0.0,ਮਨੁੱਖੀ
swank,0.9,0.0,ਹਿਲਾ
insightfully,0.9,0.0,ਸੂਝ ਨਾਲ
courageousness,0.9,0.0,ਹਿੰਮਤ
fancinating,0.9,0.0,ਕੱਟੜ
maturity,0.9,0.0,ਪਰਿਪੱਕਤਾ
energy-efficient,0.9,0.0,energyਰਜਾ-ਕੁਸ਼ਲ
calm,0.9,0.0,ਸ਼ਾਂਤ
desirable,0.9,0.0,ਲੋੜੀਂਦਾ
poeticize,0.9,0.0,ਕਾਵਿਕ ਬਣਾਉਣਾ
easiest,0.9,0.0,ਸੌਖਾ
low-price,0.9,0.0,ਘੱਟ ਕੀਮਤ
striving,0.9,0.0,ਕੋਸ਼ਿਸ਼ ਕਰ ਰਿਹਾ ਹੈ
advantage,0.9,0.0,ਫਾਇਦਾ
cheerful,0.9,0.0,ਖੁਸ਼ਹਾਲ
ample,0.9,0.0,ਕਾਫ਼ੀ
steady,0.9,0.0,ਸਥਿਰ
effortless,0.9,0.0,ਅਣਥੱਕ
innovation,0.9,0.0,ਨਵੀਨਤਾ
fine-looking,0.9,0.0,ਵਧੀਆ
wonders,0.9,0.0,ਹੈਰਾਨੀ
cashback,0.9,0.0,ਕੈਸ਼ਬੈਕ
quicker,0.9,0.0,ਤੇਜ਼
gleeful,0.9,0.0,ਖੁਸ਼
expertly,0.9,0.0,ਮਹਾਰਤ ਨਾਲ
divine,0.9,0.0,ਬ੍ਰਹਮ
miraculously,0.9,0.0,ਚਮਤਕਾਰੀ .ੰਗ ਨਾਲ
daring,0.9,0.0,ਹਿੰਮਤ
pepped,0.9,0.0,ਕੱppedਿਆ
cooperatively,0.9,0.0,ਸਹਿਕਾਰਤਾ ਨਾਲ
gainful,0.9,0.0,ਲਾਭਕਾਰੀ
rewarding,0.9,0.0,ਫਲਦਾਇਕ
magnificently,0.9,0.0,ਸ਼ਾਨਦਾਰ
captivate,0.9,0.0,ਮੋਹਿਤ ਕਰਨਾ
exceeding,0.9,0.0,ਵੱਧ
ready,0.9,0.0,ਤਿਆਰ ਹੈ
invaluablely,0.9,0.0,ਅਨਮੋਲ
modesty,0.9,0.0,ਨਿਮਰਤਾ
innovative,0.9,0.0,ਨਵੀਨਤਾਕਾਰੀ
rapturous,0.9,0.0,ਅਨੰਦ
soulful,0.9,0.0,ਰੂਹਾਨੀ
hard-working,0.9,0.0,ਮਿਹਨਤੀ
understandable,0.9,0.0,ਸਮਝਣਯੋਗ
resourcefulness,0.9,0.0,ਸਰੋਤ
illumine,0.9,0.0,ਪ੍ਰਕਾਸ਼ਮਾਨ
trusty,0.9,0.0,ਭਰੋਸੇਮੰਦ
patriot,0.9,0.0,ਦੇਸ਼ ਭਗਤ
amply,0.9,0.0,ਕਾਫ਼ੀ
appreciate,0.9,0.0,ਕਦਰ ਕਰੋ
large-capacity,0.9,0.0,ਵੱਡੀ ਸਮਰੱਥਾ
ardent,0.9,0.0,ਉਤਸ਼ਾਹੀ
inspiration,0.9,0.0,ਪ੍ਰੇਰਣਾ
topnotch,0.9,0.0,ਸਿਰੇ ਦੀ
fluent,0.9,0.0,ਤਜ਼ਰਬੇਕਾਰ
well-balanced,0.9,0.0,ਚੰਗੀ ਤਰ੍ਹਾਂ ਸੰਤੁਲਿਤ
clear-cut,0.9,0.0,ਸਾਫ-ਕੱਟ
lovely,0.9,0.0,ਪਿਆਰਾ
frugal,0.9,0.0,ਡਰਾਉਣਾ
affirm,0.9,0.0,ਪੁਸ਼ਟੀ
idealize,0.9,0.0,ਆਦਰਸ਼
great,0.9,0.0,ਮਹਾਨ
profoundly,0.9,0.0,ਡੂੰਘਾ
gumption,0.9,0.0,ਗਮਪਸ਼ਨ
elation,0.9,0.0,ਖੁਸ਼ਹਾਲੀ
stability,0.9,0.0,ਸਥਿਰਤਾ
spellbound,0.9,0.0,ਜਾਦੂ
obsessions,0.9,0.0,ਜਨੂੰਨ
applaud,0.9,0.0,ਤਾਰੀਫ
willing,0.9,0.0,ਤਿਆਰ
well-bred,0.9,0.0,ਚੰਗੀ ਨਸਲ
cleanly,0.9,0.0,ਸਾਫ਼
graciousness,0.9,0.0,ਕ੍ਰਿਪਾ
constructive,0.9,0.0,ਉਸਾਰੂ
pampers,0.9,0.0,ਪੈਂਪਰ
hotcakes,0.9,0.0,ਗਰਮ ਕੇਕ
realistic,0.9,0.0,ਯਥਾਰਥਵਾਦੀ
nicely,0.9,0.0,ਖੂਬਸੂਰਤ
unbiased,0.9,0.0,ਨਿਰਪੱਖ
virtuously,0.9,0.0,ਨੇਕੀ ਨਾਲ
free,0.9,0.0,ਮੁਫਤ
fairly,0.9,0.0,ਕਾਫ਼ੀ
cushy,0.9,0.0,cushy
grand,0.9,0.0,ਲੰਬਾ
admirer,0.9,0.0,ਪ੍ਰਸੰਸਾ
peaceable,0.9,0.0,ਸ਼ਾਂਤਮਈ
laud,0.9,0.0,ਟੇਬਲ
renewed,0.9,0.0,ਨਵਿਆਇਆ
inspire,0.9,0.0,ਪ੍ਰੇਰਣਾ
buoyant,0.9,0.0,ਖੁਸ਼
humility,0.9,0.0,ਨਿਮਰਤਾ
stabilize,0.9,0.0,ਸਥਿਰ
hopeful,0.9,0.0,ਆਸ਼ਾਵਾਦੀ
staunchness,0.9,0.0,ਕਠੋਰਤਾ
tenderly,0.9,0.0,ਕੋਮਲਤਾ ਨਾਲ
amiabily,0.9,0.0,amiabily
liberation,0.9,0.0,ਮੁਕਤੀ
loveliness,0.9,0.0,ਪਿਆਰ
stunned,0.9,0.0,ਹੈਰਾਨ
seamless,0.9,0.0,ਸਹਿਜ
supremely,0.9,0.0,ਸਰਬੋਤਮ
capable,0.9,0.0,ਸਮਰੱਥ
firmer,0.9,0.0,ਮਜ਼ਬੂਤ
overture,0.9,0.0,ਓਵਰਟੋਰ
chivalrous,0.9,0.0,ਦਿਆਲੂ
ingeniously,0.9,0.0,ਹੁਸ਼ਿਆਰੀ ਨਾਲ
freedom,0.9,0.0,ਆਜ਼ਾਦੀ
well-positioned,0.9,0.0,ਚੰਗੀ ਸਥਿਤੀ ਵਿੱਚ
balanced,0.9,0.0,ਸੰਤੁਲਿਤ
refunded,0.9,0.0,ਵਾਪਸ ਕਰ ਦਿੱਤਾ
triumphal,0.9,0.0,ਜਿੱਤ
angelic,0.9,0.0,ਦੂਤ
matchless,0.9,0.0,ਬੇਮਿਸਾਲ
tenacious,0.9,0.0,ਕਠੋਰ
successful,0.9,0.0,ਸਫਲ
powerfully,0.9,0.0,ਸ਼ਕਤੀਸ਼ਾਲੀ
uplifting,0.9,0.0,ਉਤਸ਼ਾਹ
dynamic,0.9,0.0,ਗਤੀਸ਼ੀਲ
thankful,0.9,0.0,ਧੰਨਵਾਦੀ
cuteness,0.9,0.0,cuteness
champ,0.9,0.0,ਖੇਤਰ
intriguingly,0.9,0.0,ਦਿਲਚਸਪ
sufficiently,0.9,0.0,ਕਾਫ਼ੀ
pepping,0.9,0.0,ਪੀਪਿੰਗ
god-send,0.9,0.0,ਰੱਬ ਭੇਜੋ
mature,0.9,0.0,ਸਿਆਣੇ
top-quality,0.9,0.0,ਉੱਚ-ਗੁਣਵੱਤਾ
efficient,0.9,0.0,ਅਸਰਦਾਰ
easy-to-use,0.9,0.0,ਵਰਤਣ ਵਿਚ ਅਸਾਨ
peppy,0.9,0.0,ਮਿਰਚ
idol,0.9,0.0,ਮੂਰਤੀ
elegantly,0.9,0.0,ਖੂਬਸੂਰਤ
glorious,0.9,0.0,ਸ਼ਾਨਦਾਰ
insightful,0.9,0.0,ਸਮਝਦਾਰ
economical,0.9,0.0,ਕਿਫਾਇਤੀ
reassurance,0.9,0.0,ਭਰੋਸਾ
premier,0.9,0.0,ਪਹਿਲਾਂ
redeem,0.9,0.0,ਛੁਟਕਾਰਾ
pain-free,0.9,0.0,ਦਰਦ ਰਹਿਤ
supporter,0.9,0.0,ਸਮਰਥਕ
rejoicingly,0.9,0.0,ਅਨੰਦ ਨਾਲ
dawn,0.9,0.0,ਸਵੇਰ
gutsy,0.9,0.0,ਹਿੰਮਤ
terrifically,0.9,0.0,ਡਰਾਉਣੇ
imaculate,0.9,0.0,ਕਲਪਨਾ
appreciated,0.9,0.0,ਪ੍ਰਸ਼ੰਸਾ ਕੀਤੀ
strongest,0.9,0.0,ਸਖਤ
accomplish,0.9,0.0,ਪੂਰਾ
stimulate,0.9,0.0,ਉਤੇਜਤ
distinguished,0.9,0.0,ਵੱਖਰਾ
joy,0.9,0.0,ਆਨੰਦ ਨੂੰ
enjoyed,0.9,0.0,ਅਨੰਦ ਲਿਆ
elate,0.9,0.0,ਖੁਸ਼ੀ
benefit,0.9,0.0,ਲਾਭ
openness,0.9,0.0,ਖੁੱਲ੍ਹ
achievement,0.9,0.0,ਪ੍ਰਾਪਤੀ
honorable,0.9,0.0,ਸਤਿਕਾਰਯੋਗ
salute,0.9,0.0,ਸਿਹਤ
genuine,0.9,0.0,ਸੱਚਾ
unbound,0.9,0.0,ਅਨਬਾਉਂਡ
convienient,0.9,0.0,ਸੁਵਿਧਾਜਨਕ
enlighten,0.9,0.0,ਗਿਆਨਵਾਨ
dumbfounding,0.9,0.0,ਗੂੰਜ
unabashed,0.9,0.0,ਬੇਵੱਸ
rapturously,0.9,0.0,ਅਨੰਦ ਨਾਲ
steadiness,0.9,0.0,ਸਥਿਰਤਾ
sensationally,0.9,0.0,ਸਨਸਨੀਖੇਜ਼
clearer,0.9,0.0,ਸਾਫ
selective,0.9,0.0,ਚੋਣਵ
affirmative,0.9,0.0,ਸਕਾਰਾਤਮਕ
dirt-cheap,0.9,0.0,ਮੈਲ-ਸਸਤਾ
trust,0.9,0.0,ਭਰੋਸਾ
enthusiasm,0.9,0.0,ਉਤਸ਼ਾਹ
undaunted,0.9,0.0,ਬਿਨਾਂ ਸ਼ੱਕ
courageously,0.9,0.0,ਦਲੇਰੀ ਨਾਲ
useful,0.9,0.0,ਲਾਭਦਾਇਕ
adequate,0.9,0.0,ਕਾਫ਼ੀ
jubilation,0.9,0.0,ਖੁਸ਼ਹਾਲੀ
admirably,0.9,0.0,ਪ੍ਰਸ਼ੰਸਾ ਨਾਲ
phenomenally,0.9,0.0,ਅਚਾਨਕ
decisiveness,0.9,0.0,ਨਿਰਣਾਇਕਤਾ
cozy,0.9,0.0,ਆਰਾਮਦਾਇਕ
compassion,0.9,0.0,ਤਰਸ
handier,0.9,0.0,ਹੈਂਡੀਅਰ
clears,0.9,0.0,ਕਲੀਅਰਜ਼
convincingly,0.9,0.0,ਯਕੀਨ ਨਾਲ
preferring,0.9,0.0,ਤਰਜੀਹ
sagely,0.9,0.0,ਸੰਗੀਤ ਨਾਲ
viewable,0.9,0.0,ਵੇਖਣਯੋਗ
awesome,0.9,0.0,ਬਹੁਤ ਵਧੀਆ
abounds,0.9,0.0,ਬਹੁਤ ਜ਼ਿਆਦਾ
keenness,0.9,0.0,ਉਤਸੁਕਤਾ
awards,0.9,0.0,ਪੁਰਸਕਾਰ
supportive,0.9,0.0,ਸਹਿਯੋਗੀ
fine,0.9,0.0,ਠੀਕ ਹੈ
pamperedness,0.9,0.0,ਲਾਹਨਤ
unrivaled,0.9,0.0,ਬੇਜੋੜ
best-selling,0.9,0.0,ਵਧੀਆ ਵਿਕਰੀ
hearten,0.9,0.0,ਦਿਲ
sturdier,0.9,0.0,ਬੇਧਿਆਨੀ
advantages,0.9,0.0,ਲਾਭ
panoramic,0.9,0.0,ਪੈਨੋਰਾਮਿਕ
enhanced,0.9,0.0,ਵਧਾਇਆ
eulogize,0.9,0.0,eulogize
lighter,0.9,0.0,ਹਲਕਾ
won,0.9,0.0,ਜਿੱਤੀ
comprehensive,0.9,0.0,ਵਿਆਪਕ
revival,0.9,0.0,ਬੇਦਾਰੀ
skilled,0.9,0.0,ਕੁਸ਼ਲ
enticing,0.9,0.0,ਭਰਮਾਉਣ
tenacity,0.9,0.0,ਕਠੋਰਤਾ
supporting,0.9,0.0,ਨੂੰ ਸਹਿਯੋਗ
greatest,0.9,0.0,ਮਹਾਨ
fabulously,0.9,0.0,ਕਪੜੇ ਨਾਲ
altruistic,0.9,0.0,ਪਰਉਪਕਾਰੀ
enticingly,0.9,0.0,ਗੁੱਸੇ ਨਾਲ
silent,0.9,0.0,ਚੁੱਪ
pleasant,0.9,0.0,ਸੁਹਾਵਣਾ
fondness,0.9,0.0,ਸ਼ੌਕ
upgradeable,0.9,0.0,ਅਪਗਰੇਡ
phenomenal,0.9,0.0,ਅਸਾਧਾਰਣ
fans,0.9,0.0,ਪੱਖੇ
state-of-the-art,0.9,0.0,ਬਹੁਤ ਵਧੀਆ
noble,0.9,0.0,ਨੇਕ
fast-growing,0.9,0.0,ਤੇਜ਼ੀ ਨਾਲ ਵੱਧ ਰਹੀ
serene,0.9,0.0,ਸਹਿਜ
handsomely,0.9,0.0,ਖੂਬਸੂਰਤ
nourish,0.9,0.0,ਪੋਸ਼ਣ
usable,0.9,0.0,ਵਰਤੋਂ ਯੋਗ
spotless,0.9,0.0,ਬੇਦਾਗ
bless,0.9,0.0,ਅਸੀਸ
exemplar,0.9,0.0,ਮਿਸਾਲੀ
poignant,0.9,0.0,ਜ਼ਖਮੀ
ambitious,0.9,0.0,ਉਤਸ਼ਾਹੀ
worked,0.9,0.0,ਕੰਮ ਕੀਤਾ
proud,0.9,0.0,ਹੰਕਾਰੀ
enrich,0.9,0.0,ਭਰਪੂਰ
kindness,0.9,0.0,ਦਿਆਲਤਾ
warmth,0.9,0.0,ਨਿੱਘ
excitement,0.9,0.0,ਉਤਸ਼ਾਹ
sweetly,0.9,0.0,ਮਿੱਠੇ ਨਾਲ
blithe,0.9,0.0,blithe
contribution,0.9,0.0,ਯੋਗਦਾਨ
rejuvenating,0.9,0.0,ਤਾਜ਼ਗੀ
intimacy,0.9,0.0,ਦੋਸਤੀ
effectively,0.9,0.0,ਪ੍ਰਭਾਵਸ਼ਾਲੀ .ੰਗ ਨਾਲ
wholesome,0.9,0.0,ਪੌਸ਼ਟਿਕ
approve,0.9,0.0,ਮਨਜ਼ੂਰ
truthfulness,0.9,0.0,ਸੱਚਾਈ
handily,0.9,0.0,ਹੱਥ ਨਾਲ
staunchly,0.9,0.0,ਕਠੋਰ
prominence,0.9,0.0,ਪ੍ਰਮੁੱਖਤਾ
merciful,0.9,0.0,ਦਿਆਲੂ
stirringly,0.9,0.0,ਹਿਲਾਉਣਾ
outdone,0.9,0.0,ਆdਟਡੋਨ
overtake,0.9,0.0,ਪਛਾੜ
unbeatable,0.9,0.0,ਅਜੇਤੂ
sufficient,0.9,0.0,ਕਾਫ਼ੀ
ardently,0.9,0.0,ਉਤਸੁਕਤਾ ਨਾਲ
classic,0.9,0.0,ਕਲਾਸਿਕ
civility,0.9,0.0,ਨਾਗਰਿਕਤਾ
ingenuity,0.9,0.0,ਚਤੁਰਾਈ
masterpiece,0.9,0.0,ਮਾਸਟਰਪੀਸ
fidelity,0.9,0.0,ਵਫ਼ਾਦਾਰੀ
reliable,0.9,0.0,ਭਰੋਸੇਮੰਦ
charisma,0.9,0.0,ਕਰਿਸ਼ਮਾ
readable,0.9,0.0,ਪੜ੍ਹਨਯੋਗ
compatible,0.9,0.0,ਅਨੁਕੂਲ
fulfillment,0.9,0.0,ਪੂਰਤੀ
skillfully,0.9,0.0,ਕੁਸ਼ਲਤਾ ਨਾਲ
tingle,0.9,0.0,ਝਰਨਾਹਟ
excel,0.9,0.0,ਐਕਸਲ
enviously,0.9,0.0,ਈਰਖਾ ਨਾਲ
swanky,0.9,0.0,ਸਵੈਂਕੀ
celebration,0.9,0.0,ਜਸ਼ਨ
progress,0.9,0.0,ਤਰੱਕੀ
empowerment,0.9,0.0,ਸ਼ਕਤੀਕਰਨ
tranquility,0.9,0.0,ਸ਼ਾਂਤੀ
led,0.9,0.0,ਅਗਵਾਈ
achievible,0.9,0.0,ਪ੍ਰਾਪਤੀਯੋਗ
bright,0.9,0.0,ਚਮਕਦਾਰ
appreciatively,0.9,0.0,ਕਦਰ ਨਾਲ
inspirational,0.9,0.0,ਪ੍ਰੇਰਣਾਦਾਇਕ
accessible,0.9,0.0,ਪਹੁੰਚਯੋਗ
lionhearted,0.9,0.0,ਸ਼ੇਰ ਦਿਲ ਵਾਲਾ
refreshing,0.9,0.0,ਤਾਜ਼ਗੀ
splendidly,0.9,0.0,ਖੂਬਸੂਰਤ
marvelous,0.9,0.0,ਸ਼ਾਨਦਾਰ
illustrious,0.9,0.0,ਮਸ਼ਹੂਰ
revives,0.9,0.0,ਮੁੜ ਸੁਰਜੀਤ
originality,0.9,0.0,ਮੌਲਿਕਤਾ
gratification,0.9,0.0,ਪ੍ਰਸੰਨਤਾ
motivated,0.9,0.0,ਪ੍ਰੇਰਿਤ
playfully,0.9,0.0,ਖੂਬਸੂਰਤੀ ਨਾਲ
awe,0.9,0.0,ਹੈਰਾਨ
overtakes,0.9,0.0,ਅੱਗੇ
eloquent,0.9,0.0,ਸਪਸ਼ਟ
proficient,0.9,0.0,ਨਿਪੁੰਨ
cheapest,0.9,0.0,ਸਸਤਾ
intelligible,0.9,0.0,ਸਮਝਦਾਰ
luxuriant,0.9,0.0,ਸ਼ਾਨਦਾਰ
adaptable,0.9,0.0,ਅਨੁਕੂਲ
enraptured,0.9,0.0,ਪੱਕਾ
luckiest,0.9,0.0,ਖੁਸ਼ਕਿਸਮਤ
healthy,0.9,0.0,ਸਿਹਤਮੰਦ
luster,0.9,0.0,ਚਮਕ
brotherly,0.9,0.0,ਭਰਾ
compliment,0.9,0.0,ਤਾਰੀਫ
leading,0.9,0.0,ਮੋਹਰੀ
fortunately,0.9,0.0,ਖੁਸ਼ਕਿਸਮਤੀ
resplendent,0.9,0.0,ਸ਼ਾਨਦਾਰ
obtainable,0.9,0.0,ਪ੍ਰਾਪਤੀਯੋਗ
inventive,0.9,0.0,ਕਾven
ardor,0.9,0.0,ਜਲਣ
propitiously,0.9,0.0,ਚੰਗੀ ਤਰ੍ਹਾਂ
cost-effective,0.9,0.0,ਪ੍ਰਭਾਵਸ਼ਾਲੀ ਲਾਗਤ
charismatic,0.9,0.0,ਕਰਿਸ਼ਮਾਵਾਦੀ
merit,0.9,0.0,ਗੁਣ
gusto,0.9,0.0,ਹਸਤ
stimulates,0.9,0.0,ਉਤੇਜਤ ਕਰਦਾ ਹੈ
coherent,0.9,0.0,ਅਨੁਕੂਲ
providence,0.9,0.0,ਪ੍ਰੋਵਿਡੈਂਸ
exaltedly,0.9,0.0,ਉੱਤਮ
neatly,0.9,0.0,ਸਾਫ਼
affordable,0.9,0.0,ਕਿਫਾਇਤੀ
effectiveness,0.9,0.0,ਪ੍ਰਭਾਵ
monumental,0.9,0.0,ਯਾਦਗਾਰੀ
pleased,0.9,0.0,ਖੁਸ਼
righteousness,0.9,0.0,ਧਾਰਮਿਕਤਾ
miracle,0.9,0.0,ਚਮਤਕਾਰ
respectable,0.9,0.0,ਸਤਿਕਾਰਯੋਗ
upbeat,0.9,0.0,ਉਤਸ਼ਾਹ
winner,0.9,0.0,ਜੇਤੂ
laudably,0.9,0.0,ਸ਼ਲਾਘਾਯੋਗ
luckiness,0.9,0.0,ਕਿਸਮਤ
assurance,0.9,0.0,ਬੀਮਾ
prestige,0.9,0.0,ਵੱਕਾਰ
qualified,0.9,0.0,ਯੋਗ
fruitful,0.9,0.0,ਫਲਦਾਰ
ilu,0.9,0.0,ਸੁੰਦਰਤਾ
vivid,0.9,0.0,ਸਵੱਛ
spirited,0.9,0.0,ਜੋਸ਼
godsend,0.9,0.0,ਗੌਡਸੈਂਡ
mesmerizes,0.9,0.0,ਮਨੋਰੰਜਨ
satisfying,0.9,0.0,ਤਸੱਲੀਬਖਸ਼
masterful,0.9,0.0,ਮਾਸਟਰ
sublime,0.9,0.0,ਸ੍ਰੇਸ਼ਟ
mercy,0.9,0.0,ਰਹਿਮ
brilliantly,0.9,0.0,ਸ਼ਾਨਦਾਰ
loving,0.9,0.0,ਪਿਆਰ ਕਰਨ ਵਾਲਾ
entertaining,0.9,0.0,ਮਨੋਰੰਜਕ
earnest,0.9,0.0,ਉਤਸੁਕ
ergonomical,0.9,0.0,ਅਰੋਗੋਨੋਮਿਕਲ
refinement,0.9,0.0,ਸੋਧ
complementary,0.9,0.0,ਪੂਰਕ
patient,0.9,0.0,ਮਰੀਜ਼
inviolate,0.9,0.0,ਬੁਲਾਉਣਾ
eagerness,0.9,0.0,ਉਤਸੁਕਤਾ
civilize,0.9,0.0,ਸਭਿਅਕ
well-mannered,0.9,0.0,ਚੰਗੀ ਵਿਵਹਾਰ
dignity,0.9,0.0,ਮਾਣ
steadiest,0.9,0.0,ਸਥਿਰ
favorite,0.9,0.0,ਪਸੰਦੀਦਾ
astutely,0.9,0.0,ਹੈਰਾਨੀ ਨਾਲ
splendid,0.9,0.0,ਸ਼ਾਨਦਾਰ
subsidizing,0.9,0.0,ਸਬਸਿਡੀ
plush,0.9,0.0,ਆਲੀਸ਼ਾਨ
marvelously,0.9,0.0,ਹੈਰਾਨੀ ਨਾਲ
adorer,0.9,0.0,ਪਿਆਰ
happier,0.9,0.0,ਖੁਸ਼
perseverance,0.9,0.0,ਲਗਨ
sensational,0.9,0.0,ਸਨਸਨੀਖੇਜ਼
nimble,0.9,0.0,ਨਿੰਮ
multi-purpose,0.9,0.0,ਬਹੁ-ਉਦੇਸ਼
affably,0.9,0.0,ਪਿਆਰ ਨਾਲ
astonish,0.9,0.0,ਹੈਰਾਨ
lover,0.9,0.0,ਪ੍ਰੇਮੀ
nourishing,0.9,0.0,ਪੋਸ਼ਣ ਦੇਣ ਵਾਲਾ
upheld,0.9,0.0,ਬਰਕਰਾਰ
exalt,0.9,0.0,ਉੱਚਾ
happy,0.9,0.0,ਖੁਸ਼
prodigiously,0.9,0.0,ਉਤਸ਼ਾਹ ਨਾਲ
humble,0.9,0.0,ਨਿਮਰ
proven,0.9,0.0,ਸਾਬਤ
resounding,0.9,0.0,ਗੂੰਜਦਾ
cashbacks,0.9,0.0,ਕੈਸ਼ਬੈਕ
visionary,0.9,0.0,ਦੂਰਦਰਸ਼ੀ
thoughtful,0.9,0.0,ਵਿਚਾਰਵਾਨ
smarter,0.9,0.0,ਚੁਸਤ
conciliate,0.9,0.0,ਸਮਝੌਤਾ
credible,0.9,0.0,ਭਰੋਸੇਯੋਗ
dependable,0.9,0.0,ਭਰੋਸੇਯੋਗ
saint,0.9,0.0,ਸੰਤ
fairness,0.9,0.0,ਨਿਰਪੱਖਤਾ
victorious,0.9,0.0,ਜੇਤੂ
excels,0.9,0.0,ਐਕਸਲ
celebrated,0.9,0.0,ਮਨਾਇਆ
keenly,0.9,0.0,ਉਤਸੁਕਤਾ ਨਾਲ
humorously,0.9,0.0,ਹਾਸੇ ਨਾਲ
effectual,0.9,0.0,ਪ੍ਰਭਾਵਸ਼ਾਲੀ
enchanting,0.9,0.0,ਮਨਮੋਹਕ
favour,0.9,0.0,ਪੱਖ
titillate,0.9,0.0,ਟਾਈਟਿਲੇਟ
flexibility,0.9,0.0,ਲਚਕਤਾ
mesmerize,0.9,0.0,ਮਨੋਰੰਜਨ
favorable,0.9,0.0,ਅਨੁਕੂਲ
unwavering,0.9,0.0,ਅਟੱਲ
neat,0.9,0.0,ਸਾਫ਼
generous,0.9,0.0,ਉਦਾਰ
satisfies,0.9,0.0,ਸੰਤੁਸ਼ਟ
consummate,0.9,0.0,ਖਪਤ
marvellous,0.9,0.0,ਸ਼ਾਨਦਾਰ
tempting,0.9,0.0,ਭੜਕਾ.
mastery,0.9,0.0,ਮੁਹਾਰਤ
peacefully,0.9,0.0,ਸ਼ਾਂਤੀ ਨਾਲ
improvements,0.9,0.0,ਸੁਧਾਰ
amicability,0.9,0.0,ਦੋਸਤੀ
indebted,0.9,0.0,ਰਿਣੀ ਹੈ
high-quality,0.9,0.0,ਉੱਚ ਗੁਣਵੱਤਾ
unfettered,0.9,0.0,ਬੇਵਕੂਫ
easing,0.9,0.0,ਸੌਖਾ
exonerate,0.9,0.0,ਬਾਹਰ ਕੱ .ਣਾ
enhance,0.9,0.0,ਵਧਾਉਣ
evaluative,0.9,0.0,ਮੁਲਾਂਕਣ ਕਰਨ ਵਾਲਾ
fabulous,0.9,0.0,ਸ਼ਾਨਦਾਰ
mind-blowing,0.9,0.0,ਬਹੁਤ ਵਧੀਆ
well-educated,0.9,0.0,ਚੰਗੀ ਤਰ੍ਹਾਂ ਪੜ੍ਹਿਆ-ਲਿਖਿਆ
heroine,0.9,0.0,ਨਾਇਕਾ
daringly,0.9,0.0,ਹਿੰਮਤ ਨਾਲ
lavish,0.9,0.0,ਸ਼ਾਨਦਾਰ
luxuriously,0.9,0.0,ਆਰਾਮ ਨਾਲ
marvelousness,0.9,0.0,ਹੈਰਾਨੀ
classy,0.9,0.0,ਸਰਬੋਤਮ
tickle,0.9,0.0,ਗੁੰਦਲੀ
woo,0.9,0.0,ਵੂ
low-cost,0.9,0.0,ਥੋੜੀ ਕੀਮਤ
restored,0.9,0.0,ਮੁੜ
romanticize,0.9,0.0,ਰੋਮਾਂਟਿਕ ਬਣਾਉਣਾ
rejoice,0.9,0.0,ਅਨੰਦ
wholeheartedly,0.9,0.0,ਪੂਰੇ ਦਿਲ ਨਾਲ
smitten,0.9,0.0,ਮਾਰਿਆ
illuminating,0.9,0.0,ਪ੍ਰਕਾਸ਼ਮਾਨ
diligent,0.9,0.0,ਮਿਹਨਤੀ
amazed,0.9,0.0,ਹੈਰਾਨ
levity,0.9,0.0,ਲੇਵਟੀ
reverently,0.9,0.0,ਸ਼ਰਧਾ ਨਾਲ
courageous,0.9,0.0,ਦਲੇਰ
tantalizingly,0.9,0.0,tantalizingly
aver,0.9,0.0,ਹੋਣ
congenial,0.9,0.0,ਜਮਾਂਦਰੂ
pleases,0.9,0.0,ਖੁਸ਼ ਹੈ
toughest,0.9,0.0,ਸਖਤ
tender,0.9,0.0,ਕੋਮਲ
permissible,0.9,0.0,ਇਜਾਜ਼ਤ ਹੈ
alluringly,0.9,0.0,ਮੋਹ ਭਰੇ
astonishment,0.9,0.0,ਹੈਰਾਨੀ
quiet,0.9,0.0,ਸ਼ਾਂਤ
commitment,0.9,0.0,ਵਚਨਬੱਧਤਾ
indulgence,0.9,0.0,ਭੋਗ
endorse,0.9,0.0,ਸਮਰਥਨ
glowingly,0.9,0.0,ਚਮਕਦੇ ਹੋਏ
congratulate,0.9,0.0,ਵਧਾਈ
peace,0.9,0.0,ਸ਼ਾਂਤੀ
keen,0.9,0.0,ਉਤਸੁਕ
breathlessness,0.9,0.0,ਸਾਹ
sufficed,0.9,0.0,ਕਾਫ਼ੀ
humourous,0.9,0.0,ਹਾਸੋਹੀਣਾ
unreal,0.9,0.0,ਗੈਰ ਅਸਲ
delicate,0.9,0.0,ਨਾਜ਼ੁਕ
flourish,0.9,0.0,ਫੁੱਲ
purify,0.9,0.0,ਸ਼ੁੱਧ
user-friendly,0.9,0.0,ਉਪਭੋਗਤਾ ਨਾਲ ਅਨੁਕੂਲ
intricate,0.9,0.0,ਪੇਚੀਦਾ
enjoyably,0.9,0.0,ਅਨੰਦ ਨਾਲ
well-managed,0.9,0.0,ਚੰਗੀ ਤਰ੍ਹਾਂ ਪਰਬੰਧਿਤ
perfectly,0.9,0.0,ਬਿਲਕੁਲ
worthy,0.9,0.0,ਯੋਗ
rightful,0.9,0.0,ਸਹੀ
fastest,0.9,0.0,ਤੇਜ਼
extoll,0.9,0.0,ਗਾਇਕੀ
defeated,0.9,0.0,ਹਰਾਇਆ
radiance,0.9,0.0,ਚਮਕ
flashy,0.9,0.0,ਚਮਕਦਾਰ
generosity,0.9,0.0,ਉਦਾਰਤਾ
merry,0.9,0.0,ਅਨੰਦ
groundbreaking,0.9,0.0,ਅਧਾਰ ਤੋੜ
decisive,0.9,0.0,ਫੈਸਲਾਕੁੰਨ
protection,0.9,0.0,ਸੁਰੱਖਿਆ
interesting,0.9,0.0,ਦਿਲਚਸਪ
satisfactory,0.9,0.0,ਤਸੱਲੀਬਖਸ਼
ecenomical,0.9,0.0,ਸੰਕੇਤਕ
prowess,0.9,0.0,ਤਾਕਤ
adorable,0.9,0.0,ਪਿਆਰਾ
mesmerizing,0.9,0.0,ਮਨੋਰੰਜਨ
uncomplicated,0.9,0.0,ਗੁੰਝਲਦਾਰ
entice,0.9,0.0,ਭਰਮਾਉਣ
fun,0.9,0.0,ਮਜ਼ੇਦਾਰ
best,0.9,0.0,ਵਧੀਆ
godlike,0.9,0.0,ਰੱਬ ਵਰਗਾ
attune,0.9,0.0,ਪ੍ਰਾਪਤੀ
toll-free,0.9,0.0,ਚੁੰਗੀ ਮੁੱਕਤ
regard,0.9,0.0,ਸੰਬੰਧ
ameliorate,0.9,0.0,ਖੁਸ਼ਹਾਲ
useable,0.9,0.0,ਵਰਤੋਂ ਯੋਗ
top-notch,0.9,0.0,ਸਿਰੇ ਦੀ
astoundingly,0.9,0.0,ਹੈਰਾਨੀ ਨਾਲ
celebrate,0.9,0.0,ਮਨਾਓ
affable,0.9,0.0,ਪਿਆਰੇ
flourishing,0.9,0.0,ਪ੍ਰਫੁਲਤ
easiness,0.9,0.0,ਸੌਖ
well-behaved,0.9,0.0,ਚੰਗੀ ਤਰ੍ਹਾਂ ਵਿਵਹਾਰ ਕੀਤਾ
enjoyment,0.9,0.0,ਅਨੰਦ
exultingly,0.9,0.0,ਖੁਸ਼ੀ ਨਾਲ
popular,0.9,0.0,ਪ੍ਰਸਿੱਧ
cornerstone,0.9,0.0,ਨੀਂਹ ਪੱਥਰ
remedy,0.9,0.0,ਉਪਾਅ
greatness,0.9,0.0,ਮਹਾਨਤਾ
effusiveness,0.9,0.0,ਪ੍ਰਭਾਵ
cool,0.9,0.0,ਠੰਡਾ
raptureously,0.9,0.0,ਅਨੰਦ ਨਾਲ
bolster,0.9,0.0,ਬੋਲਟਰ
erudite,0.9,0.0,ਬੇਵਕੂਫ
smoothest,0.9,0.0,ਮੁਸਕਰਾਇਆ
examplar,0.9,0.0,ਪੇਸ਼ਕਾਰੀ
exciting,0.9,0.0,ਰੋਮਾਂਚਕ
apotheosis,0.9,0.0,ਅਪਥੋਸਿਸ
convenience,0.9,0.0,ਸਹੂਲਤ
impeccably,0.9,0.0,ਨਿਰਦੋਸ਼
kindliness,0.9,0.0,ਦਿਆਲਤਾ
recover,0.9,0.0,ਮੁੜ ਪ੍ਰਾਪਤ ਕਰੋ
standout,0.9,0.0,ਬਾਹਰ ਖੜੇ ਹੋ ਜਾਓ
halcyon,0.9,0.0,halcyon
satisfactorily,0.9,0.0,ਸੰਤੁਸ਼ਟੀ ਨਾਲ
worth-while,0.9,0.0,ਕੀਮਤੀ-ਜਦਕਿ
well-being,0.9,0.0,ਤੰਦਰੁਸਤੀ
thrill,0.9,0.0,ਰੋਮਾਂਚ
rightly,0.9,0.0,ਸਹੀ
entrancing,0.9,0.0,ਪ੍ਰਵੇਸ਼
victory,0.9,0.0,ਜਿੱਤ
survivor,0.9,0.0,ਬਚਿਆ ਹੋਇਆ
dreamland,0.9,0.0,ਸੁਪਨੇ ਦੀ ਧਰਤੀ
renaissance,0.9,0.0,ਪੁਨਰ ਜਨਮ
radiant,0.9,0.0,ਚਮਕਦਾਰ
delicacy,0.9,0.0,ਕੋਮਲਤਾ
innocuous,0.9,0.0,ਨਿਰਦੋਸ਼
enthral,0.9,0.0,ਪੂਰੇ
comfort,0.9,0.0,ਆਰਾਮ
sexy,0.9,0.0,ਸੈਕਸੀ
champion,0.9,0.0,ਜੇਤੂ
amazes,0.9,0.0,ਹੈਰਾਨ
enough,0.9,0.0,ਕਾਫ਼ੀ
effusively,0.9,0.0,ਪ੍ਰਭਾਵਸ਼ਾਲੀ .ੰਗ ਨਾਲ
unquestionably,0.9,0.0,ਬਿਨਾਂ ਸ਼ੱਕ
regally,0.9,0.0,ਸਚਮੁਚ
tough,0.9,0.0,ਸਖ਼ਤ
terrific,0.9,0.0,ਭਿਆਨਕ
envious,0.9,0.0,ਈਰਖਾ
soothe,0.9,0.0,ਸ਼ਾਂਤ ਕਰੋ
astound,0.9,0.0,ਹੈਰਾਨ
pleasingly,0.9,0.0,ਪ੍ਰਸੰਨਤਾ ਨਾਲ
agreeableness,0.9,0.0,ਸਹਿਮਤੀ
marveled,0.9,0.0,ਹੈਰਾਨ
assuredly,0.9,0.0,ਯਕੀਨਨ
chivalry,0.9,0.0,ਦਲੇਰਾਨਾ
pleasurably,0.9,0.0,ਖੁਸ਼ੀ ਨਾਲ
hug,0.9,0.0,ਜੱਫੀ
sincere,0.9,0.0,ਸੁਹਿਰਦ
affectation,0.9,0.0,ਅਸਾਈਨਮੈਂਟ
exquisitely,0.9,0.0,ਅਨੰਦ ਨਾਲ
amaze,0.9,0.0,ਹੈਰਾਨ
fortuitous,0.9,0.0,ਕਿਸਮਤ ਵਾਲਾ
god-given,0.9,0.0,ਰੱਬ ਨੇ ਦਿੱਤਾ
shiny,0.9,0.0,ਚਮਕਦਾਰ
tolerable,0.9,0.0,ਸਹਿਣਸ਼ੀਲ
stunning,0.9,0.0,ਹੈਰਾਨਕੁਨ
preeminent,0.9,0.0,ਪ੍ਰਮੁੱਖ
protect,0.9,0.0,ਦੀ ਰੱਖਿਆ
masterpieces,0.9,0.0,ਮਾਸਟਰਪੀਸ
merriness,0.9,0.0,ਅਨੰਦ
sumptuousness,0.9,0.0,ਸ਼ਾਨਦਾਰਤਾ
exellent,0.9,0.0,exellent
defender,0.9,0.0,ਡਿਫੈਂਡਰ
responsibly,0.9,0.0,ਜ਼ਿੰਮੇਵਾਰੀ ਨਾਲ
warmer,0.9,0.0,ਗਰਮ
self-sufficiency,0.9,0.0,ਸਵੈ-ਨਿਰਭਰਤਾ
snazzy,0.9,0.0,ਚੰਬਲ
brighten,0.9,0.0,ਚਮਕਦਾਰ
cleanliness,0.9,0.0,ਸਫਾਈ
saintliness,0.9,0.0,ਪਵਿੱਤਰਤਾ
heartwarming,0.9,0.0,ਦੁਖਦਾਈ
polished,0.9,0.0,ਪਾਲਿਸ਼ ਕੀਤਾ
superiority,0.9,0.0,ਉੱਤਮਤਾ
goodly,0.9,0.0,ਚੰਗਾ
inexpensive,0.9,0.0,ਸਸਤਾ
pluses,0.9,0.0,ਪਲੱਸ
valuable,0.9,0.0,ਕੀਮਤੀ
straightforward,0.9,0.0,ਸਿੱਧਾ
rewardingly,0.9,0.0,ਇਨਾਮ ਨਾਲ
chaste,0.9,0.0,ਪਵਿੱਤਰ
counter-attacks,0.9,0.0,ਜਵਾਬੀ ਹਮਲੇ
posh,0.9,0.0,ਪੋਸ਼
meticulous,0.9,0.0,ਸਾਵਧਾਨ
empower,0.9,0.0,ਸ਼ਕਤੀਕਰਨ
gained,0.9,0.0,ਹਾਸਲ ਕੀਤਾ
modern,0.9,0.0,ਆਧੁਨਿਕ
handy,0.9,0.0,ਸੌਖਾ
heartfelt,0.9,0.0,ਦਿਲੋਂ
encouraging,0.9,0.0,ਹੌਸਲਾ
ecstatic,0.9,0.0,ਅਨੰਦ
creative,0.9,0.0,ਰਚਨਾਤਮਕ
respectfully,0.9,0.0,ਸਤਿਕਾਰ ਨਾਲ
avid,0.9,0.0,ਐਵੀਡ
legendary,0.9,0.0,ਮਹਾਨ
veritable,0.9,0.0,ਜਾਇਜ਼
exceeded,0.9,0.0,ਵੱਧ ਗਿਆ
supple,0.9,0.0,ਕੋਮਲ
tremendously,0.9,0.0,ਬਹੁਤ
cherub,0.9,0.0,ਕਰੂਬੀ
winners,0.9,0.0,ਜੇਤੂ
rockstars,0.9,0.0,ਰੌਕਸਟਾਰਸ
serenity,0.9,0.0,ਸਹਿਜਤਾ
profound,0.9,0.0,ਡੂੰਘਾ
light-hearted,0.9,0.0,ਹਲਕਾ ਦਿਲ ਵਾਲਾ
enthusiastic,0.9,0.0,ਉਤਸ਼ਾਹੀ
joyous,0.9,0.0,ਅਨੰਦ
recommendations,0.9,0.0,ਸਿਫਾਰਸ਼ਾਂ
consistent,0.9,0.0,ਇਕਸਾਰ
exaltation,0.9,0.0,ਵਡਿਆਈ
sweetness,0.9,0.0,ਮਿਠਾਸ
winning,0.9,0.0,ਜਿੱਤ
peps,0.9,0.0,ਪੀਪਸ
razor-sharp,0.9,0.0,ਰੇਜ਼ਰ-ਤਿੱਖੀ
boom,0.9,0.0,ਬੂਮ
enticed,0.9,0.0,ਭਰਮਾਇਆ
revolutionary,0.9,0.0,ਇਨਕਲਾਬੀ
wonderful,0.9,0.0,ਸ਼ਾਨਦਾਰ
cure,0.9,0.0,ਇਲਾਜ
devout,0.9,0.0,ਧਰਮੀ
diligence,0.9,0.0,ਮਿਹਨਤ
worthiness,0.9,0.0,ਯੋਗਤਾ
twinkly,0.9,0.0,ਪਲਕ
cheaper,0.9,0.0,ਸਸਤਾ
exceled,0.9,0.0,ਉੱਚਾ
abound,0.9,0.0,ਭਰਪੂਰ
opulent,0.9,0.0,ਖੁਸ਼ਹਾਲ
wealthy,0.9,0.0,ਅਮੀਰ
blossom,0.9,0.0,ਖਿੜ
optimism,0.9,0.0,ਆਸ਼ਾਵਾਦੀ
gladness,0.9,0.0,ਖੁਸ਼ੀ
roomier,0.9,0.0,ਕਮਰਾ
saintly,0.9,0.0,ਸੰਤ
favored,0.9,0.0,ਪੱਖਪਾਤ
lovable,0.9,0.0,ਪਿਆਰੇ
unforgettable,0.9,0.0,ਨਾ ਭੁੱਲਣਯੋਗ
outshine,0.9,0.0,ਬਾਹਰੀ
restructuring,0.9,0.0,ਪੁਨਰਗਠਨ
prominent,0.9,0.0,ਪ੍ਰਮੁੱਖ
altruistically,0.9,0.0,ਪਰਉਪਕਾਰੀ
simpler,0.9,0.0,ਸਰਲ
cute,0.9,0.0,ਪਿਆਰਾ
well-run,0.9,0.0,ਚੰਗੀ ਤਰ੍ਹਾਂ ਚੱਲਦਾ ਹੈ
bountiful,0.9,0.0,ਲਾਭਕਾਰੀ
speedily,0.9,0.0,ਤੇਜ਼ੀ ਨਾਲ
commendable,0.9,0.0,ਸ਼ਲਾਘਾਯੋਗ
restful,0.9,0.0,ਸ਼ਾਂਤ
captivating,0.9,0.0,ਮਨਮੋਹਕ
lovably,0.9,0.0,ਪਿਆਰੇ
energetic,0.9,0.0,enerਰਜਾਵਾਨ
freedoms,0.9,0.0,ਸੁਤੰਤਰਤਾ
sleek,0.9,0.0,ਪਤਲਾ
lawful,0.9,0.0,ਕਾਨੂੰਨੀ
crisp,0.9,0.0,ਕਰਿਸਪ
foolproof,0.9,0.0,ਮੂਰਖ
truthfully,0.9,0.0,ਸੱਚਾਈ ਨਾਲ
sparkling,0.9,0.0,ਚਮਕਦਾਰ
beckoned,0.9,0.0,ਇਸ਼ਾਰਾ ਕੀਤਾ
resilient,0.9,0.0,ਲਚਕੀਲਾ
faithful,0.9,0.0,ਵਫ਼ਾਦਾਰ
rejoicing,0.9,0.0,ਅਨੰਦ
helping,0.9,0.0,ਮਦਦ
dazzling,0.9,0.0,ਚਮਕਦਾਰ
capability,0.9,0.0,ਸਮਰੱਥਾ
affluent,0.9,0.0,ਅਮੀਰ
exceed,0.9,0.0,ਵੱਧ
hero,0.9,0.0,ਹੀਰੋ
steadfast,0.9,0.0,ਅਡੋਲ
a+,0.9,0.0,ਏ +
irreproachable,0.9,0.0,ਨਾ ਪੂਰਾ ਹੋਣ ਯੋਗ
sociable,0.9,0.0,ਮੇਲ ਖਾਂਦਾ
plusses,0.9,0.0,ਪਲੱਸ
praiseworthy,0.9,0.0,ਪ੍ਰਸੰਸਾਯੋਗ
self-satisfaction,0.9,0.0,ਸਵੈ-ਸੰਤੁਸ਼ਟੀ
likable,0.9,0.0,ਪਸੰਦ
rightfully,0.9,0.0,ਸਹੀ
wins,0.9,0.0,ਜਿੱਤੇ
refined,0.9,0.0,ਸੁਧਾਰੀ
charitable,0.9,0.0,ਦਾਨੀ
poise,0.9,0.0,ਸ਼ਾਂਤ
gooood,0.9,0.0,ਗੂਡ
agreeable,0.9,0.0,ਸਹਿਮਤ
dexterous,0.9,0.0,ਨਿਪੁੰਨ
well-established,0.9,0.0,ਚੰਗੀ ਤਰ੍ਹਾਂ ਸਥਾਪਿਤ
amiable,0.9,0.0,ਸੁਖੀ
brisk,0.9,0.0,ਤੇਜ਼
sincerity,0.9,0.0,ਇਮਾਨਦਾਰੀ
beauty,0.9,0.0,ਸੁੰਦਰਤਾ
advocates,0.9,0.0,ਵਕੀਲ
concise,0.9,0.0,ਸੰਖੇਪ
prudently,0.9,0.0,ਸਮਝਦਾਰੀ ਨਾਲ
revelation,0.9,0.0,ਪਰਕਾਸ਼ ਦੀ ਪੋਥੀ
ultra-crisp,0.9,0.0,ਅਤਿ-ਕਰਿਸਪ
revitalize,0.9,0.0,ਦੁਬਾਰਾ ਜੀਉਂਦਾ ਕਰੋ
talent,0.9,0.0,ਪ੍ਰਤਿਭਾ
wondrous,0.9,0.0,ਹੈਰਾਨੀਜਨਕ
helpful,0.9,0.0,ਮਦਦਗਾਰ
fervor,0.9,0.0,ਜੋਸ਼
swankier,0.9,0.0,swankier
graceful,0.9,0.0,ਮਿਹਰਬਾਨ
trustingly,0.9,0.0,ਭਰੋਸੇ ਨਾਲ
extraordinarily,0.9,0.0,ਅਸਾਧਾਰਣ
deginified,0.9,0.0,deginified
attractive,0.9,0.0,ਆਕਰਸ਼ਕ
powerful,0.9,0.0,ਸ਼ਕਤੀਸ਼ਾਲੀ
stimulating,0.9,0.0,ਉਤੇਜਕ
empathy,0.9,0.0,ਹਮਦਰਦੀ
suitable,0.9,0.0,.ੁਕਵਾਂ
eye-catch,0.9,0.0,ਅੱਖ-ਫੜ
tempt,0.9,0.0,ਪਰਤਾਇਆ
auspicious,0.9,0.0,ਸ਼ੁਭ
enthralled,0.9,0.0,ਭਰਮਾਇਆ
triumphantly,0.9,0.0,ਜਿੱਤ ਨਾਲ
beneficent,0.9,0.0,ਲਾਭਪਾਤਰੀ
good,0.9,0.0,ਚੰਗਾ
exceptionally,0.9,0.0,ਅਸਧਾਰਨ ਤੌਰ ਤੇ
dexterously,0.9,0.0,ਸਖਤੀ ਨਾਲ
survival,0.9,0.0,ਬਚਾਅ
maturely,0.9,0.0,ਸਿਆਣੇ
impartiality,0.9,0.0,ਨਿਰਪੱਖਤਾ
relief,0.9,0.0,ਰਾਹਤ
earnestness,0.9,0.0,ਉਤਸੁਕਤਾ
trusted,0.9,0.0,ਭਰੋਸੇਯੋਗ
peacekeepers,0.9,0.0,ਸ਼ਾਂਤੀ ਰੱਖਿਅਕ
endorsed,0.9,0.0,ਸਮਰਥਨ
diligently,0.9,0.0,ਲਗਨ ਨਾਲ
accomplished,0.9,0.0,ਪੂਰਾ ਕੀਤਾ
entertain,0.9,0.0,ਮਨੋਰੰਜਨ
tougher,0.9,0.0,ਕਠੋਰ
reforms,0.9,0.0,ਸੁਧਾਰ
wellbeing,0.9,0.0,ਤੰਦਰੁਸਤੀ
guiltless,0.9,0.0,ਨਿਰਦੋਸ਼
stimulative,0.9,0.0,ਉਤੇਜਕ
flawless,0.9,0.0,ਨਿਰਦੋਸ਼
spacious,0.9,0.0,ਵਿਸ਼ਾਲ
gracefully,0.9,0.0,ਕਿਰਪਾ ਨਾਲ
surmount,0.9,0.0,surmount
poetic,0.9,0.0,ਕਾਵਿਕ
reaffirm,0.9,0.0,ਪੁਸ਼ਟੀ
productive,0.9,0.0,ਲਾਭਕਾਰੀ
advantageously,0.9,0.0,ਫਾਇਦਾ
better,0.9,0.0,ਬਿਹਤਰ
temptingly,0.9,0.0,ਪਰਤਾਵੇ ਨਾਲ
passionately,0.9,0.0,ਜੋਸ਼ ਨਾਲ
rational,0.9,0.0,ਤਰਕਸ਼ੀਲ
breathtakingly,0.9,0.0,ਸਾਹ ਨਾਲ
unquestionable,0.9,0.0,ਬਿਨਾਂ ਸ਼ੱਕ
fashionable,0.9,0.0,ਫੈਸ਼ਨਯੋਗ
uplift,0.9,0.0,ਉਤਸ਼ਾਹ
sharpest,0.9,0.0,ਤਿੱਖਾ
charming,0.9,0.0,ਮਨਮੋਹਕ
agile,0.9,0.0,ਚੁਸਤ
elated,0.9,0.0,ਖੁਸ਼
enrichment,0.9,0.0,ਸੋਧ
considerate,0.9,0.0,ਮੰਨਿਆ
cleverly,0.9,0.0,ਚਲਾਕੀ ਨਾਲ
prefer,0.9,0.0,ਨੂੰ ਤਰਜੀਹ
privilege,0.9,0.0,ਅਧਿਕਾਰ
astounded,0.9,0.0,ਹੈਰਾਨ
trophy,0.9,0.0,ਟਰਾਫੀ
exceeds,0.9,0.0,ਵੱਧ ਗਿਆ
cheery,0.9,0.0,ਖੁਸ਼ੀ
acclaimed,0.9,0.0,ਪ੍ਰਸ਼ੰਸਾਯੋਗ
geekier,0.9,0.0,geekier
charm,0.9,0.0,ਸੁਹਜ
smiling,0.9,0.0,ਮੁਸਕਰਾਉਂਦੇ ਹੋਏ
glitter,0.9,0.0,ਚਮਕ
admiring,0.9,0.0,ਤਾਰੀਫ਼
invaluable,0.9,0.0,ਅਨਮੋਲ
magic,0.9,0.0,ਜਾਦੂ
fastest-growing,0.9,0.0,ਤੇਜ਼ੀ ਨਾਲ ਵੱਧ ਰਹੀ
easier,0.9,0.0,ਸੁਖੱਲਾ
revive,0.9,0.0,ਮੁੜ ਸੁਰਜੀਤ
commend,0.9,0.0,ਤਾਰੀਫ ਕਰੋ
prodigy,0.9,0.0,ਉਕਸਾਉਣਾ
fearless,0.9,0.0,ਨਿਡਰ
convient,0.9,0.0,.ੁਕਵਾਂ
savings,0.9,0.0,ਬਚਤ
appreciates,0.9,0.0,ਕਦਰ ਕਰਦਾ ਹੈ
hardier,0.9,0.0,ਸਖਤ
zippy,0.9,0.0,ਜ਼ਿੱਪੀ
ebullient,0.9,0.0,ਉਤਸੁਕ
examplary,0.9,0.0,ਪੇਸ਼ਕਾਰੀ
prolific,0.9,0.0,ਲਾਭਕਾਰੀ
gallantly,0.9,0.0,ਬਹਾਦਰੀ ਨਾਲ
manageable,0.9,0.0,ਪ੍ਰਬੰਧਨਯੋਗ
protective,0.9,0.0,ਸੁਰੱਖਿਆ
politeness,0.9,0.0,ਸ਼ਿਸ਼ਟਤਾ
optimistic,0.9,0.0,ਆਸ਼ਾਵਾਦੀ
sane,0.9,0.0,ਸਮਝਦਾਰ
fortunate,0.9,0.0,ਕਿਸਮਤ ਵਾਲਾ
doubtless,0.9,0.0,ਬਿਨਾਂ ਸ਼ੱਕ
conscientious,0.9,0.0,ਨੇਕ
invincible,0.9,0.0,ਅਜਿੱਤ
restructured,0.9,0.0,ਪੁਨਰਗਠਨ
fiery,0.9,0.0,ਅਗਨੀ
irresistibly,0.9,0.0,ਬੇਤੁਕੀ
welcome,0.9,0.0,ਸਵਾਗਤ ਹੈ
smilingly,0.9,0.0,ਮੁਸਕਰਾਉਂਦੇ ਹੋਏ
rapture,0.9,0.0,ਅਨੰਦ
tantalizing,0.9,0.0,ਟੈਂਟਲਾਈਜ਼ਿੰਗ
inspiring,0.9,0.0,ਪ੍ਰੇਰਣਾਦਾਇਕ
luminous,0.9,0.0,ਚਮਕਦਾਰ
luck,0.9,0.0,ਕਿਸਮਤ
efficiently,0.9,0.0,ਕੁਸ਼ਲਤਾ ਨਾਲ
recomend,0.9,0.0,ਵਾਪਸੀ
beneficial,0.9,0.0,ਲਾਭਕਾਰੀ
spontaneous,0.9,0.0,ਆਪੇ ਹੀ
feasible,0.9,0.0,ਸੰਭਵ
cheer,0.9,0.0,ਖੁਸ਼
strong,0.9,0.0,ਮਜ਼ਬੂਤ
variety,0.9,0.0,ਕਿਸਮ
prudence,0.9,0.0,ਸਾਵਧਾਨੀ
romantic,0.9,0.0,ਰੋਮਾਂਟਿਕ
marvel,0.9,0.0,ਹੈਰਾਨ
upgradable,0.9,0.0,ਅਪਗਰੇਡੇਬਲ
likes,0.9,0.0,ਪਸੰਦ ਹੈ
cooperative,0.9,0.0,ਸਹਿਕਾਰੀ
idolized,0.9,0.0,ਮੂਰਤੀਮਾਨ
positively,0.9,0.0,ਸਕਾਰਾਤਮਕ
gain,0.9,0.0,ਲਾਭ
eyecatch,0.9,0.0,eyecatch
flatteringly,0.9,0.0,ਚਾਪਲੂਸੀ ਨਾਲ
heroic,0.9,0.0,ਵੀਰ
zest,0.9,0.0,Zest
attentive,0.9,0.0,ਧਿਆਨ ਦੇਣ ਵਾਲਾ
glorify,0.9,0.0,ਮਹਿਮਾ
prosperity,0.9,0.0,ਖੁਸ਼ਹਾਲੀ
smoothly,0.9,0.0,ਨਿਰਵਿਘਨ
authoritative,0.9,0.0,ਅਧਿਕਾਰਤ
meticulously,0.9,0.0,ਸਾਵਧਾਨੀ ਨਾਲ
principled,0.9,0.0,ਸਿਧਾਂਤਕ
dignify,0.9,0.0,ਮਾਣ
eyecatching,0.9,0.0,eyecatching
excelent,0.9,0.0,ਸ਼ਾਨਦਾਰ
vibrantly,0.9,0.0,ਹਵਾ ਨਾਲ
advocated,0.9,0.0,ਵਕਾਲਤ ਕੀਤੀ
desirous,0.9,0.0,ਇੱਛਾਵਾਨ
excite,0.9,0.0,ਉਤੇਜਿਤ
proves,0.9,0.0,ਸਾਬਤ ਕਰਦਾ ਹੈ
trouble-free,0.9,0.0,ਮੁਸੀਬਤ ਮੁਕਤ
exuberant,0.9,0.0,ਖੁਸ਼ਹਾਲ
promised,0.9,0.0,ਵਾਅਦਾ ਕੀਤਾ
noteworthy,0.9,0.0,ਧਿਆਨ ਦੇਣ ਯੋਗ
upliftment,0.9,0.0,ਉੱਨਤੀ
wisdom,0.9,0.0,ਬੁੱਧੀ
judicious,0.9,0.0,ਨਿਰਣਾਇਕ
personages,0.9,0.0,ਅੱਖਰ
blissful,0.9,0.0,ਅਨੰਦ
rosy,0.9,0.0,ਗੁਲਾਬ
stately,0.9,0.0,ਰਾਜਨੀਤਿਕ
fancier,0.9,0.0,fancier
finely,0.9,0.0,ਬਾਰੀਕ
intelligent,0.9,0.0,ਸੂਝਵਾਨ
lush,0.9,0.0,Lush
thoughtfulness,0.9,0.0,ਵਿਚਾਰਸ਼ੀਲਤਾ
feature-rich,0.9,0.0,ਫੀਚਰ-ਅਮੀਰ
rock-stars,0.9,0.0,ਚੱਟਾਨ ਤਾਰੇ
morality,0.9,0.0,ਨੈਤਿਕਤਾ
qualify,0.9,0.0,ਯੋਗ
durable,0.9,0.0,ਟਿਕਾurable
realizable,0.9,0.0,ਅਹਿਸਾਸ ਕਰਨ ਯੋਗ
glistening,0.9,0.0,ਚਮਕਦਾਰ
upscale,0.9,0.0,upscale
well-regarded,0.9,0.0,ਚੰਗੀ ਤਰ੍ਹਾਂ ਸਮਝਿਆ ਜਾਂਦਾ ਹੈ
fantastically,0.9,0.0,ਸ਼ਾਨਦਾਰ
thinner,0.9,0.0,ਪਤਲਾ
lead,0.9,0.0,ਅਗਵਾਈ
profuse,0.9,0.0,ਫਾਇਦਾ
jaw-droping,0.9,0.0,ਜਬਾੜੇ-ਸੁੱਟਣ
reliably,0.9,0.0,ਭਰੋਸੇ ਨਾਲ
clarity,0.9,0.0,ਸਪਸ਼ਟਤਾ
award,0.9,0.0,ਪੁਰਸਕਾਰ
relish,0.9,0.0,ਸਵਾਦ
wonderously,0.9,0.0,ਹੈਰਾਨੀ ਨਾਲ
faithfulness,0.9,0.0,ਵਫ਼ਾਦਾਰੀ
invigorating,0.9,0.0,ਜੋਸ਼ ਵਿੱਚ
believeable,0.9,0.0,ਵਿਸ਼ਵਾਸਯੋਗ
breakthrough,0.9,0.0,ਸਫਲਤਾ
master,0.9,0.0,ਮਾਸਟਰ
boost,0.9,0.0,ਨੂੰ ਉਤਸ਼ਾਹਤ
flutter,0.9,0.0,ਫੜਕਾਓ
illuminati,0.9,0.0,ਰੋਸ਼ਨੀ
dominated,0.9,0.0,ਹਾਵੀ
inviolable,0.9,0.0,ਅਜਿੱਤ
delightfully,0.9,0.0,ਖੁਸ਼ੀ ਨਾਲ
ethical,0.9,0.0,ਨੈਤਿਕ
precious,0.9,0.0,ਕੀਮਤੀ
dazzled,0.9,0.0,ਹੈਰਾਨ
fast,0.9,0.0,ਤੇਜ਼
tantalize,0.9,0.0,tantalize
respect,0.9,0.0,ਸਤਿਕਾਰ
reputation,0.9,0.0,ਵੱਕਾਰ
precise,0.9,0.0,ਸਹੀ
credence,0.9,0.0,ਭਰੋਸੇਯੋਗਤਾ
divinely,0.9,0.0,ਬ੍ਰਹਮ
benefits,0.9,0.0,ਲਾਭ
eye-catching,0.9,0.0,ਅੱਖ ਖਿੱਚਣ ਵਾਲਾ
adventuresome,0.9,0.0,ਸਾਹਸੀ
impressive,0.9,0.0,ਪ੍ਰਭਾਵਸ਼ਾਲੀ
facilitate,0.9,0.0,ਸਹੂਲਤ
well,0.9,0.0,ਖੈਰ
immense,0.9,0.0,ਬੇਅੰਤ
inestimably,0.9,0.0,insertmably
well-connected,0.9,0.0,ਚੰਗੀ ਤਰ੍ਹਾਂ ਜੁੜਿਆ
convenient,0.9,0.0,ਸੁਵਿਧਾਜਨਕ
solidarity,0.9,0.0,ਏਕਤਾ
affirmation,0.9,0.0,ਪੁਸ਼ਟੀ
hospitable,0.9,0.0,ਪਰਾਹੁਣਚਾਰੀ
commendably,0.9,0.0,ਸ਼ਲਾਘਾਯੋਗ
exemplary,0.9,0.0,ਮਿਸਾਲੀ
thumb-up,0.9,0.0,ਅੰਗੂਠਾ
thrifty,0.9,0.0,ਤ੍ਰਿਪਤੀ
patience,0.9,0.0,ਸਬਰ
pep,0.9,0.0,ਪੇਪ
defeat,0.9,0.0,ਹਾਰ
trustworthy,0.9,0.0,ਭਰੋਸੇਯੋਗ
affability,0.9,0.0,ਯੋਗਤਾ
prosper,0.9,0.0,ਖੁਸ਼ਹਾਲੀ
sharp,0.9,0.0,ਤਿੱਖੀ
traction,0.9,0.0,ਟ੍ਰੈਕਸ਼ਨ
elevate,0.9,0.0,ਉੱਚਾ ਕਰੋ
festive,0.9,0.0,ਤਿਉਹਾਰ
superbly,0.9,0.0,ਸ਼ਾਨਦਾਰ
upgraded,0.9,0.0,ਅਪਗ੍ਰੇਡ ਕੀਤਾ ਗਿਆ
glamorous,0.9,0.0,ਗਲੈਮਰਸ
lively,0.9,0.0,ਜੀਵੰਤ
peerless,0.9,0.0,ਨਿਰਮਲ
bliss,0.9,0.0,ਅਨੰਦ
revere,0.9,0.0,ਸਤਿਕਾਰ
affectionate,0.9,0.0,ਪਿਆਰ
brilliant,0.9,0.0,ਹੁਸ਼ਿਆਰ
shine,0.9,0.0,ਚਮਕ
idolize,0.9,0.0,ਬੁੱਤ ਬਣਾਉਣਾ
self-respect,0.9,0.0,ਸਵੈ-ਮਾਣ
suffice,0.9,0.0,ਕਾਫ਼ੀ
exhilaration,0.9,0.0,ਉਤਸ਼ਾਹ
fancy,0.9,0.0,ਕਲਪਨਾ
purposeful,0.9,0.0,ਉਦੇਸ਼ਪੂਰਨ
wow,0.9,0.0,ਵਾਹ
diversified,0.9,0.0,ਭਿੰਨ
famous,0.9,0.0,ਮਸ਼ਹੂਰ
assurances,0.9,0.0,ਬੀਮਾ
slammin,0.9,0.0,ਸਲੈਮਿਨ
love,0.9,0.0,ਪਿਆਰ
unlimited,0.9,0.0,ਬੇਅੰਤ
benefactor,0.9,0.0,ਦਾਨੀ
navigable,0.9,0.0,ਨੇਵੀ
satisfied,0.9,0.0,ਸੰਤੁਸ਼ਟ
gush,0.9,0.0,ਗਸ਼
delightfulness,0.9,0.0,ਅਨੰਦ
fascinatingly,0.9,0.0,ਦਿਲਚਸਪ
leads,0.9,0.0,ਅਗਵਾਈ ਕਰਦਾ ਹੈ
expeditiously,0.9,0.0,ਤੇਜ਼ੀ ਨਾਲ
humour,0.9,0.0,ਹਾਸੇ
reputable,0.9,0.0,ਨਾਮਵਰ
shimmeringly,0.9,0.0,ਕੰਬਣੀ
genius,0.9,0.0,ਪ੍ਰਤੀਭਾ
streamlined,0.9,0.0,ਸੁਚਾਰੂ
unmatched,0.9,0.0,ਬੇਮੇਲ
boundless,0.9,0.0,ਬੇਅੰਤ
effortlessly,0.9,0.0,ਬਿਨਾਂ ਕੋਸ਼ਿਸ਼ ਦੇ
lyrical,0.9,0.0,ਕਵਿਤਾ
reconciliation,0.9,0.0,ਸੁਲ੍ਹਾ
proper,0.9,0.0,ਸਹੀ
amuse,0.9,0.0,ਖੁਸ਼
infallible,0.9,0.0,ਅਚਾਨਕ
immaculately,0.9,0.0,ਨਿਰਮਲ
spellbindingly,0.9,0.0,ਸ਼ਬਦ ਜੋੜ ਕੇ
cohesive,0.9,0.0,ਇਕਸਾਰ
sweet,0.9,0.0,ਮਿੱਠਾ
dominates,0.9,0.0,ਹਾਵੀ ਹੈ
exceptional,0.9,0.0,ਬੇਮਿਸਾਲ
productively,0.9,0.0,ਲਾਭਕਾਰੀ
successes,0.9,0.0,ਸਫਲਤਾ
pampered,0.9,0.0,ਲੰਗੜੇ
beneficiary,0.9,0.0,ਲਾਭਪਾਤਰੀ
supreme,0.9,0.0,ਸਰਵਉੱਚ
foresight,0.9,0.0,ਦੂਰਦਰਸ਼ਤਾ
pleasantly,0.9,0.0,ਖੁਸ਼ੀ ਨਾਲ
conciliatory,0.9,0.0,ਮਿਲਾਪ
endorsement,0.9,0.0,ਸਮਰਥਨ
outperforming,0.9,0.0,ਬਾਹਰੀ
assure,0.9,0.0,ਭਰੋਸਾ
mighty,0.9,0.0,ਸ਼ਕਤੀਸ਼ਾਲੀ
deserving,0.9,0.0,ਲਾਇਕ
colorful,0.9,0.0,ਰੰਗੀਨ
enjoys,0.9,0.0,ਅਨੰਦ ਲੈਂਦਾ ਹੈ
sustainability,0.9,0.0,ਟਿਕਾabilityਤਾ
everlasting,0.9,0.0,ਸਦੀਵੀ
mesmerized,0.9,0.0,ਮਨੋਰੰਜਨ
praise,0.9,0.0,ਪ੍ਰਸੰਸਾ
togetherness,0.9,0.0,ਇਕੱਠੇ ਹੋਣਾ
delight,0.9,0.0,ਅਨੰਦ
vigilance,0.9,0.0,ਚੌਕਸੀ
adjustable,0.9,0.0,ਵਿਵਸਥਤ
extraordinary,0.9,0.0,ਅਸਾਧਾਰਣ
memorable,0.9,0.0,ਯਾਦਗਾਰੀ
enlightenment,0.9,0.0,ਗਿਆਨ
swiftness,0.9,0.0,ਤੇਜ਼
enchanted,0.9,0.0,ਜਾਦੂ
acumen,0.9,0.0,ਅਕਲ
unabashedly,0.9,0.0,ਬੇਵੱਸ
fresher,0.9,0.0,ਤਾਜ਼ਾ
joyously,0.9,0.0,ਖੁਸ਼ੀ ਨਾਲ
adroit,0.9,0.0,ਕੁਸ਼ਲ
receptive,0.9,0.0,ਗ੍ਰਹਿਣਸ਼ੀਲ
calming,0.9,0.0,ਸ਼ਾਂਤ
gallant,0.9,0.0,ਬਹਾਦਰੀ
renowned,0.9,0.0,ਮਸ਼ਹੂਰ
fervent,0.9,0.0,ਉਤਸ਼ਾਹੀ
painless,0.9,0.0,ਦਰਦ ਰਹਿਤ
rapport,0.9,0.0,ਰਿਪੋਰਟ
expansive,0.9,0.0,ਫੈਲਾਉਣ ਵਾਲਾ
raptureous,0.9,0.0,ਅਨੰਦ
optimal,0.9,0.0,ਅਨੁਕੂਲ
heroize,0.9,0.0,ਹੀਰੋਇਜ਼
thrillingly,0.9,0.0,ਰੋਮਾਂਚ ਨਾਲ
remarkably,0.9,0.0,ਕਮਾਲ ਦੀ
eases,0.9,0.0,ਸੌਖਾ
smart,0.9,0.0,ਚੁਸਤ
amenable,0.9,0.0,ਅਨੁਕੂਲ
dummy-proof,0.9,0.0,ਨਕਲੀ-ਸਬੂਤ
overtook,0.9,0.0,ਵੱਧ ਗਿਆ
astounding,0.9,0.0,ਹੈਰਾਨ ਕਰਨ ਵਾਲਾ
congratulatory,0.9,0.0,ਵਧਾਈ
glowing,0.9,0.0,ਚਮਕਦਾ
simplified,0.9,0.0,ਸਰਲ
honor,0.9,0.0,ਸਨਮਾਨ
detachable,0.9,0.0,ਵੱਖ ਕਰਨ ਯੋਗ
evocative,0.9,0.0,ਭੜਕਾ.
secure,0.9,0.0,ਸੁਰੱਖਿਅਤ
envy,0.9,0.0,ਈਰਖਾ
darling,0.9,0.0,ਪਿਆਰੇ
playful,0.9,0.0,ਖਿਲੰਦੜਾ
wonderous,0.9,0.0,ਹੈਰਾਨੀਜਨਕ
paradise,0.9,0.0,ਫਿਰਦੌਸ
lucid,0.9,0.0,lucid
reachable,0.9,0.0,ਪਹੁੰਚਯੋਗ
gratifies,0.9,0.0,ਭੋਗ
exult,0.9,0.0,ਅਨੰਦ
splendor,0.9,0.0,ਸ਼ਾਨ
outshone,0.9,0.0,ਬਾਹਰੀ
refreshed,0.9,0.0,ਤਾਜ਼ਗੀ
revel,0.9,0.0,ਅਨੰਦ
revolutionize,0.9,0.0,ਇਨਕਲਾਬ
brighter,0.9,0.0,ਚਮਕਦਾਰ
celebratory,0.9,0.0,ਜਸ਼ਨ
crisper,0.9,0.0,ਕਰਿਸਪਰ
consistently,0.9,0.0,ਨਿਰੰਤਰ
encouragement,0.9,0.0,ਹੌਂਸਲਾ ਅਫ਼ਜ਼ਾਈ
workable,0.9,0.0,ਕੰਮ ਕਾਜ
pleasure,0.9,0.0,ਖੁਸ਼ੀ
uphold,0.9,0.0,ਸਮਰਥਨ
decency,0.9,0.0,ਸ਼ਿਸ਼ਟਤਾ
trendy,0.9,0.0,ਟਰੈਡੀ
exaltingly,0.9,0.0,ਉਚੇਚੇ ਤੌਰ ਤੇ
preferable,0.9,0.0,ਤਰਜੀਹੀ
problem-free,0.9,0.0,ਸਮੱਸਿਆ ਤੋਂ ਮੁਕਤ
accurate,0.9,0.0,ਸਹੀ
ingenuously,0.9,0.0,ਹੁਸ਼ਿਆਰੀ ਨਾਲ
jovial,0.9,0.0,ਅਨੰਦ
enthusiastically,0.9,0.0,ਉਤਸ਼ਾਹ ਨਾਲ
positive,0.9,0.0,ਸਕਾਰਾਤਮਕ
dumbfounded,0.9,0.0,ਮੂਰਖ
immaculate,0.9,0.0,ਪਵਿੱਤ੍ਰ
gratefully,0.9,0.0,ਕ੍ਰਿਪਾ ਨਾਲ
pure,0.9,0.0,ਸ਼ੁੱਧ
benevolence,0.9,0.0,ਪਰਉਪਕਾਰੀ
grateful,0.9,0.0,ਧੰਨਵਾਦੀ
magnanimous,0.9,0.0,ਵੱਡਾ
audible,0.9,0.0,ਸੁਣਨਯੋਗ
fantastic,0.9,0.0,ਸ਼ਾਨਦਾਰ
honoring,0.9,0.0,ਸਤਿਕਾਰ ਕਰਨਾ
exhilarate,0.9,0.0,ਖੁਸ਼ ਕਰੋ
savvy,0.9,0.0,ਸਮਝਦਾਰ
well-rounded,0.9,0.0,ਚੰਗੀ ਤਰ੍ਹਾਂ ਗੋਲ
luxuriate,0.9,0.0,ਆਲੀਸ਼ਾਨ
long-lasting,0.9,0.0,ਲੰਬੇ ਸਮੇਂ ਤੱਕ ਚਲਣ ਵਾਲਾ
straighten,0.9,0.0,ਸਿੱਧਾ ਕਰੋ
friendliness,0.9,0.0,ਦੋਸਤੀ
courage,0.9,0.0,ਹਿੰਮਤ
ennoble,0.9,0.0,ennoble
agilely,0.9,0.0,ਫੁਰਤੀ ਨਾਲ
authentic,0.9,0.0,ਪ੍ਰਮਾਣਿਕ
smoother,0.9,0.0,ਨਿਰਵਿਘਨ
miracles,0.9,0.0,ਚਮਤਕਾਰ
destiny,0.9,0.0,ਕਿਸਮਤ
influential,0.9,0.0,ਪ੍ਰਭਾਵਸ਼ਾਲੀ
reconcile,0.9,0.0,ਮਿਲਾਪ
fav,0.9,0.0,fav
enrapture,0.9,0.0,enrapture
eager,0.9,0.0,ਉਤਸੁਕ
entertains,0.9,0.0,ਮਨੋਰੰਜਨ
integral,0.9,0.0,ਅਟੁੱਟ
majesty,0.9,0.0,ਮਹਿਮਾ
comfortably,0.9,0.0,ਆਰਾਮ ਨਾਲ
vouch,0.9,0.0,ਵਾਚ
precisely,0.9,0.0,ਬਿਲਕੁਲ
excitedness,0.9,0.0,ਉਤਸ਼ਾਹ
personalized,0.9,0.0,ਵਿਅਕਤੀਗਤ
faultless,0.9,0.0,ਖਰਾਬੀ
better-than-expected,0.9,0.0,ਉਮੀਦ ਨਾਲੋਂ ਬਿਹਤਰ
faster,0.9,0.0,ਹੋਰ ਤੇਜ਼
trusting,0.9,0.0,ਭਰੋਸੇਯੋਗ
comfortable,0.9,0.0,ਆਰਾਮਦਾਇਕ
respite,0.9,0.0,ਆਰਾਮ
elite,0.9,0.0,ਕੁਲੀਨ
respectful,0.9,0.0,ਸਤਿਕਾਰਯੋਗ
rock-star,0.9,0.0,ਰਾਕ ਸਟਾਰ
stylish,0.9,0.0,ਸਟਾਈਲਿਸ਼
endorses,0.9,0.0,ਸਮਰਥਨ
whooa,0.9,0.0,ਵੂਆ
modest,0.9,0.0,ਨਿਮਰ
gentlest,0.9,0.0,ਕੋਮਲ
swift,0.9,0.0,ਤੇਜ਼
skillful,0.9,0.0,ਕੁਸ਼ਲ
individualized,0.9,0.0,ਵਿਅਕਤੀਗਤ
remunerate,0.9,0.0,ਮਿਹਨਤਾਨਾ
advanced,0.9,0.0,ਉੱਨਤ
contentment,0.9,0.0,ਸੰਤੁਸ਼ਟੀ
feisty,0.9,0.0,feisty
clear,0.9,0.0,ਸਾਫ
problem-solver,0.9,0.0,ਸਮੱਸਿਆ ਨੂੰ ਹੱਲ ਕਰਨ ਵਾਲਾ
cleared,0.9,0.0,ਸਾਫ਼
solace,0.9,0.0,ਦਿਲਾਸਾ
abundance,0.9,0.0,ਬਹੁਤਾਤ
bullish,0.9,0.0,ਗੁੰਡਾਗਰਦੀ
fascinate,0.9,0.0,ਮੋਹ
positives,0.9,0.0,ਸਕਾਰਾਤਮਕ
plentiful,0.9,0.0,ਬਹੁਤ
effusive,0.9,0.0,ਪ੍ਰਭਾਵਸ਼ਾਲੀ
loved,0.9,0.0,ਪਿਆਰ ਕੀਤਾ
entranced,0.9,0.0,ਪ੍ਰਵੇਸ਼ ਕੀਤਾ
gentle,0.9,0.0,ਕੋਮਲ
brilliance,0.9,0.0,ਹੁਸ਼ਿਆਰੀ
stupendously,0.9,0.0,ਬੇਵਕੂਫੀ ਨਾਲ
intelligence,0.9,0.0,ਬੁੱਧੀ
rockstar,0.9,0.0,ਰਾਕ ਸਟਾਰ
proficiently,0.9,0.0,ਨਿਪੁੰਨਤਾ ਨਾਲ
enthuse,0.9,0.0,ਲੁਭਾਓ
luxurious,0.9,0.0,ਆਲੀਸ਼ਾਨ
adaptive,0.9,0.0,ਅਨੁਕੂਲ
complement,0.9,0.0,ਸਹਾਇਕਣ
mercifully,0.9,0.0,ਦਇਆ ਨਾਲ
lean,0.9,0.0,ਚਰਬੀ
intimate,0.9,0.0,ਨਜਦੀਕੀ
beutifully,0.9,0.0,ਸੁੰਦਰਤਾ ਨਾਲ
cleaner,0.9,0.0,ਕਲੀਨਰ
freed,0.9,0.0,ਮੁਕਤ
gratified,0.9,0.0,ਸੰਤੁਸ਼ਟ
ideal,0.9,0.0,ਆਦਰਸ਼
vouchsafe,0.9,0.0,ਵਾਚਸਫੇ
ebulliently,0.9,0.0,ebulliently
redemption,0.9,0.0,ਛੁਟਕਾਰਾ
cherish,0.9,0.0,ਪਾਲਣ ਕਰੋ
whoooa,0.9,0.0,ਵੂਆਓਆ
stunningly,0.9,0.0,ਹੈਰਾਨੀ ਨਾਲ
gladly,0.9,0.0,ਖੁਸ਼ੀ ਨਾਲ
triumphant,0.9,0.0,ਜੇਤੂ
dead-cheap,0.9,0.0,ਮਰੇ-ਸਸਤੇ
illuminate,0.9,0.0,ਰੋਸ਼ਨੀ
promising,0.9,0.0,ਵਾਅਦਾ ਕਰਦਾ
abundant,0.9,0.0,ਭਰਪੂਰ
rejuvenate,0.9,0.0,ਸੁਰਜੀਤ ਕਰਨਾ
righten,0.9,0.0,ਰੋਇਟ
diplomatic,0.9,0.0,ਕੂਟਨੀਤਕ
exhilaratingly,0.9,0.0,ਖੁਸ਼ੀ ਨਾਲ
resound,0.9,0.0,ਗੂੰਜ
glimmer,0.9,0.0,ਚਮਕਦਾਰ
hooray,0.9,0.0,ਹੂਰੇ
faith,0.9,0.0,ਵਿਸ਼ਵਾਸ
foremost,0.9,0.0,ਸਭ ਤੋਂ ਜ਼ਰੂਰੀ
heros,0.9,0.0,ਹੇਰੋਸ
richness,0.9,0.0,ਅਮੀਰੀ
sumptuous,0.9,0.0,ਸ਼ਾਨਦਾਰ
excitedly,0.9,0.0,ਉਤਸ਼ਾਹ ਨਾਲ
adulation,0.9,0.0,ਮਨੋਰੰਜਨ
lavishly,0.9,0.0,ਖੂਬਸੂਰਤ
irresistible,0.9,0.0,ਅਟੱਲ
valiantly,0.9,0.0,ਬਹਾਦਰੀ ਨਾਲ
noiseless,0.9,0.0,ਬੇਵਕੂਫ
record-setting,0.9,0.0,ਰਿਕਾਰਡ-ਸੈਟਿੰਗ
openly,0.9,0.0,ਖੁੱਲ੍ਹ ਕੇ
idyllic,0.9,0.0,ਸੁਹਜ
coolest,0.9,0.0,ਠੰਡਾ
justly,0.9,0.0,ਬਿਲਕੁਲ
clean,0.9,0.0,ਸਾਫ
feat,0.9,0.0,ਕਾਰਨਾਮਾ
excites,0.9,0.0,ਉਤੇਜਿਤ
fond,0.9,0.0,ਪਿਛੋਕੜ
harmony,0.9,0.0,ਸਦਭਾਵਨਾ
recommend,0.9,0.0,ਦੀ ਸਿਫਾਰਸ਼
goodwill,0.9,0.0,ਸਦਭਾਵਨਾ
excellant,0.9,0.0,ਉੱਤਮ
pardon,0.9,0.0,ਮਾਫੀ
richer,0.9,0.0,ਅਮੀਰ
smiles,0.9,0.0,ਮੁਸਕਰਾਇਆ
indulgent,0.9,0.0,ਭੋਗ
suave,0.9,0.0,ਨਰਮ
progressive,0.9,0.0,ਪ੍ਰਗਤੀਸ਼ੀਲ
outsmart,0.9,0.0,ਆਉਟਸਮਾਰਟ
conveniently,0.9,0.0,ਸੁਵਿਧਾਜਨਕ
gratify,0.9,0.0,ਪ੍ਰਸੰਨ
steadfastness,0.9,0.0,ਅਡੋਲਤਾ
rectify,0.9,0.0,ਸੁਧਾਰੇ
pros,0.9,0.0,ਪੇਸ਼ੇ
trump,0.9,0.0,ਟਰੰਪ
exultation,0.9,0.0,ਅਨੰਦ
thrive,0.9,0.0,ਪ੍ਰਫੁੱਲਤ
generously,0.9,0.0,ਖੁੱਲ੍ਹ ਕੇ
nourishment,0.9,0.0,ਪੋਸ਼ਣ
momentous,0.9,0.0,ਮਹੱਤਵਪੂਰਣ
fortitude,0.9,0.0,ਸਬਰ
verifiable,0.9,0.0,ਪ੍ਰਮਾਣਿਤ
supports,0.9,0.0,ਨੂੰ ਸਹਿਯੋਗ ਦਿੰਦਾ ਹੈ
happily,0.9,0.0,ਖੁਸ਼ੀ ਨਾਲ
adoring,0.9,0.0,ਪਿਆਰਾ
stainless,0.9,0.0,ਬੇਦਾਗ
treasure,0.9,0.0,ਖਜ਼ਾਨਾ
endear,0.9,0.0,ਪਿਆਰਾ
enjoying,0.9,0.0,ਅਨੰਦ ਲੈ ਰਿਹਾ ਹੈ
articulate,0.9,0.0,ਬਿਆਨ
beautify,0.9,0.0,ਸੁੰਦਰ ਬਣਾਉਣਾ
palatial,0.9,0.0,ਮਹਲ
win,0.9,0.0,ਜਿੱਤ
sincerely,0.9,0.0,ਇਮਾਨਦਾਰੀ ਨਾਲ
loyalty,0.9,0.0,ਵਫ਼ਾਦਾਰੀ
strikingly,0.9,0.0,ਹੈਰਾਨੀਜਨਕ
rapid,0.9,0.0,ਤੇਜ਼
fortuitously,0.9,0.0,ਖੁਸ਼ਹਾਲੀ ਨਾਲ
recommended,0.9,0.0,ਸਿਫਾਰਸ਼ ਕੀਤੀ
sharper,0.9,0.0,ਤਿੱਖਾ
deft,0.9,0.0,ਕੁਸ਼ਲ
pre-eminent,0.9,0.0,ਪ੍ਰੀ-ਪ੍ਰਮੁੱਖ
reasonable,0.9,0.0,ਵਾਜਬ
nifty,0.9,0.0,ਨਿਫਟੀ
warm,0.9,0.0,ਗਰਮ
counter-attack,0.9,0.0,ਜਵਾਬੀ ਹਮਲੇ
cajole,0.9,0.0,ਕਾਜੋਲ
imaginative,0.9,0.0,ਕਲਪਨਾਵਾਦੀ
thrilling,0.9,0.0,ਰੋਮਾਂਚਕ
issue-free,0.9,0.0,ਮੁੱਦਾ ਮੁਕਤ
adore,0.9,0.0,ਪਿਆਰ ਕਰੋ
improves,0.9,0.0,ਸੁਧਾਰ
wise,0.9,0.0,ਸਿਆਣਾ
defeats,0.9,0.0,ਹਾਰ
smartly,0.9,0.0,ਚਲਾਕ
proactive,0.9,0.0,ਕਿਰਿਆਸ਼ੀਲ
yay,0.9,0.0,ਕਮਾਨ
non-violence,0.9,0.0,ਅਹਿੰਸਾ
majestic,0.9,0.0,ਸ਼ਾਨਦਾਰ
worthwhile,0.9,0.0,ਫ਼ਾਇਦੇਮੰਦ
euphoria,0.9,0.0,ਅਨੰਦ
glow,0.9,0.0,ਗਲੋ
perfection,0.9,0.0,ਸੰਪੂਰਨਤਾ
brightest,0.9,0.0,ਚਮਕਦਾਰ
evenly,0.9,0.0,ਸਮਾਨ
excellent,0.9,0.0,ਸ਼ਾਨਦਾਰ
witty,0.9,0.0,ਵਿਵੇਕ
glitz,0.9,0.0,ਗਲਿਟਜ਼
leverage,0.9,0.0,ਲਾਭ
prospros,0.9,0.0,ਪ੍ਰਾਸਪ੍ਰੋਸ
fame,0.9,0.0,ਪ੍ਰਸਿੱਧੀ
golden,0.9,0.0,ਸੁਨਹਿਰੀ
substantive,0.9,0.0,ਠੋਸ
accurately,0.9,0.0,ਸਹੀ
seasoned,0.9,0.0,ਤਜਰਬੇਕਾਰ
stupendous,0.9,0.0,ਬੇਵਕੂਫਾ
inestimable,0.9,0.0,ਅਨਮੋਲ
propitious,0.9,0.0,ਲਾਭਕਾਰੀ
fashionably,0.9,0.0,ਫੈਸ਼ਨਯੋਗ
regal,0.9,0.0,ਰੈਗੂਲਰ
persevere,0.9,0.0,ਦ੍ਰਿੜ ਰਹੋ
well-informed,0.9,0.0,ਚੰਗੀ ਤਰ੍ਹਾਂ ਜਾਣਕਾਰੀ ਦਿੱਤੀ
intrigue,0.9,0.0,ਸਾਜ਼ਿਸ਼
jubilant,0.9,0.0,ਖੁਸ਼ਹਾਲ
euphorically,0.9,0.0,ਖੁਸ਼ੀ ਨਾਲ
amiability,0.9,0.0,ਦੋਸਤੀ
suavely,0.9,0.0,ਸਵੱਛਤਾ ਨਾਲ
galore,0.9,0.0,ਬਹਾਦਰੀ
sturdy,0.9,0.0,ਮਜ਼ਬੂਤ
transparent,0.9,0.0,ਪਾਰਦਰਸ਼ੀ
undamaged,0.9,0.0,ਬੇਵਜ੍ਹਾ
cohere,0.9,0.0,ਕੋਹੇ
danke,0.9,0.0,ਤੁਹਾਡਾ ਧੰਨਵਾਦ
elatedly,0.9,0.0,ਖੁਸ਼ੀ ਨਾਲ
benifits,0.9,0.0,benifits
achievements,0.9,0.0,ਪ੍ਰਾਪਤੀਆਂ
shimmering,0.9,0.0,ਚਮਕਦਾਰ
preferes,0.9,0.0,ਤਰਜੀਹ ਦਿੱਤੀ
impartial,0.9,0.0,ਨਿਰਪੱਖ
promise,0.9,0.0,ਵਾਅਦਾ
spectacular,0.9,0.0,ਸ਼ਾਨਦਾਰ
efficacious,0.9,0.0,ਪ੍ਰਭਾਵਸ਼ਾਲੀ
passion,0.9,0.0,ਜਨੂੰਨ
enhances,0.9,0.0,ਵਧਾਉਂਦੀ ਹੈ
beckoning,0.9,0.0,ਇਸ਼ਾਰਾ
earnestly,0.9,0.0,ਦਿਲੋਂ
right,0.9,0.0,ਸਹੀ
mightily,0.9,0.0,ਸ਼ਕਤੀ ਨਾਲ
favor,0.9,0.0,ਪੱਖ
ingenious,0.9,0.0,ਹੁਸ਼ਿਆਰ
exuberantly,0.9,0.0,ਉਤਸ਼ਾਹ ਨਾਲ
exuberance,0.9,0.0,ਖੁਸ਼ਹਾਲੀ
magnificence,0.9,0.0,ਸ਼ਾਨ
cleanest,0.9,0.0,ਸਾਫ
gaining,0.9,0.0,ਹਾਸਲ ਕਰਨਾ
fascinating,0.9,0.0,ਦਿਲਚਸਪ
support,0.9,0.0,ਸਹਿਯੋਗ
soothingly,0.9,0.0,ਸ਼ਾਂਤ
flattering,0.9,0.0,ਚਾਪਲੂਸੀ
orderly,0.9,0.0,ਸਹੀ
wonderfully,0.9,0.0,ਹੈਰਾਨੀ ਨਾਲ
equitable,0.9,0.0,ਬਰਾਬਰ
first-class,0.9,0.0,ਬਹੁਤ ਵਧੀਆ
honored,0.9,0.0,ਸਨਮਾਨਿਤ
sparkle,0.9,0.0,ਚਮਕ
adored,0.9,0.0,ਪਿਆਰਾ
ease,0.9,0.0,ਆਰਾਮ
enthrall,0.9,0.0,ਪੂਰੇ
available,0.9,0.0,ਉਪਲੱਬਧ
enliven,0.9,0.0,enliven
impressed,0.9,0.0,ਪ੍ਰਭਾਵਿਤ
supported,0.9,0.0,ਸਹਿਯੋਗੀ
pleasing,0.9,0.0,ਪ੍ਰਸੰਨ
versatile,0.9,0.0,ਪਰਭਾਵੀ
warmly,0.9,0.0,ਨਿੱਘੇ
marvelled,0.9,0.0,ਹੈਰਾਨ
pretty,0.9,0.0,ਸੋਹਣਾ
sprightly,0.9,0.0,ਸਪਸ਼ਟ ਤੌਰ ਤੇ
fascination,0.9,0.0,ਮੋਹ
fave,0.9,0.0,fave
reasonably,0.9,0.0,ਵਾਜਬ
ovation,0.9,0.0,ਓਵੇਸ਼ਨ
speedy,0.9,0.0,ਤੇਜ਼
satisfy,0.9,0.0,ਸੰਤੁਸ਼ਟ
super,0.9,0.0,ਸੁਪਰ
privileged,0.9,0.0,ਅਧਿਕਾਰਤ
jaw-dropping,0.9,0.0,ਜਬਾੜੇ-ਸੁੱਟਣ
better-known,0.9,0.0,ਬਿਹਤਰ-ਜਾਣਿਆ
accomplishments,0.9,0.0,ਪ੍ਰਾਪਤੀਆਂ
breakthroughs,0.9,0.0,ਸਫਲਤਾ
hilarious,0.9,0.0,ਪ੍ਰਸੰਨ
pride,0.9,0.0,ਹੰਕਾਰ
hail,0.9,0.0,ਗੜੇ
gains,0.9,0.0,ਲਾਭ
rectification,0.9,0.0,ਸੁਧਾਰ
kudos,0.9,0.0,ਕੁਡੋਜ਼
like,0.9,0.0,ਪਸੰਦ ਹੈ
masters,0.9,0.0,ਮਾਸਟਰ
appreciable,0.9,0.0,ਪ੍ਰਸੰਸਾਯੋਗ
nicest,0.9,0.0,ਵਧੀਆ
frolic,0.9,0.0,ਠੰਡ
safely,0.9,0.0,ਸੁਰੱਖਿਅਤ .ੰਗ ਨਾਲ
instrumental,0.9,0.0,ਸਾਧਨ
spectacularly,0.9,0.0,ਸ਼ਾਨਦਾਰ
harmless,0.9,0.0,ਨੁਕਸਾਨ ਰਹਿਤ
unity,0.9,0.0,ਏਕਤਾ
fast-paced,0.9,0.0,ਤੇਜ਼ ਰਫਤਾਰ
ecstasy,0.9,0.0,ਅਨੰਦ
enjoy,0.9,0.0,ਅਨੰਦ ਲਓ
enhancement,0.9,0.0,ਵਾਧਾ
assuring,0.9,0.0,ਭਰੋਸਾ ਦੇਣਾ
work,0.9,0.0,ਕੰਮ
edify,0.9,0.0,ਸੋਧੋ
formidable,0.9,0.0,ਸ਼ਕਤੀਸ਼ਾਲੀ
instantly,0.9,0.0,ਤੁਰੰਤ
righteously,0.9,0.0,ਧਰਮੀ
painlessly,0.9,0.0,ਬੇਰਹਿਮੀ ਨਾਲ
comfy,0.9,0.0,ਸੁਖੀ
fervidly,0.9,0.0,ਬੇਵਕੂਫ ਨਾਲ
approval,0.9,0.0,ਪ੍ਰਵਾਨਗੀ
fertile,0.9,0.0,ਉਪਜਾ
easygoing,0.9,0.0,ਆਰਾਮ ਨਾਲ
admiration,0.9,0.0,ਪ੍ਰਸ਼ੰਸਾ
reward,0.9,0.0,ਇਨਾਮ
promoter,0.9,0.0,ਪ੍ਰਮੋਟਰ
responsive,0.9,0.0,ਜਵਾਬਦੇਹ
rapt,0.9,0.0,rapt
wowing,0.9,0.0,ਬੁਣਾਈ
promptly,0.9,0.0,ਤੁਰੰਤ
awestruck,0.9,0.0,ਡਰਾਉਣਾ
joyful,0.9,0.0,ਅਨੰਦ
dominate,0.9,0.0,ਹਾਵੀ
capably,0.9,0.0,ਸਮਰੱਥਾ ਨਾਲ
virtue,0.9,0.0,ਨੇਕੀ
prompt,0.9,0.0,ਪ੍ਰੋਂਪਟ
willingly,0.9,0.0,ਖ਼ੁਸ਼ੀ ਨਾਲ
magical,0.9,0.0,ਜਾਦੂਈ
famed,0.9,0.0,ਮਸ਼ਹੂਰ
angel,0.9,0.0,ਦੂਤ
masterfully,0.9,0.0,ਮਾਹਰ
amazing,0.9,0.0,ਹੈਰਾਨੀਜਨਕ
convincing,0.9,0.0,ਯਕੀਨ
awsome,0.9,0.0,awsome
reforming,0.9,0.0,ਸੁਧਾਰ
clever,0.9,0.0,ਚਲਾਕ
fervently,0.9,0.0,ਉਤਸ਼ਾਹ ਨਾਲ
harmoniously,0.9,0.0,ਸਦਭਾਵਨਾ ਨਾਲ
compact,0.9,0.0,ਸੰਖੇਪ
enterprising,0.9,0.0,ਉੱਦਮਸ਼ੀਲ
intriguing,0.9,0.0,ਦਿਲਚਸਪ
aspire,0.9,0.0,ਇੱਛਾ
elegance,0.9,0.0,ਖੂਬਸੂਰਤੀ
delightful,0.9,0.0,ਆਨੰਦਦਾਇਕ
maneuverable,0.9,0.0,ਅਭਿਆਸਯੋਗ
friendly,0.9,0.0,ਦੋਸਤਾਨਾ
gainfully,0.9,0.0,ਲਾਭਕਾਰੀ
ideally,0.9,0.0,ਆਦਰਸ਼ਕ
complements,0.9,0.0,ਪੂਰਕ
hardy,0.9,0.0,ਕਠੋਰ
unconditional,0.9,0.0,ਬਿਨਾਂ ਸ਼ਰਤ
homage,0.9,0.0,ਮੱਥਾ ਟੇਕਣਾ
talented,0.9,0.0,ਪ੍ਰਤਿਭਾਵਾਨ
stellarly,0.9,0.0,ਖੂਬਸੂਰਤ
futurestic,0.9,0.0,ਭਵਿੱਖਵਾਦੀ
congratulation,0.9,0.0,ਵਧਾਈ
soft,0.9,0.0,ਨਰਮ
glory,0.9,0.0,ਮਹਿਮਾ
encouragingly,0.9,0.0,ਉਤਸ਼ਾਹ ਨਾਲ
stylishly,0.9,0.0,ਅੰਦਾਜ਼ ਨਾਲ
afford,0.9,0.0,ਬਰਦਾਸ਼ਤ
jollify,0.9,0.0,jollify
skill,0.9,0.0,ਹੁਨਰ
reasoned,0.9,0.0,ਤਰਕ
piety,0.9,0.0,ਧਰਮੀ
peaceful,0.9,0.0,ਸ਼ਾਂਤਮਈ
warmhearted,0.9,0.0,ਗਰਮ ਦਿਲ ਨਾਲ
endorsing,0.9,0.0,ਸਮਰਥਨ
impressively,0.9,0.0,ਪ੍ਰਭਾਵਸ਼ਾਲੀ
bravo,0.9,0.0,ਬ੍ਰਾਵੋ
improvement,0.9,0.0,ਸੁਧਾਰ
sumptuously,0.9,0.0,ਬਹੁਤ
pamper,0.9,0.0,ਲਾਹਨਤ
avidly,0.9,0.0,ਹੁਸ਼ਿਆਰੀ ਨਾਲ
profusion,0.9,0.0,ਭਰਮ
tenaciously,0.9,0.0,ਕਠੋਰਤਾ ਨਾਲ
glisten,0.9,0.0,ਚਮਕਦਾਰ
famously,0.9,0.0,ਮਸ਼ਹੂਰ
timely,0.9,0.0,ਸਮੇਂ ਸਿਰ
well-known,0.9,0.0,ਚੰਗੀ ਤਰ੍ਹਾਂ ਜਾਣਿਆ ਜਾਂਦਾ ਹੈ
tranquil,0.9,0.0,ਸ਼ਾਂਤ
carefree,0.9,0.0,ਲਾਪਰਵਾਹ
healthful,0.9,0.0,ਸਿਹਤਮੰਦ
dignified,0.9,0.0,ਮਾਣਯੋਗ
elegant,0.9,0.0,ਸ਼ਾਨਦਾਰ
easy,0.9,0.0,ਆਸਾਨ
excitingly,0.9,0.0,ਉਤਸ਼ਾਹ ਨਾਲ
well-received,0.9,0.0,ਸਹੀ ਪ੍ਰਾਪਤ ਕੀਤਾ
impressiveness,0.9,0.0,ਪ੍ਰਭਾਵ
simplifies,0.9,0.0,ਸਰਲ ਕਰਦਾ ਹੈ
thrift,0.9,0.0,ਤ੍ਰਿਪਤ
willingness,0.9,0.0,ਇੱਛਾ
virtuous,0.9,0.0,ਨੇਕ
outperforms,0.9,0.0,ਬਾਹਰੀ
adroitly,0.9,0.0,ਅਡੋਲਤਾ ਨਾਲ
believable,0.9,0.0,ਵਿਸ਼ਵਾਸਯੋਗ
ecstasies,0.9,0.0,ਖੁਸ਼ੀ
glimmering,0.9,0.0,ਚਮਕਦਾ
continuity,0.9,0.0,ਨਿਰੰਤਰਤਾ
unaffected,0.9,0.0,ਪ੍ਰਭਾਵਤ
neatest,0.9,0.0,ਨੇਟੇਟ
prefered,0.9,0.0,ਤਰਜੀਹ ਦਿੱਤੀ
attraction,0.9,0.0,ਖਿੱਚ
kindly,0.9,0.0,ਦਿਆਲੂ
breeze,0.9,0.0,ਹਵਾ
amicable,0.9,0.0,ਸੁਖੀ
flatter,0.9,0.0,ਚਾਪਲੂਸੀ
knowledgeable,0.9,0.0,ਜਾਣਕਾਰ
first-in-class,0.9,0.0,ਪਹਿਲੀ ਜਮਾਤ ਵਿਚ
gratifyingly,0.9,0.0,ਕ੍ਰਿਪਾ ਨਾਲ
windfall,0.9,0.0,ਹਵਾ
nicer,0.9,0.0,ਵਧੀਆ
dedicated,0.9,0.0,ਸਮਰਪਿਤ
well-intentioned,0.9,0.0,ਚੰਗੀ ਇਰਾਦੇ ਨਾਲ
autonomous,0.9,0.0,ਖੁਦਮੁਖਤਿਆਰੀ
awed,0.9,0.0,ਘਬਰਾਹਟ
promises,0.9,0.0,ਵਾਅਦੇ
lucrative,0.9,0.0,ਮੁਨਾਫਾ
compassionate,0.9,0.0,ਹਮਦਰਦ
dependably,0.9,0.0,ਨਿਰਭਰ
handsome,0.9,0.0,ਖੂਬਸੂਰਤ
chic,0.9,0.0,ਚਿਕ
excited,0.9,0.0,ਉਤਸ਼ਾਹਿਤ
infallibly,0.9,0.0,ਅਚਾਨਕ
proving,0.9,0.0,ਸਾਬਤ ਕਰ ਰਿਹਾ ਹੈ
impresses,0.9,0.0,ਪ੍ਰਭਾਵ
interests,0.9,0.0,ਰੁਚੀਆਂ
enviably,0.9,0.0,ਈਰਖਾ ਨਾਲ
dotingly,0.9,0.0,ਬਿੰਦੀ ਨਾਲ
superior,0.9,0.0,ਉੱਤਮ
pleasurable,0.9,0.0,ਅਨੰਦਮਈ
industrious,0.9,0.0,ਮਿਹਨਤੀ
polite,0.9,0.0,ਸ਼ਿਸ਼ਟ
slick,0.9,0.0,ਚੁਸਤ
compliant,0.9,0.0,ਅਨੁਕੂਲ
smile,0.9,0.0,ਮੁਸਕਾਨ
agreeably,0.9,0.0,ਸਹਿਮਤ
miraculousness,0.9,0.0,ਚਮਤਕਾਰ
works,0.9,0.0,ਕੰਮ ਕਰਦਾ ਹੈ
reverent,0.9,0.0,ਸਤਿਕਾਰਯੋਗ
graciously,0.9,0.0,ਦਇਆ ਨਾਲ
pinnacle,0.9,0.0,ਪਿੰਕ
risk-free,0.9,0.0,ਜੋਖਮ-ਮੁਕਤ
empathize,0.9,0.0,ਹਮਦਰਦੀ
righteous,0.9,0.0,ਧਰਮੀ
subsidize,0.9,0.0,ਸਬਸਿਡੀ
effusion,0.9,0.0,ਪ੍ਰਭਾਵ
unfazed,0.9,0.0,ਬੇਖਬਰ
awarded,0.9,0.0,ਸਨਮਾਨਿਤ ਕੀਤਾ
excelled,0.9,0.0,ਉੱਤਮ
beckon,0.9,0.0,ਇਸ਼ਾਰਾ
well-backlit,0.9,0.0,ਚੰਗੀ-ਬੈਕਲਿਟ
law-abiding,0.9,0.0,ਕਾਨੂੰਨ ਦੀ ਪਾਲਣਾ
eased,0.9,0.0,ਆਰਾਮ
amusingly,0.9,0.0,ਮਨੋਰੰਜਨ ਨਾਲ
sensible,0.9,0.0,ਸਮਝਦਾਰ
impeccable,0.9,0.0,ਨਿਰਬਲ
awesomely,0.9,0.0,ਹੈਰਾਨੀ ਨਾਲ
competitive,0.9,0.0,ਪ੍ਰਤੀਯੋਗੀ
bravery,0.9,0.0,ਬਹਾਦਰੀ
distinction,0.9,0.0,ਅੰਤਰ
sagacity,0.9,0.0,ਸੰਜੋਗ
goood,0.9,0.0,ਗੂਡ
properly,0.9,0.0,ਸਹੀ .ੰਗ ਨਾਲ
bloom,0.9,0.0,ਖਿੜ
freshest,0.9,0.0,ਤਾਜ਼ਾ
richly,0.9,0.0,ਅਮੀਰ ਨਾਲ
well-wishers,0.9,0.0,ਸ਼ੁਭਚਿੰਤਕ
flawlessly,0.9,0.0,ਬਿਨਾਂ ਵਜ੍ਹਾ
quaint,0.9,0.0,ਅਜੀਬ
smartest,0.9,0.0,ਚੁਸਤ
gracious,0.9,0.0,ਦਿਆਲੂ
youthful,0.9,0.0,ਜਵਾਨ
revolutionizes,0.9,0.0,ਇਨਕਲਾਬ
eloquently,0.9,0.0,ਚੁਸਤ
beautiful,0.9,0.0,ਸੁੰਦਰ
feasibly,0.9,0.0,ਸੰਭਾਵਤ ਤੌਰ ਤੇ
relaxed,0.9,0.0,ਆਰਾਮਦਾਇਕ
succes,0.9,0.0,ਸਫਲਤਾ
incredible,0.9,0.0,ਅਵਿਸ਼ਵਾਸ਼ਯੋਗ
recovery,0.9,0.0,ਰਿਕਵਰੀ
wisely,0.9,0.0,ਸਮਝਦਾਰੀ ਨਾਲ
effective,0.9,0.0,ਅਸਰਦਾਰ
merriment,0.9,0.0,ਅਨੰਦ
low-risk,0.9,0.0,ਘੱਟ ਜੋਖਮ
affluence,0.9,0.0,ਅਮੀਰਤਾ
admirable,0.9,0.0,ਪ੍ਰਸੰਸਾਯੋਗ
inpressed,0.9,0.0,ਦਬਾਇਆ
wows,0.9,0.0,ਵੋਹ
refine,0.9,0.0,ਸੁਧਾਰੇ
brave,0.9,0.0,ਬਹਾਦਰ
amity,0.9,0.0,ਅਮਲ
benevolent,0.9,0.0,ਪਰਉਪਕਾਰੀ
securely,0.9,0.0,ਸੁਰੱਖਿਅਤ .ੰਗ ਨਾਲ
improved,0.9,0.0,ਸੁਧਾਰ
desiring,0.9,0.0,ਇੱਛਾ
reform,0.9,0.0,ਸੁਧਾਰ
romantically,0.9,0.0,ਰੋਮਾਂਟਿਕ .ੰਗ ਨਾਲ
sporty,0.9,0.0,ਸਪੋਰਟੀ
reverence,0.9,0.0,ਸਤਿਕਾਰ
invigorate,0.9,0.0,ਜੋਸ਼
outstanding,0.9,0.0,ਬਕਾਇਆ
prefers,0.9,0.0,ਪਸੰਦ
magnificent,0.9,0.0,ਸ਼ਾਨਦਾਰ
outperformed,0.9,0.0,ਬਾਹਰੀ
eminence,0.9,0.0,ਉੱਤਮਤਾ
satisified,0.9,0.0,ਸੰਤੁਸ਼ਟ
enviousness,0.9,0.0,ਈਰਖਾ
overjoyed,0.9,0.0,ਖੁਸ਼
sophisticated,0.9,0.0,ਸੂਝਵਾਨ
extol,0.9,0.0,ਐਕਸਟੋਲ
astonishingly,0.9,0.0,ਹੈਰਾਨੀ ਨਾਲ
world-famous,0.9,0.0,ਵਿਸ਼ਵ ਪ੍ਰਸਿੱਧ
gratitude,0.9,0.0,ਧੰਨਵਾਦ
deservedly,0.9,0.0,ਲਾਇਕ
mesmerizingly,0.9,0.0,ਮਨਮੋਹਕ
unparalleled,0.9,0.0,ਅਨੌਖਾ
gorgeously,0.9,0.0,ਖੂਬਸੂਰਤ
genial,0.9,0.0,ਮਹਾਨ
succeed,0.9,0.0,ਸਫਲ
beautifullly,0.9,0.0,ਸੁੰਦਰਤਾ ਨਾਲ
faithfully,0.9,0.0,ਵਫ਼ਾਦਾਰੀ ਨਾਲ
priceless,0.9,0.0,ਅਨਮੋਲ
exultant,0.9,0.0,ਨਾਚ
thank,0.9,0.0,ਧੰਨਵਾਦ
thumbs-up,0.9,0.0,ਚੜ੍ਹਦੀ ਕਲਾਂ
titillating,0.9,0.0,ਟਾਈਟਲਿੰਗ
preferably,0.9,0.0,ਤਰਜੀਹੀ
wonder,0.9,0.0,ਹੈਰਾਨ
jubilate,0.9,0.0,ਜੁਬਲੇਟ
finest,0.9,0.0,ਵਧੀਆ
recommendation,0.9,0.0,ਸਿਫਾਰਸ਼
astonishing,0.9,0.0,ਹੈਰਾਨ ਕਰਨ ਵਾਲਾ
enrapt,0.9,0.0,ਫੜਨਾ
honesty,0.9,0.0,ਇਮਾਨਦਾਰੀ
luxury,0.9,0.0,ਲਗਜ਼ਰੀ
futuristic,0.9,0.0,ਭਵਿੱਖਵਾਦੀ
important,0.9,0.0,ਮਹੱਤਵਪੂਰਨ
gaily,0.9,0.0,ਗੇਲੀ
smooth,0.9,0.0,ਨਿਰਵਿਘਨ
stronger,0.9,0.0,ਮਜ਼ਬੂਤ
high-spirited,0.9,0.0,ਉੱਚ-ਉਤਸ਼ਾਹੀ
succeeding,0.9,0.0,ਸਫਲ
beloved,0.9,0.0,ਪਿਆਰਾ
beautifully,0.9,0.0,ਸੁੰਦਰਤਾ ਨਾਲ
sustainable,0.9,0.0,ਟਿਕਾable
staunch,0.9,0.0,ਕਠੋਰ
nice,0.9,0.0,ਵਧੀਆ
acclamation,0.9,0.0,ਪ੍ਰਸ਼ੰਸਾ
stellar,0.9,0.0,ਸਟਾਰਰ
favorited,0.9,0.0,ਅਨੁਕੂਲ
zenith,0.9,0.0,ਜ਼ੈਨੀਥ
courteous,0.9,0.0,ਸ਼ਿਸ਼ਟਾਚਾਰੀ
heroically,0.9,0.0,ਬਹਾਦਰੀ ਨਾਲ
lucky,0.9,0.0,ਖੁਸ਼ਕਿਸਮਤ
correctly,0.9,0.0,ਸਹੀ
prudent,0.9,0.0,ਸਮਝਦਾਰ
success,0.9,0.0,ਸਫਲਤਾ
lustrous,0.9,0.0,ਕਮਜ਼ੋਰ
non-violent,0.9,0.0,ਗੈਰ ਹਿੰਸਕ
fervid,0.9,0.0,fervid
gratifying,0.9,0.0,ਸੰਤੁਸ਼ਟ
statuesque,0.9,0.0,ਮੂਰਤੀ
heartening,0.9,0.0,ਦਿਲ ਖਿੱਚਣ ਵਾਲਾ
unequivocally,0.9,0.0,ਨਿਰਵਿਘਨ
brand-new,0.9,0.0,ਬਿਲਕੁਲ ਨਵਾਂ
blockbuster,0.9,0.0,ਬਲਾਕਬਸਟਰ
breathtaking,0.9,0.0,ਸਾਹ ਲੈਣ ਵਾਲਾ
remission,0.9,0.0,ਛੋਟ
heal,0.9,0.0,ਚੰਗਾ
accomodative,0.9,0.0,ਅਨੁਕੂਲ
ebullience,0.9,0.0,ਉਤਸੁਕਤਾ
rightness,0.9,0.0,ਸਹੀ
nobly,0.9,0.0,ਕੋਈ ਵੀ
finer,0.9,0.0,ਵਧੀਆ
gaiety,0.9,0.0,ਗੈਟੀ
eagerly,0.9,0.0,ਉਤਸੁਕਤਾ ਨਾਲ
accessable,0.9,0.0,ਪਹੁੰਚਯੋਗ
acclaim,0.9,0.0,ਪ੍ਰਸ਼ੰਸਾ
self-sufficient,0.9,0.0,ਸਵੈ-ਨਿਰਭਰ
adulatory,0.9,0.0,ਅਭਿਆਸ
roomy,0.9,0.0,ਕਮਰਾ
harmonious,0.9,0.0,ਸੁਮੇਲ
ecstatically,0.9,0.0,ਅਨੰਦ ਨਾਲ
relent,0.9,0.0,ਹੁਸ਼ਿਆਰ
impassioned,0.9,0.0,ਪ੍ਰਭਾਵਤ
rectifying,0.9,0.0,ਸੁਧਾਰੀ ਜਾ ਰਹੀ ਹੈ
prize,0.9,0.0,ਇਨਾਮ
beauteous,0.9,0.0,ਸੁੰਦਰ
confidence,0.9,0.0,ਦਾ ਭਰੋਸਾ
cherished,0.9,0.0,ਪਾਲਿਆ ਹੋਇਆ
outstrip,0.9,0.0,ਆਉਟਸਟ੍ਰਿਪ
wieldy,0.9,0.0,ਕਠੋਰ
picturesque,0.9,0.0,ਖੂਬਸੂਰਤ
educated,0.9,0.0,ਪੜ੍ਹਿਆ ਲਿਖਿਆ
dauntless,0.9,0.0,ਬੇਵਕੂਫ
embolden,0.9,0.0,ਹੌਂਸਲਾ
reaffirmation,0.9,0.0,ਪੁਸ਼ਟੀ
cost-saving,0.9,0.0,ਲਾਗਤ-ਬਚਤ
brainy,0.9,0.0,ਦਿਮਾਗੀ
unencumbered,0.9,0.0,ਬੇਦਾਗ
amenity,0.9,0.0,ਸਹੂਲਤ
valor,0.9,0.0,ਮੁੱਲ
convience,0.9,0.0,ਯਕੀਨ
err-free,0.9,0.0,ਗਲਤੀ-ਰਹਿਤ
hotcake,0.9,0.0,ਹੌਟਕੇਕ
delighted,0.9,0.0,ਖੁਸ਼ ਹੋਇਆ
prestigious,0.9,0.0,ਵੱਕਾਰੀ
amazingly,0.9,0.0,ਹੈਰਾਨੀ ਨਾਲ
encourage,0.9,0.0,ਨੂੰ ਉਤਸ਼ਾਹ
liked,0.9,0.0,ਪਸੰਦ
correct,0.9,0.0,ਸਹੀ
outdo,0.9,0.0,ਵੱਧ
helped,0.9,0.0,ਮਦਦ ਕੀਤੀ
accolade,0.9,0.0,ਪ੍ਰਸ਼ੰਸਾ
invulnerable,0.9,0.0,ਅਜਿੱਤ
defeating,0.9,0.0,ਹਰਾਉਣਾ
gems,0.9,0.0,ਰਤਨ
low-priced,0.9,0.0,ਘੱਟ ਕੀਮਤ ਵਾਲੀ
patiently,0.9,0.0,ਧੀਰਜ ਨਾਲ
dazzle,0.9,0.0,ਚਮਕਦਾਰ
enviable,0.9,0.0,ਈਰਖਾ ਯੋਗ
engaging,0.9,0.0,ਦਿਲਚਸਪ
ingenuous,0.9,0.0,ਹੁਸ਼ਿਆਰ
peach,0.9,0.0,ਆੜੂ
gleefully,0.9,0.0,ਖ਼ੁਸ਼ੀ ਨਾਲ
supurbly,0.9,0.0,sulpbly
refund,0.9,0.0,ਰਿਫੰਡ
lower-priced,0.9,0.0,ਘੱਟ ਕੀਮਤ ਵਾਲੀ
patriotic,0.9,0.0,ਦੇਸ਼ ਭਗਤ
calmness,0.9,0.0,ਸ਼ਾਂਤੀ
irreplaceable,0.9,0.0,ਨਾ ਬਦਲਣਯੋਗ
fearlessly,0.9,0.0,ਨਿਡਰਤਾ ਨਾਲ
steadfastly,0.9,0.0,ਦ੍ਰਿੜਤਾ ਨਾਲ
exalting,0.9,0.0,ਉੱਤਮ
trustworthiness,0.9,0.0,ਭਰੋਸੇਯੋਗਤਾ
accommodative,0.9,0.0,ਅਨੁਕੂਲ
unrestricted,0.9,0.0,ਪ੍ਰਤੀਬੰਧਿਤ
affordably,0.9,0.0,ਕਿਫਾਇਤੀ
appeal,0.9,0.0,ਅਪੀਲ
integrated,0.9,0.0,ਏਕੀਕ੍ਰਿਤ
dead-on,0.9,0.0,ਮਰੇ
remarkable,0.9,0.0,ਕਮਾਲ ਦੀ
brainiest,0.9,0.0,ਦਿਮਾਗੀ
time-honored,0.9,0.0,ਵਾਰ-ਸਨਮਾਨਿਤ
savior,0.9,0.0,ਮੁਕਤੀਦਾਤਾ
backbone,0.9,0.0,ਰੀੜ੍ਹ ਦੀ ਹੱਡੀ
outstandingly,0.9,0.0,ਸ਼ਾਨਦਾਰ
amazement,0.9,0.0,ਹੈਰਾਨ
replaceable,0.9,0.0,ਬਦਲਣਯੋਗ
swankiest,0.9,0.0,swankiest
energy-saving,0.9,0.0,energyਰਜਾ ਦੀ ਬਚਤ
prodigious,0.9,0.0,ਅਜੀਬ
amicably,0.9,0.0,ਹਲੀਮੀ ਨਾਲ
guarantee,0.9,0.0,ਗਰੰਟੀ
simplifying,0.9,0.0,ਸਧਾਰਣ
supremacy,0.9,0.0,ਸਰਬੋਤਮਤਾ
softer,0.9,0.0,ਨਰਮ
honest,0.9,0.0,ਇਮਾਨਦਾਰ
covenant,0.9,0.0,ਨੇਮ
striking,0.9,0.0,ਹੜਤਾਲੀ
sensitive,0.9,0.0,ਸੰਵੇਦਨਸ਼ੀਲ
attractively,0.9,0.0,ਆਕਰਸ਼ਕ
electrify,0.9,0.0,ਬਿਜਲੀ ਦਿਓ
best-performing,0.9,0.0,ਵਧੀਆ ਪ੍ਰਦਰਸ਼ਨ
simplify,0.9,0.0,ਸਰਲ ਕਰੋ
spellbinding,0.9,0.0,ਸਪੈਲਬਾਇਡਿੰਗ
cure-all,0.9,0.0,ਇਲਾਜ਼-ਸਭ
hands-down,0.9,0.0,ਹੱਥ-ਡਾ downਨ
soundly,0.9,0.0,ਆਵਾਜ਼ ਵਿੱਚ
snappy,0.9,0.0,ਸਨੇਪੀ
exquisite,0.9,0.0,ਨਿਹਾਲ
reassure,0.9,0.0,ਭਰੋਸਾ
brilliances,0.9,0.0,ਚਮਕ
paramount,0.9,0.0,ਸਰਬੋਤਮ
dextrous,0.9,0.0,ਘ੍ਰਿਣਾਯੋਗ
lucidly,0.9,0.0,ਦਿਲਚਸਪੀ ਨਾਲ
contrasty,0.9,0.0,ਇਸ ਦੇ ਉਲਟ
accomplishment,0.9,0.0,ਪ੍ਰਾਪਤੀ
humorous,0.9,0.0,ਹਾਸੇ ਵਾਲਾ
appropriate,0.9,0.0,ਉਚਿਤ
undisputably,0.9,0.0,ਨਿਰਵਿਵਾਦ
clearly,0.9,0.0,ਸਾਫ ਤੌਰ ਤੇ
admiringly,0.9,0.0,ਪ੍ਰਸ਼ੰਸਾ ਨਾਲ
eventful,0.9,0.0,ਘਟਨਾਵਾਦੀ
guidance,0.9,0.0,ਸੇਧ
hallowed,0.9,0.0,ਪਵਿੱਤਰ
liberate,0.9,0.0,ਮੁਕਤ
reclaim,0.9,0.0,ਮੁੜ ਦਾਅਵਾ ਕਰੋ
outperform,0.9,0.0,ਬਾਹਰੀ
valiant,0.9,0.0,ਬਹਾਦਰੀ ਵਾਲਾ
magnanimously,0.9,0.0,ਬਹੁਤ ਵੱਡਾ
upliftingly,0.9,0.0,ਉਤਸ਼ਾਹ ਨਾਲ
heaven,0.9,0.0,ਸਵਰਗ
robust,0.9,0.0,ਮਜ਼ਬੂਤ
blameless,0.9,0.0,ਨਿਰਦੋਸ਼
spellbind,0.9,0.0,ਸ਼ਬਦ ਜੋੜ
meritorious,0.9,0.0,ਗੁਣਵਾਨ
self-determination,0.9,0.0,ਸਵੈ-ਨਿਰਣਾ
happiness,0.9,0.0,ਖੁਸ਼ਹਾਲੀ
enjoyable,0.9,0.0,ਅਨੰਦਮਈ
subsidizes,0.9,0.0,ਸਬਸਿਡੀ
nurturing,0.9,0.0,ਪਾਲਣ ਪੋਸ਼ਣ
eminent,0.9,0.0,ਉੱਘੇ
heavenly,0.9,0.0,ਸਵਰਗੀ
engrossing,0.9,0.0,ਮਸਤ
rich,0.9,0.0,ਅਮੀਰ
humor,0.9,0.0,ਹਾਸੇ
first-rate,0.9,0.0,ਪਹਿਲੀ ਦਰ
unselfish,0.9,0.0,ਨਿਰਸਵਾਰਥ
oasis,0.9,0.0,Oasis
poised,0.9,0.0,ਤਿਆਰ
kid-friendly,0.9,0.0,ਬੱਚਾ-ਦੋਸਤਾਨਾ
harmonize,0.9,0.0,ਸੁਮੇਲ
vigilant,0.9,0.0,ਚੌਕਸ
outwit,0.9,0.0,ਬਾਹਰ
adoringly,0.9,0.0,ਪਿਆਰੇ
quieter,0.9,0.0,ਸ਼ਾਂਤ
fondly,0.9,0.0,ਪਿਆਰ ਨਾਲ
instructive,0.9,0.0,ਉਪਦੇਸ਼ਕ
complemented,0.9,0.0,ਪੂਰਕ
all-around,0.9,0.0,ਸਾਰੇ ਆਲੇ - ਦੁਆਲੇ
hallmarks,0.9,0.0,ਹਾਲਮਾਰਕ
soundness,0.9,0.0,ਆਵਾਜ਼
dashing,0.9,0.0,ਡੈਸ਼ਿੰਗ
overtaken,0.9,0.0,ਵੱਧ ਗਿਆ
grace,0.9,0.0,ਕਿਰਪਾ
advocate,0.9,0.0,ਵਕੀਲ
fanfare,0.9,0.0,ਧੱਕਾ
jubilantly,0.9,0.0,ਖੁਸ਼ਹਾਲੀ ਨਾਲ
praising,0.9,0.0,ਪ੍ਰਸੰਸਾ
tops,0.9,0.0,ਸਿਖਰ
succeeds,0.9,0.0,ਸਫਲ
astonished,0.9,0.0,ਹੈਰਾਨ
danken,0.9,0.0,ਧੰਨਵਾਦ ਕਰਨਾ
affection,0.9,0.0,ਪਿਆਰ
geeky,0.9,0.0,geeky
hot,0.9,0.0,ਗਰਮ
advantageous,0.9,0.0,ਲਾਭਦਾਇਕ
improve,0.9,0.0,ਸੁਧਾਰ
sweetheart,0.9,0.0,ਪਿਆਰਾ
eloquence,0.9,0.0,ਭਾਸ਼ਣ
audibly,0.9,0.0,ਆਵਾਜ਼ ਨਾਲ
charmingly,0.9,0.0,ਮਨਮੋਹਕ
incredibly,0.9,0.0,ਅਵਿਸ਼ਵਾਸ਼
solicitous,0.9,0.0,ਇਕਲਾ
well-made,0.9,0.0,ਚੰਗੀ ਤਰ੍ਹਾਂ ਬਣਾਇਆ
logical,0.9,0.0,ਲਾਜ਼ੀਕਲ
zeal,0.9,0.0,ਜੋਸ਼
thoughtfully,0.9,0.0,ਸੋਚ ਸਮਝ ਕੇ
solid,0.9,0.0,ਠੋਸ
deference,0.9,0.0,ਸਤਿਕਾਰ
intuitive,0.9,0.0,ਅਨੁਭਵੀ
punctual,0.9,0.0,ਪਾਬੰਦ
hallmark,0.9,0.0,ਹਾਲਮਾਰਕ
redeeming,0.9,0.0,ਛੁਟਕਾਰਾ
safe,0.9,0.0,ਸੁਰੱਖਿਅਤ
excallent,0.9,0.0,ਸ਼ਾਨਦਾਰ
fortune,0.9,0.0,ਕਿਸਮਤ
grin,0.9,0.0,ਮੁਸਕੁਰਾਉਣਾ
awesomeness,0.9,0.0,ਸ਼ਾਨਦਾਰਤਾ
succeeded,0.9,0.0,ਸਫਲ
beckons,0.9,0.0,ਇਸ਼ਾਰਾ ਕਰਦਾ ਹੈ
pamperedly,0.9,0.0,pamperedly
appreciative,0.9,0.0,ਕਦਰ ਕਰਨ ਵਾਲਾ
thrilled,0.9,0.0,ਖੁਸ਼
loyal,0.9,0.0,ਵਫ਼ਾਦਾਰ
adventurous,0.9,0.0,ਸਾਹਸੀ
booming,0.9,0.0,ਬੂਮਿੰਗ
renown,0.9,0.0,ਪ੍ਰਸਿੱਧੀ
dote,0.9,0.0,ਦਾਜ
reformed,0.9,0.0,ਸੁਧਾਰ
excellently,0.9,0.0,ਸ਼ਾਨਦਾਰ
fresh,0.9,0.0,ਤਾਜ਼ਾ
exceedingly,0.9,0.0,ਬਹੁਤ ਜ਼ਿਆਦਾ
undisputable,0.9,0.0,ਨਿਰਵਿਵਾਦ
distinctive,0.9,0.0,ਵਿਲੱਖਣ
hale,0.9,0.0,ਹਾਲ
gloriously,0.9,0.0,ਸ਼ਾਨ ਨਾਲ
elan,0.9,0.0,ਘੋਸ਼ਣਾ
stylized,0.9,0.0,ਸਟਾਈਲਾਈਜ਼ਡ
sweeten,0.9,0.0,ਮਿੱਠਾ
alluring,0.9,0.0,ਆਕਰਸ਼ਕ
fecilitous,0.9,0.0,ਮੋਟਾ
overtaking,0.9,0.0,ਓਵਰਟੇਕਿੰਗ
saver,0.9,0.0,ਸੇਵਰ
ftw,0.9,0.0,ftw
laudable,0.9,0.0,ਸ਼ਲਾਘਾਯੋਗ
euphoric,0.9,0.0,ਖੁਸ਼ੀ
impartially,0.9,0.0,ਨਿਰਪੱਖ
lifesaver,0.9,0.0,ਜਾਨ ਬਚਾਉਣ ਵਾਲਾ
simplest,0.9,0.0,ਸਰਲ
excellency,0.9,0.0,ਉੱਤਮਤਾ
agility,0.9,0.0,ਚੁਸਤੀ
blessing,0.9,0.0,ਅਸ਼ੀਰਵਾਦ
winnable,0.9,0.0,ਜੇਤੂ
fair,0.9,0.0,ਮੇਲਾ
monumentally,0.9,0.0,ਯਾਦਗਾਰੀ ਤੌਰ ਤੇ
felicity,0.9,0.0,ਪ੍ਰਸਿੱਧੀ
hottest,0.9,0.0,ਗਰਮ
courtly,0.9,0.0,ਦਰਬਾਰੀ
headway,0.9,0.0,ਅਗਾਂਹ
bonuses,0.9,0.0,ਬੋਨਸ
best-known,0.9,0.0,ਵਧੀਆ ਜਾਣਿਆ
significant,0.9,0.0,ਮਹੱਤਵਪੂਰਨ
smoothes,0.9,0.0,ਸਮੂਥਸ
prettily,0.9,0.0,prettily
affinity,0.9,0.0,ਸੰਬੰਧ
meaningful,0.9,0.0,ਅਰਥਪੂਰਨ
prosperous,0.9,0.0,ਖੁਸ਼ਹਾਲ
ambitiously,0.9,0.0,ਉਤਸ਼ਾਹੀ
versatility,0.9,0.0,ਬਹੁਪੱਖੀ
lawfully,0.9,0.0,ਕਾਨੂੰਨੀ ਤੌਰ &#39;ਤੇ
resourceful,0.9,0.0,ਸਰੋਤ
endearing,0.9,0.0,ਪਿਆਰੇ
felicitate,0.9,0.0,ਖੁਸ਼ਕਿਸਮਤੀ
heartily,0.9,0.0,ਦਿਲੋਂ
admire,0.9,0.0,ਪ੍ਰਸੰਸਾ
suffices,0.9,0.0,ਕਾਫ਼ੀ
aspirations,0.9,0.0,ਇੱਛਾਵਾਂ
infallibility,0.9,0.0,ਅਪੰਗਤਾ
surpass,0.9,0.0,ਨੂੰ ਪਾਰ
delicious,0.9,0.0,ਸੁਆਦੀ
complimentary,0.9,0.0,ਪ੍ਰਸੰਸਾਯੋਗ
novelty,0.9,0.0,ਨਵੀਨਤਾ
coherence,0.9,0.0,ਏਕਤਾ
subsidized,0.9,0.0,ਸਬਸਿਡੀ
surreal,0.9,0.0,ਅਚਾਨਕ
spiritual,0.9,0.0,ਰੂਹਾਨੀ
grandeur,0.9,0.0,ਮਹਾਨਤਾ
improving,0.9,0.0,ਸੁਧਾਰ
goodness,0.9,0.0,ਭਲਿਆਈ
bonus,0.9,0.0,ਬੋਨਸ
amusing,0.9,0.0,ਮਨੋਰੰਜਕ
confident,0.9,0.0,ਵਿਸ਼ਵਾਸ
felicitous,0.9,0.0,ਸ਼ੁਭਕਾਮਨਾਵਾਂ
compactly,0.9,0.0,ਸੰਖੇਪ
trivially,0.9,0.0,ਮਾਮੂਲੀ
achievable,0.9,0.0,ਪ੍ਰਾਪਤੀਯੋਗ
merrily,0.9,0.0,ਖ਼ੁਸ਼ੀ ਨਾਲ
exhilarating,0.9,0.0,ਉਤਸ਼ਾਹਜਨਕ
thrills,0.9,0.0,ਰੋਮਾਂਚਕ
tidy,0.9,0.0,ਸਾਫ਼
jubiliant,0.9,0.0,ਜੁਬਲੀ
sensibly,0.9,0.0,ਸਮਝਦਾਰੀ ਨਾਲ
restructure,0.9,0.0,ਪੁਨਰਗਠਨ
miraculous,0.9,0.0,ਚਮਤਕਾਰੀ
glee,0.9,0.0,ਖੁਸ਼
whoa,0.9,0.0,ਵਾਹ
superb,0.9,0.0,ਸ਼ਾਨਦਾਰ
obsession,0.9,0.0,ਜਨੂੰਨ
joyfully,0.9,0.0,ਖੁਸ਼ੀ ਨਾਲ
undisputed,0.9,0.0,ਨਿਰਵਿਵਾਦ
comely,0.9,0.0,ਸੁਹਜ
gorgeous,0.9,0.0,ਖੂਬਸੂਰਤ
luckier,0.9,0.0,ਕਿਸਮਤ ਵਾਲਾ
worth,0.9,0.0,ਮੁੱਲ
beneficially,0.9,0.0,ਲਾਭਕਾਰੀ
user-replaceable,0.9,0.0,ਉਪਭੋਗਤਾ-ਬਦਲਣਯੋਗ
decent,0.9,0.0,ਵਿਨੀਤ
blissfully,0.9,0.0,ਅਨੰਦ ਨਾਲ
salutary,0.9,0.0,ਨਮਸਕਾਰ
commodious,0.9,0.0,ਵਸਤੂ
stable,0.9,0.0,ਸਥਿਰ
scenic,0.9,0.0,ਸੁੰਦਰ
unassailable,0.9,0.0,ਅਣਉਪਲਬਧ
holy,0.9,0.0,ਪਵਿੱਤਰ
invincibility,0.9,0.0,ਅਜਿੱਤਤਾ
enchant,0.9,0.0,ਮੋਹ
appealing,0.9,0.0,ਅਪੀਲ
resolute,0.9,0.0,ਪੱਕਾ
titillatingly,0.9,0.0,ਸਿਰਲੇਖ ਨਾਲ
excellence,0.9,0.0,ਉੱਤਮਤਾ
perfect,0.9,0.0,ਸੰਪੂਰਨ
revolutionized,0.9,0.0,ਇਨਕਲਾਬ ਹੋਇਆ
exalted,0.9,0.0,ਉੱਚੇ
loves,0.9,0.0,ਪਿਆਰ ਕਰਦਾ ਹੈ
accolades,0.9,0.0,ਪ੍ਰਸ਼ੰਸਾ
delectable,0.9,0.0,ਵਿਚਾਰਨਯੋਗ
wowed,0.9,0.0,ਵੋਹ
