Term,PosScore,NegScore,Marathi
direct,0.75,0.0,थेट
adoptable,0.75,0.0,दत्तक
due,0.75,0.0,देय
ravishing,0.75,0.0,लहरी
benefic,0.75,0.0,फायदेशीर
unsurpassable,1.0,0.0,असुरक्षित
thorough,0.75,0.0,कसून
cautious,0.75,0.0,सावध
competent,0.75,0.0,सक्षम
workmanlike,0.75,0.0,कामगार सारखे
competent,0.75,0.0,सक्षम
full-blown,0.75,0.0,पूर्ण विकसित
conspicuous,0.75,0.0,सुस्पष्ट
differentiable,0.75,0.0,विभेदनीय
constant,0.75,0.125,स्थिर
incorrupt,0.75,0.25,व्यत्यय आणणे
corn-fed,0.75,0.0,कॉर्न-फेड
decorous,0.75,0.0,सजावटीच्या
definite,0.75,0.0,निश्चित
importunate,0.75,0.125,आयात करणे
plummy,0.75,0.0,उबदार
discerning,0.875,0.0,विवेकी
incisive,0.75,0.0,incisive
metal-cutting,0.75,0.0,धातू कापून
bounden,0.875,0.0,बद्ध
disenchanted,0.875,0.0,निराश
exportable,0.75,0.0,निर्यात करण्यायोग्य
enlightened,0.75,0.0,प्रबुद्ध
estimable,1.0,0.0,अंदाजे
exchangeable,0.75,0.0,विनिमेय
expendable,0.75,0.0,खर्च करण्यायोग्य
extricable,0.75,0.0,बाहेर काढता येण्यासारखा
fit,0.75,0.0,फिट
pleasant-smelling,0.75,0.0,आनंददायी
goodish,0.75,0.0,चांगले
goody-goody,0.875,0.0,गुडी-गुडी
white,0.75,0.0,पांढरा
good-natured,0.75,0.0,सुस्वभावी
gainly,0.875,0.0,फायदेशीर
bouncing,0.75,0.0,उछल
firm,0.875,0.0,टणक
hearty,0.75,0.0,हार्दिक
well-preserved,0.75,0.0,चांगले संरक्षित
laureate,0.75,0.0,विजेते
droll,0.75,0.0,ड्रोल
measurable,0.75,0.0,मोजण्यायोग्य
intellectual,0.875,0.0,बौद्धिक
inviting,0.75,0.0,आमंत्रित करीत आहे
gladsome,0.75,0.0,आनंददायक
singable,0.75,0.0,गाण्यासारखे
moralistic,0.75,0.125,नैतिकतावादी
incorrupt,0.75,0.25,व्यत्यय आणणे
licit,0.75,0.0,बिड
incumbent,0.875,0.0,येणारा
unimpassioned,0.75,0.0,बेबनाव
finished,0.75,0.0,समाप्त
microscopic,0.75,0.0,सूक्ष्मदर्शक
halal,0.75,0.0,कायदेशीर
kosher,0.75,0.0,कोशेर
disarming,0.75,0.125,नि: शस्त्र
white,0.75,0.125,पांढरा
ladylike,0.75,0.0,महिला सारखे
unprintable,0.75,0.25,अप्रसिद्ध
diffident,0.875,0.0,भिन्न
answerable,0.875,0.0,उत्तरदायी
emancipative,0.75,0.125,मुक्ती
danceable,0.75,0.0,नृत्ययोग्य
opposite,0.75,0.125,उलट
antiseptic,0.75,0.25,पूतिनाशक
shapely,0.75,0.0,सुडौल
well-proportioned,0.75,0.0,प्रमाणित
sound,0.75,0.0,आवाज
straightarrow,0.875,0.125,सरळ
upper,0.75,0.0,वरील
banner,0.875,0.0,बॅनर
gilt-edged,0.75,0.0,गिल्ट-एज
premium,0.75,0.0,प्रीमियम
shining,0.75,0.0,प्रकाशमय
spiffing,0.875,0.0,स्पिफिंग
choice,0.75,0.125,निवड
serviceable,0.75,0.0,सेवायोग्य
sacred,0.75,0.0,पवित्र
constitutional,0.75,0.0,घटनात्मक
deliverable,0.75,0.0,सुलभ
ducal,0.75,0.0,डुकल
masterstroke,0.75,0.0,मास्टरस्ट्रोक
pleasantry,0.75,0.0,आनंददायी
indignity,0.75,0.0,राग
props,0.875,0.0,प्रॉप्स
titillation,0.75,0.0,टायटिलेशन
beatification,0.75,0.0,बीटिकेशन
rambouillet,0.75,0.0,रॅम्बॉयलेट
character,0.875,0.0,वर्ण
drama,0.75,0.0,नाटक
chirpiness,0.75,0.0,उत्साह
vivacity,0.75,0.25,चेतना
mettlesomeness,0.75,0.0,चातुर्य
bluffness,0.875,0.0,बोलणे
picturesqueness,0.875,0.0,सुर्य
pleasingness,0.75,0.0,सुख
attractiveness,0.75,0.0,आकर्षण
innateness,0.75,0.25,जन्मजातपणा
totality,0.75,0.0,संपूर्णता
looseness,0.75,0.25,सैलपणा
wholesomeness,0.875,0.0,निरोगीपणा
healthfulness,0.875,0.0,निरोगीपणा
trueness,0.75,0.0,सत्यता
tastefulness,0.875,0.0,चव
urbanity,0.875,0.0,शहरीपणा
conscientiousness,0.75,0.0,प्रामाणिकपणा
safeness,0.75,0.25,सुरक्षितता
scrupulousness,0.75,0.0,मूर्खपणा
integrity,0.875,0.125,अखंडता
probity,0.75,0.0,संभाव्यता
artfulness,0.75,0.0,कलात्मकता
dedication,0.875,0.0,समर्पण
urbanity,0.875,0.0,शहरीपणा
crispness,0.875,0.0,कुरकुरीतपणा
extremeness,0.75,0.25,तीव्रता
reasonableness,0.75,0.0,वाजवीपणा
affirmativeness,0.75,0.0,होकारार्थीपणा
importance,0.75,0.125,महत्त्व
account,0.875,0.125,खाते
meaningfulness,0.75,0.125,अर्थपूर्णपणा
shrillness,0.75,0.25,आळशीपणा
eye,0.75,0.0,डोळा
logic,0.75,0.0,तर्कशास्त्र
judiciousness,0.875,0.0,न्याय्यता
ear,0.75,0.0,कान
balletomania,0.75,0.0,बॅलेटोमेनिया
mastering,0.75,0.0,मास्टरिंग
principle,0.75,0.0,तत्व
hedonism,0.75,0.0,हेडॉनवाद
courtesy,0.75,0.0,शिष्टाचार
topper,0.75,0.0,टॉपर
divination,0.875,0.0,भविष्यवाणी
moralism,0.75,0.125,नैतिकता
bonheur,0.875,0.0,आनंद
beneficence,0.75,0.0,फायदा
criollo,0.75,0.0,क्रेओल
amoralist,0.75,0.0,अमोरालिस्ट
brick,0.75,0.0,वीट
first-rater,1.0,0.0,प्रथम रेटर
out-and-outer,0.75,0.0,बाहेर आणि बाहेरील
pleaser,0.75,0.0,कृपया
possible,0.75,0.0,शक्य
serendipity,0.75,0.125,serendipity
antithesis,0.75,0.0,विरोधी
contrary,0.75,0.0,उलट
algidity,0.75,0.25,अल्गिडिटी
pathology,0.75,0.125,पॅथॉलॉजी
character,0.875,0.0,वर्ण
fettle,0.75,0.0,फेट
time,0.75,0.0,वेळ
simply,0.75,0.0,फक्त
downright,0.75,0.0,सरळ
recuperate,0.75,0.0,बरे होणे
redound,0.75,0.0,गोलाकार
enervate,0.75,0.0,उत्तेजित करणे
delouse,0.75,0.0,डेलॉउज
think,0.75,0.0,विचार करा
receive,0.75,0.0,प्राप्त
consider,0.75,0.0,विचार करा
give,0.75,0.125,द्या
filigree,0.875,0.0,फिलिग्री
stultify,0.75,0.125,बेडौल
see,0.75,0.0,पहा
vest,0.875,0.0,बनियान
agree,0.875,0.0,सहमत
suit,0.875,0.0,खटला
belong,0.75,0.0,संबंधित
make,0.875,0.0,बनवा
sensation,0.9,0.0,खळबळ
thriving,0.9,0.0,भरभराट
marvels,0.9,0.0,चमत्कार
vibrant,0.9,0.0,दोलायमान
fragrant,0.9,0.0,सुवासिक
enthusiast,0.9,0.0,उत्साही
successfully,0.9,0.0,यशस्वीरित्या
gifted,0.9,0.0,भेट दिली
unequivocal,0.9,0.0,अस्पष्ट
readily,0.9,0.0,सहजगत्या
solicitously,0.9,0.0,एकाकीपणाने
enchantingly,0.9,0.0,जादूपूर्वक
gold,0.9,0.0,सोने
comforting,0.9,0.0,सांत्वनदायक
portable,0.9,0.0,पोर्टेबल
sensations,0.9,0.0,संवेदना
truthful,0.9,0.0,सत्यवादी
notably,0.9,0.0,उल्लेखनीय
bonny,0.9,0.0,धान्य
adulate,0.9,0.0,जुळवून घेणे
jolly,0.9,0.0,अतिशय
supurb,0.9,0.0,supurb
aspiration,0.9,0.0,आकांक्षा
venerate,0.9,0.0,आदर करणे
liking,0.9,0.0,आवडत
sweeping,0.9,0.0,भरमसाट
flexible,0.9,0.0,लवचिक
liberty,0.9,0.0,स्वातंत्र्य
refresh,0.9,0.0,रीफ्रेश
vivacious,0.9,0.0,जिवंत
gem,0.9,0.0,रत्न
impress,0.9,0.0,प्रभावित करा
trumpet,0.9,0.0,रणशिंग
entrust,0.9,0.0,सोपविणे
catchy,0.9,0.0,मोहक
talents,0.9,0.0,प्रतिभा
retractable,0.9,0.0,मागे घेण्यायोग्य
passionate,0.9,0.0,उत्कट
triumph,0.9,0.0,विजय
afordable,0.9,0.0,अफोर्डेबल
congratulations,0.9,0.0,अभिनंदन
bargain,0.9,0.0,करार
glad,0.9,0.0,आनंदी
rejuvenated,0.9,0.0,कायाकल्प केला
top,0.9,0.0,वर
gladden,0.9,0.0,आनंदी
energize,0.9,0.0,उत्साही करणे
humane,0.9,0.0,मानवी
swank,0.9,0.0,झोपणे
insightfully,0.9,0.0,अंतर्दृष्टीने
courageousness,0.9,0.0,धैर्य
fancinating,0.9,0.0,बनावट
maturity,0.9,0.0,परिपक्वता
energy-efficient,0.9,0.0,ऊर्जा कार्यक्षम
calm,0.9,0.0,शांत
desirable,0.9,0.0,इष्ट
poeticize,0.9,0.0,काव्यात्मक करणे
easiest,0.9,0.0,सर्वात सोपा
low-price,0.9,0.0,कमी किंमत
striving,0.9,0.0,प्रयत्नशील
advantage,0.9,0.0,फायदा
cheerful,0.9,0.0,आनंदी
ample,0.9,0.0,पुष्कळ
steady,0.9,0.0,स्थिर
effortless,0.9,0.0,सहज
innovation,0.9,0.0,नाविन्य
fine-looking,0.9,0.0,सुरेख
wonders,0.9,0.0,चमत्कार
cashback,0.9,0.0,पैसे परत
quicker,0.9,0.0,जलद
gleeful,0.9,0.0,आनंदी
expertly,0.9,0.0,कुशलतेने
divine,0.9,0.0,दैवी
miraculously,0.9,0.0,चमत्कारीकरित्या
daring,0.9,0.0,धिटाई
pepped,0.9,0.0,peped
cooperatively,0.9,0.0,सहकार्याने
gainful,0.9,0.0,फायदेशीर
rewarding,0.9,0.0,फायद्याचे
magnificently,0.9,0.0,भव्यपणे
captivate,0.9,0.0,मोहित करा
exceeding,0.9,0.0,ओलांडत
ready,0.9,0.0,तयार
invaluablely,0.9,0.0,अमूल्य
modesty,0.9,0.0,नम्रता
innovative,0.9,0.0,नाविन्यपूर्ण
rapturous,0.9,0.0,आनंदी
soulful,0.9,0.0,आत्मावान
hard-working,0.9,0.0,कठोर परिश्रम करणारा
understandable,0.9,0.0,समजण्यासारखा
resourcefulness,0.9,0.0,साधनसंपत्ती
illumine,0.9,0.0,प्रकाशित
trusty,0.9,0.0,विश्वासू
patriot,0.9,0.0,देशभक्त
amply,0.9,0.0,पर्याप्तपणे
appreciate,0.9,0.0,कौतुक
large-capacity,0.9,0.0,मोठ्या क्षमता
ardent,0.9,0.0,उत्साही
inspiration,0.9,0.0,प्रेरणा
topnotch,0.9,0.0,टॉप नॉच
fluent,0.9,0.0,अस्खलित
well-balanced,0.9,0.0,संतुलित
clear-cut,0.9,0.0,क्लिअर-कट
lovely,0.9,0.0,सुंदर
frugal,0.9,0.0,काटकसरी
affirm,0.9,0.0,कबूल करा
idealize,0.9,0.0,आदर्श बनवा
great,0.9,0.0,छान
profoundly,0.9,0.0,खोलवर
gumption,0.9,0.0,गमप्शन
elation,0.9,0.0,आनंद
stability,0.9,0.0,स्थिरता
spellbound,0.9,0.0,शब्दलेखन
obsessions,0.9,0.0,व्यापणे
applaud,0.9,0.0,टाळ्या
willing,0.9,0.0,इच्छुक
well-bred,0.9,0.0,सुसंस्कृत
cleanly,0.9,0.0,स्वच्छपणे
graciousness,0.9,0.0,कृपा
constructive,0.9,0.0,विधायक
pampers,0.9,0.0,लाड करणे
hotcakes,0.9,0.0,हॉटकेक्स
realistic,0.9,0.0,वास्तववादी
nicely,0.9,0.0,छान
unbiased,0.9,0.0,निःपक्षपाती
virtuously,0.9,0.0,सद्गुणपणे
free,0.9,0.0,फुकट
fairly,0.9,0.0,ब fair्यापैकी
cushy,0.9,0.0,चवदार
grand,0.9,0.0,उंच
admirer,0.9,0.0,प्रशंसा
peaceable,0.9,0.0,शांततापूर्ण
laud,0.9,0.0,टेबल
renewed,0.9,0.0,नूतनीकरण
inspire,0.9,0.0,प्रेरणा
buoyant,0.9,0.0,आनंदी
humility,0.9,0.0,नम्रता
stabilize,0.9,0.0,स्थिर करा
hopeful,0.9,0.0,आशावादी
staunchness,0.9,0.0,कडकपणा
tenderly,0.9,0.0,कोमलपणे
amiabily,0.9,0.0,अमीबॅली
liberation,0.9,0.0,मुक्ती
loveliness,0.9,0.0,प्रेमळपणा
stunned,0.9,0.0,स्तब्ध
seamless,0.9,0.0,अखंड
supremely,0.9,0.0,सर्वोच्च
capable,0.9,0.0,सक्षम
firmer,0.9,0.0,अधिक मजबूत
overture,0.9,0.0,ओव्हरटेव्हर
chivalrous,0.9,0.0,चंचल
ingeniously,0.9,0.0,कल्पकतेने
freedom,0.9,0.0,स्वातंत्र्य
well-positioned,0.9,0.0,सुस्थितीत
balanced,0.9,0.0,संतुलित
refunded,0.9,0.0,परत केले
triumphal,0.9,0.0,विजयी
angelic,0.9,0.0,देवदूत
matchless,0.9,0.0,अतुलनीय
tenacious,0.9,0.0,कठोर
successful,0.9,0.0,यशस्वी
powerfully,0.9,0.0,सामर्थ्याने
uplifting,0.9,0.0,उत्थान
dynamic,0.9,0.0,डायनॅमिक
thankful,0.9,0.0,कृतज्ञ
cuteness,0.9,0.0,cuteness
champ,0.9,0.0,फील्ड
intriguingly,0.9,0.0,कल्पकतेने
sufficiently,0.9,0.0,पुरेसे
pepping,0.9,0.0,पीपिंग
god-send,0.9,0.0,देव-पाठवा
mature,0.9,0.0,प्रौढ
top-quality,0.9,0.0,उच्च-गुणवत्ता
efficient,0.9,0.0,कार्यक्षम
easy-to-use,0.9,0.0,वापरण्यास सोप
peppy,0.9,0.0,पिल्लू
idol,0.9,0.0,मूर्ती
elegantly,0.9,0.0,सुरेखपणे
glorious,0.9,0.0,तेजस्वी
insightful,0.9,0.0,अंतर्दृष्टी
economical,0.9,0.0,किफायतशीर
reassurance,0.9,0.0,आश्वासन
premier,0.9,0.0,पहिला
redeem,0.9,0.0,पूर्तता करा
pain-free,0.9,0.0,वेदनामुक्त
supporter,0.9,0.0,समर्थक
rejoicingly,0.9,0.0,आनंदाने
dawn,0.9,0.0,पहाट
gutsy,0.9,0.0,धाडसी
terrifically,0.9,0.0,भयानक
imaculate,0.9,0.0,कल्पना करा
appreciated,0.9,0.0,कौतुक
strongest,0.9,0.0,सर्वात मजबूत
accomplish,0.9,0.0,साध्य
stimulate,0.9,0.0,उत्तेजित करणे
distinguished,0.9,0.0,प्रतिष्ठित
joy,0.9,0.0,आनंद
enjoyed,0.9,0.0,आनंद घेतला
elate,0.9,0.0,आनंद
benefit,0.9,0.0,फायदा
openness,0.9,0.0,मोकळेपणा
achievement,0.9,0.0,यश
honorable,0.9,0.0,आदरणीय
salute,0.9,0.0,आरोग्य
genuine,0.9,0.0,खरा
unbound,0.9,0.0,अनबाउंड
convienient,0.9,0.0,सोयीस्कर
enlighten,0.9,0.0,ज्ञान देणे
dumbfounding,0.9,0.0,डंबफाउंडिंग
unabashed,0.9,0.0,बेबनाव
rapturously,0.9,0.0,अत्यानंदपूर्वक
steadiness,0.9,0.0,स्थिरता
sensationally,0.9,0.0,खळबळजनकपणे
clearer,0.9,0.0,स्पष्ट
selective,0.9,0.0,निवडक
affirmative,0.9,0.0,होकारार्थी
dirt-cheap,0.9,0.0,खूप स्वस्त
trust,0.9,0.0,विश्वास
enthusiasm,0.9,0.0,उत्साह
undaunted,0.9,0.0,अबाधित
courageously,0.9,0.0,धैर्याने
useful,0.9,0.0,उपयुक्त
adequate,0.9,0.0,पुरेशी
jubilation,0.9,0.0,आनंद
admirably,0.9,0.0,कौतुकास्पद
phenomenally,0.9,0.0,अपूर्व
decisiveness,0.9,0.0,निर्णायकपणा
cozy,0.9,0.0,उबदार
compassion,0.9,0.0,करुणा
handier,0.9,0.0,हँडियर
clears,0.9,0.0,साफ करते
convincingly,0.9,0.0,खात्रीपूर्वक
preferring,0.9,0.0,प्राधान्य
sagely,0.9,0.0,ageषीने
viewable,0.9,0.0,पाहण्यायोग्य
awesome,0.9,0.0,छान
abounds,0.9,0.0,विपुल
keenness,0.9,0.0,उत्सुकता
awards,0.9,0.0,पुरस्कार
supportive,0.9,0.0,आधार देणारा
fine,0.9,0.0,ठीक आहे
pamperedness,0.9,0.0,लाड करणे
unrivaled,0.9,0.0,अतुलनीय
best-selling,0.9,0.0,सर्वोत्तम विक्री
hearten,0.9,0.0,हार्दिक
sturdier,0.9,0.0,sturdier
advantages,0.9,0.0,फायदे
panoramic,0.9,0.0,विहंगम
enhanced,0.9,0.0,वर्धित
eulogize,0.9,0.0,eulogize
lighter,0.9,0.0,फिकट
won,0.9,0.0,जिंकला
comprehensive,0.9,0.0,सर्वसमावेशक
revival,0.9,0.0,पुनरुज्जीवन
skilled,0.9,0.0,कुशल
enticing,0.9,0.0,मोहक
tenacity,0.9,0.0,तप
supporting,0.9,0.0,आधार देत आहे
greatest,0.9,0.0,महान
fabulously,0.9,0.0,कल्पनेने
altruistic,0.9,0.0,परोपकारी
enticingly,0.9,0.0,मोहकपणे
silent,0.9,0.0,शांत
pleasant,0.9,0.0,आनंददायी
fondness,0.9,0.0,प्रेमळपणा
upgradeable,0.9,0.0,अपग्रेड करण्यायोग्य
phenomenal,0.9,0.0,अभूतपूर्व
fans,0.9,0.0,चाहते
state-of-the-art,0.9,0.0,अत्याधूनिक
noble,0.9,0.0,थोर
fast-growing,0.9,0.0,वेगाने वाढणारी
serene,0.9,0.0,प्रसन्न
handsomely,0.9,0.0,देखणा
nourish,0.9,0.0,पोषण करणे
usable,0.9,0.0,वापरण्यायोग्य
spotless,0.9,0.0,निष्कलंक
bless,0.9,0.0,आशीर्वाद
exemplar,0.9,0.0,अनुकरणीय
poignant,0.9,0.0,तीक्ष्ण
ambitious,0.9,0.0,महत्वाकांक्षी
worked,0.9,0.0,काम केले
proud,0.9,0.0,अ भी मा न
enrich,0.9,0.0,समृद्ध करा
kindness,0.9,0.0,दया
warmth,0.9,0.0,कळकळ
excitement,0.9,0.0,खळबळ
sweetly,0.9,0.0,गोड
blithe,0.9,0.0,ब्लिथ
contribution,0.9,0.0,योगदान
rejuvenating,0.9,0.0,कायाकल्प
intimacy,0.9,0.0,जवळीक
effectively,0.9,0.0,प्रभावीपणे
wholesome,0.9,0.0,निरोगी
approve,0.9,0.0,मंजूर
truthfulness,0.9,0.0,सत्यता
handily,0.9,0.0,हाताने
staunchly,0.9,0.0,कडकपणे
prominence,0.9,0.0,प्रतिष्ठा
merciful,0.9,0.0,दयाळू
stirringly,0.9,0.0,ढवळत
outdone,0.9,0.0,आउटडोन
overtake,0.9,0.0,मागे टाकणे
unbeatable,0.9,0.0,नाबाद
sufficient,0.9,0.0,पुरेशी
ardently,0.9,0.0,उत्सुकतेने
classic,0.9,0.0,क्लासिक
civility,0.9,0.0,नागरी
ingenuity,0.9,0.0,चातुर्य
masterpiece,0.9,0.0,उत्कृष्ट नमुना
fidelity,0.9,0.0,प्रामाणिकपणा
reliable,0.9,0.0,विश्वसनीय
charisma,0.9,0.0,करिश्मा
readable,0.9,0.0,वाचनीय
compatible,0.9,0.0,सुसंगत
fulfillment,0.9,0.0,पूर्ती
skillfully,0.9,0.0,कुशलतेने
tingle,0.9,0.0,मुंग्या येणे
excel,0.9,0.0,एक्सेल
enviously,0.9,0.0,मत्सर
swanky,0.9,0.0,झुबकेदार
celebration,0.9,0.0,उत्सव
progress,0.9,0.0,प्रगती
empowerment,0.9,0.0,सबलीकरण
tranquility,0.9,0.0,शांतता
led,0.9,0.0,एलईडी
achievible,0.9,0.0,साध्य
bright,0.9,0.0,तेजस्वी
appreciatively,0.9,0.0,कौतुकास्पदरीतीने
inspirational,0.9,0.0,प्रेरणादायक
accessible,0.9,0.0,प्रवेश करण्यायोग्य
lionhearted,0.9,0.0,शेरहृदय
refreshing,0.9,0.0,रीफ्रेश
splendidly,0.9,0.0,उत्कृष्टपणे
marvelous,0.9,0.0,आश्चर्यकारक
illustrious,0.9,0.0,नामांकित
revives,0.9,0.0,पुनरुज्जीवन
originality,0.9,0.0,मौलिकता
gratification,0.9,0.0,समाधान
motivated,0.9,0.0,प्रवृत्त
playfully,0.9,0.0,आनंदाने
awe,0.9,0.0,आश्चर्य
overtakes,0.9,0.0,ओव्हरटेक
eloquent,0.9,0.0,सुस्पष्ट
proficient,0.9,0.0,प्रवीण
cheapest,0.9,0.0,स्वस्त
intelligible,0.9,0.0,सुगम
luxuriant,0.9,0.0,विलासी
adaptable,0.9,0.0,अनुकूलनीय
enraptured,0.9,0.0,enraptured
luckiest,0.9,0.0,भाग्यवान
healthy,0.9,0.0,निरोगी
luster,0.9,0.0,चमक
brotherly,0.9,0.0,बंधू
compliment,0.9,0.0,प्रशंसा
leading,0.9,0.0,अग्रगण्य
fortunately,0.9,0.0,सुदैवाने
resplendent,0.9,0.0,तेजस्वी
obtainable,0.9,0.0,प्राप्य
inventive,0.9,0.0,शोधक
ardor,0.9,0.0,ज्वलंत
propitiously,0.9,0.0,propitiously
cost-effective,0.9,0.0,प्रभावी खर्च
charismatic,0.9,0.0,करिष्माई
merit,0.9,0.0,गुणवत्ता
gusto,0.9,0.0,उत्साह
stimulates,0.9,0.0,उत्तेजित करते
coherent,0.9,0.0,सुसंगत
providence,0.9,0.0,भविष्यवाणी
exaltedly,0.9,0.0,उदात्तपणे
neatly,0.9,0.0,सुबकपणे
affordable,0.9,0.0,परवडणारे
effectiveness,0.9,0.0,परिणामकारकता
monumental,0.9,0.0,स्मारक
pleased,0.9,0.0,आनंद
righteousness,0.9,0.0,प्रामाणिकपणा
miracle,0.9,0.0,चमत्कार
respectable,0.9,0.0,आदरणीय
upbeat,0.9,0.0,उत्साह
winner,0.9,0.0,विजेता
laudably,0.9,0.0,प्रशंसनीयपणे
luckiness,0.9,0.0,भाग्य
assurance,0.9,0.0,विमा
prestige,0.9,0.0,प्रतिष्ठा
qualified,0.9,0.0,पात्र
fruitful,0.9,0.0,फलदायी
ilu,0.9,0.0,सौंदर्य
vivid,0.9,0.0,स्पष्ट
spirited,0.9,0.0,उत्साही
godsend,0.9,0.0,गॉडसँड
mesmerizes,0.9,0.0,मंत्रमुग्ध
satisfying,0.9,0.0,समाधानकारक
masterful,0.9,0.0,कुशल
sublime,0.9,0.0,उदात्त
mercy,0.9,0.0,दया
brilliantly,0.9,0.0,तेजस्वीपणे
loving,0.9,0.0,प्रेमळ
entertaining,0.9,0.0,मनोरंजक
earnest,0.9,0.0,प्रामाणिक
ergonomical,0.9,0.0,अर्गोनॉमिकल
refinement,0.9,0.0,परिष्करण
complementary,0.9,0.0,पूरक
patient,0.9,0.0,रुग्ण
inviolate,0.9,0.0,बोलणे
eagerness,0.9,0.0,उत्सुकता
civilize,0.9,0.0,सुसंस्कृत करणे
well-mannered,0.9,0.0,सभ्य
dignity,0.9,0.0,मोठेपण
steadiest,0.9,0.0,स्थिर
favorite,0.9,0.0,आवडते
astutely,0.9,0.0,आश्चर्यकारकपणे
splendid,0.9,0.0,भव्य
subsidizing,0.9,0.0,अनुदान
plush,0.9,0.0,सळसळ
marvelously,0.9,0.0,आश्चर्यकारकपणे
adorer,0.9,0.0,प्रेम
happier,0.9,0.0,आनंदी
perseverance,0.9,0.0,चिकाटी
sensational,0.9,0.0,खळबळजनक
nimble,0.9,0.0,चपळ
multi-purpose,0.9,0.0,बहुउद्देशीय
affably,0.9,0.0,प्रेमाने
astonish,0.9,0.0,आश्चर्यचकित
lover,0.9,0.0,प्रियकर
nourishing,0.9,0.0,पोषक
upheld,0.9,0.0,समर्थन दिले
exalt,0.9,0.0,उदात्त
happy,0.9,0.0,आनंदी
prodigiously,0.9,0.0,उत्कटतेने
humble,0.9,0.0,नम्र
proven,0.9,0.0,सिद्ध
resounding,0.9,0.0,उत्स्फूर्त
cashbacks,0.9,0.0,कॅशबॅक
visionary,0.9,0.0,स्वप्नाळू
thoughtful,0.9,0.0,विचारशील
smarter,0.9,0.0,हुशार
conciliate,0.9,0.0,समेट
credible,0.9,0.0,विश्वासार्ह
dependable,0.9,0.0,अवलंबून
saint,0.9,0.0,संत
fairness,0.9,0.0,प्रामाणिकपणा
victorious,0.9,0.0,विजयी
excels,0.9,0.0,उत्कृष्ट
celebrated,0.9,0.0,साजरा केला
keenly,0.9,0.0,उत्सुकतेने
humorously,0.9,0.0,विनोदाने
effectual,0.9,0.0,परिणामकारक
enchanting,0.9,0.0,मोहक
favour,0.9,0.0,अनुकूलता
titillate,0.9,0.0,टायटिलेट
flexibility,0.9,0.0,लवचिकता
mesmerize,0.9,0.0,मंत्रमुग्ध करा
favorable,0.9,0.0,अनुकूल
unwavering,0.9,0.0,अटळ
neat,0.9,0.0,व्यवस्थित
generous,0.9,0.0,उदार
satisfies,0.9,0.0,समाधानी
consummate,0.9,0.0,भस्म
marvellous,0.9,0.0,आश्चर्यकारक
tempting,0.9,0.0,मोहक
mastery,0.9,0.0,प्रभुत्व
peacefully,0.9,0.0,शांतपणे
improvements,0.9,0.0,सुधारणा
amicability,0.9,0.0,प्रेमळपणा
indebted,0.9,0.0,.णी
high-quality,0.9,0.0,उच्च-गुणवत्ता
unfettered,0.9,0.0,निष्कलंक
easing,0.9,0.0,सुलभ
exonerate,0.9,0.0,निर्दोष करणे
enhance,0.9,0.0,वाढविण्यासाठी
evaluative,0.9,0.0,मूल्यांकन करणारा
fabulous,0.9,0.0,कल्पित
mind-blowing,0.9,0.0,मनावर उडणारी
well-educated,0.9,0.0,सुशिक्षित
heroine,0.9,0.0,नायिका
daringly,0.9,0.0,धैर्याने
lavish,0.9,0.0,भव्य
luxuriously,0.9,0.0,विलासीपणाने
marvelousness,0.9,0.0,चमत्कार
classy,0.9,0.0,अभिजात
tickle,0.9,0.0,गुदगुल्या
woo,0.9,0.0,वू
low-cost,0.9,0.0,कमी खर्चात
restored,0.9,0.0,पुनर्संचयित
romanticize,0.9,0.0,रोमँटिक करणे
rejoice,0.9,0.0,आनंद करा
wholeheartedly,0.9,0.0,मनापासून
smitten,0.9,0.0,मारले
illuminating,0.9,0.0,प्रदीप्त
diligent,0.9,0.0,मेहनती
amazed,0.9,0.0,चकित
levity,0.9,0.0,लेव्हिटी
reverently,0.9,0.0,आदरपूर्वक
courageous,0.9,0.0,धैर्यवान
tantalizingly,0.9,0.0,tantalizingly
aver,0.9,0.0,येत
congenial,0.9,0.0,जन्मजात
pleases,0.9,0.0,कृपया
toughest,0.9,0.0,सर्वात कठीण
tender,0.9,0.0,निविदा
permissible,0.9,0.0,परवानगी आहे
alluringly,0.9,0.0,मोहकपणे
astonishment,0.9,0.0,आश्चर्य
quiet,0.9,0.0,शांत
commitment,0.9,0.0,वचनबद्धता
indulgence,0.9,0.0,भोग
endorse,0.9,0.0,समर्थन
glowingly,0.9,0.0,चकाचक
congratulate,0.9,0.0,अभिनंदन
peace,0.9,0.0,शांतता
keen,0.9,0.0,उत्सुक
breathlessness,0.9,0.0,दम
sufficed,0.9,0.0,पुरेशी
humourous,0.9,0.0,विनोदी
unreal,0.9,0.0,अवास्तव
delicate,0.9,0.0,नाजूक
flourish,0.9,0.0,भरभराट
purify,0.9,0.0,शुद्ध करणे
user-friendly,0.9,0.0,वापरकर्ता अनुकूल
intricate,0.9,0.0,गुंतागुंत
enjoyably,0.9,0.0,आनंददायक
well-managed,0.9,0.0,व्यवस्थित व्यवस्थापित
perfectly,0.9,0.0,उत्तम प्रकारे
worthy,0.9,0.0,योग्य
rightful,0.9,0.0,हक्क
fastest,0.9,0.0,सर्वात वेगवान
extoll,0.9,0.0,बोलणे
defeated,0.9,0.0,पराभूत
radiance,0.9,0.0,तेज
flashy,0.9,0.0,चमकदार
generosity,0.9,0.0,औदार्य
merry,0.9,0.0,आनंद
groundbreaking,0.9,0.0,ग्राउंडब्रेकिंग
decisive,0.9,0.0,निर्णायक
protection,0.9,0.0,संरक्षण
interesting,0.9,0.0,मनोरंजक
satisfactory,0.9,0.0,समाधानकारक
ecenomical,0.9,0.0,इकोनोमिकल
prowess,0.9,0.0,पराक्रम
adorable,0.9,0.0,मोहक
mesmerizing,0.9,0.0,मंत्रमुग्ध
uncomplicated,0.9,0.0,अव्यवस्थित
entice,0.9,0.0,भुरळ घालणे
fun,0.9,0.0,मजेदार
best,0.9,0.0,सर्वोत्तम
godlike,0.9,0.0,देवासारखा
attune,0.9,0.0,मिळवणे
toll-free,0.9,0.0,कर मुक्त
regard,0.9,0.0,संबंधित
ameliorate,0.9,0.0,आनंद
useable,0.9,0.0,वापरण्यायोग्य
top-notch,0.9,0.0,अव्वल
astoundingly,0.9,0.0,आश्चर्यचकितपणे
celebrate,0.9,0.0,साजरा करणे
affable,0.9,0.0,प्रेमळ
flourishing,0.9,0.0,भरभराट
easiness,0.9,0.0,सहजता
well-behaved,0.9,0.0,चांगले वागले
enjoyment,0.9,0.0,आनंद
exultingly,0.9,0.0,आनंदाने
popular,0.9,0.0,लोकप्रिय
cornerstone,0.9,0.0,कोनशिला
remedy,0.9,0.0,उपाय
greatness,0.9,0.0,महानता
effusiveness,0.9,0.0,लहरीपणा
cool,0.9,0.0,मस्त
raptureously,0.9,0.0,आनंदीपणे
bolster,0.9,0.0,चालक
erudite,0.9,0.0,विचित्र
smoothest,0.9,0.0,हळूवार
examplar,0.9,0.0,नमुना
exciting,0.9,0.0,रोमांचक
apotheosis,0.9,0.0,अपोथोसिस
convenience,0.9,0.0,सुविधा
impeccably,0.9,0.0,निर्दोष
kindliness,0.9,0.0,प्रेमळपणा
recover,0.9,0.0,पुनर्प्राप्त
standout,0.9,0.0,स्टँडआउट
halcyon,0.9,0.0,हॅल्सीओन
satisfactorily,0.9,0.0,समाधानकारकपणे
worth-while,0.9,0.0,किमतीची
well-being,0.9,0.0,कल्याण
thrill,0.9,0.0,रोमांच
rightly,0.9,0.0,बरोबर
entrancing,0.9,0.0,प्रवेशद्वार
victory,0.9,0.0,विजय
survivor,0.9,0.0,वाचलेले
dreamland,0.9,0.0,स्वप्नलँड
renaissance,0.9,0.0,पुनर्जागरण
radiant,0.9,0.0,तेजस्वी
delicacy,0.9,0.0,सफाईदारपणा
innocuous,0.9,0.0,निर्दोष
enthral,0.9,0.0,मंत्रमुग्ध करणे
comfort,0.9,0.0,सोई
sexy,0.9,0.0,मादक
champion,0.9,0.0,विजेता
amazes,0.9,0.0,चकित
enough,0.9,0.0,पुरेसा
effusively,0.9,0.0,प्रभावीपणे
unquestionably,0.9,0.0,निःसंशयपणे
regally,0.9,0.0,नियमितपणे
tough,0.9,0.0,कठीण
terrific,0.9,0.0,भयानक
envious,0.9,0.0,मत्सर
soothe,0.9,0.0,शांत करणे
astound,0.9,0.0,आश्चर्यचकित
pleasingly,0.9,0.0,आनंदाने
agreeableness,0.9,0.0,सहमत
marveled,0.9,0.0,आश्चर्यचकित
assuredly,0.9,0.0,निश्चितपणे
chivalry,0.9,0.0,पराक्रम
pleasurably,0.9,0.0,सुखद
hug,0.9,0.0,मिठी
sincere,0.9,0.0,प्रामाणिक
affectation,0.9,0.0,असाइनमेंट
exquisitely,0.9,0.0,उत्कटतेने
amaze,0.9,0.0,आश्चर्यचकित
fortuitous,0.9,0.0,भाग्यवान
god-given,0.9,0.0,देव-दिले
shiny,0.9,0.0,चमकदार
tolerable,0.9,0.0,सहनशील
stunning,0.9,0.0,जबरदस्त आकर्षक
preeminent,0.9,0.0,मुख्य
protect,0.9,0.0,संरक्षण
masterpieces,0.9,0.0,उत्कृष्ट नमुने
merriness,0.9,0.0,आनंद
sumptuousness,0.9,0.0,शोषण
exellent,0.9,0.0,हद्दपार
defender,0.9,0.0,बचावकर्ता
responsibly,0.9,0.0,जबाबदार
warmer,0.9,0.0,उबदार
self-sufficiency,0.9,0.0,आत्मनिर्भरता
snazzy,0.9,0.0,गोंधळलेला
brighten,0.9,0.0,उजळणे
cleanliness,0.9,0.0,स्वच्छता
saintliness,0.9,0.0,संतत्व
heartwarming,0.9,0.0,हार्दिक
polished,0.9,0.0,निर्दोष
superiority,0.9,0.0,श्रेष्ठत्व
goodly,0.9,0.0,छान
inexpensive,0.9,0.0,स्वस्त
pluses,0.9,0.0,प्लेस
valuable,0.9,0.0,मौल्यवान
straightforward,0.9,0.0,सरळ
rewardingly,0.9,0.0,फायद्याचे
chaste,0.9,0.0,पवित्र
counter-attacks,0.9,0.0,प्रतिउत्तर
posh,0.9,0.0,पॉश
meticulous,0.9,0.0,सावध
empower,0.9,0.0,सक्षम
gained,0.9,0.0,मिळवली
modern,0.9,0.0,आधुनिक
handy,0.9,0.0,सुलभ
heartfelt,0.9,0.0,मनापासून
encouraging,0.9,0.0,उत्साहवर्धक
ecstatic,0.9,0.0,उत्साही
creative,0.9,0.0,सर्जनशील
respectfully,0.9,0.0,आदरपूर्वक
avid,0.9,0.0,उत्सुक
legendary,0.9,0.0,कल्पित
veritable,0.9,0.0,सत्यापित
exceeded,0.9,0.0,ओलांडला
supple,0.9,0.0,कोमल
tremendously,0.9,0.0,प्रचंड
cherub,0.9,0.0,करुब
winners,0.9,0.0,विजेते
rockstars,0.9,0.0,रॉकस्टार्स
serenity,0.9,0.0,निर्मळपणा
profound,0.9,0.0,प्रगल्भ
light-hearted,0.9,0.0,हलक्या मनाचा
enthusiastic,0.9,0.0,उत्साही
joyous,0.9,0.0,आनंदी
recommendations,0.9,0.0,शिफारसी
consistent,0.9,0.0,सुसंगत
exaltation,0.9,0.0,उदात्तीकरण
sweetness,0.9,0.0,गोडपणा
winning,0.9,0.0,जिंकणे
peps,0.9,0.0,peps
razor-sharp,0.9,0.0,वस्तरा धारदार
boom,0.9,0.0,भरभराट
enticed,0.9,0.0,मोहित
revolutionary,0.9,0.0,क्रांतिकारक
wonderful,0.9,0.0,अप्रतिम
cure,0.9,0.0,बरा
devout,0.9,0.0,धर्माभिमानी
diligence,0.9,0.0,व्यासंग
worthiness,0.9,0.0,योग्यता
twinkly,0.9,0.0,ट्विंकली
cheaper,0.9,0.0,स्वस्त
exceled,0.9,0.0,exceled
abound,0.9,0.0,विपुल
opulent,0.9,0.0,समृद्ध
wealthy,0.9,0.0,श्रीमंत
blossom,0.9,0.0,बहर
optimism,0.9,0.0,आशावाद
gladness,0.9,0.0,आनंद
roomier,0.9,0.0,रूमियर
saintly,0.9,0.0,पवित्रपणे
favored,0.9,0.0,इष्ट
lovable,0.9,0.0,प्रेमळ
unforgettable,0.9,0.0,अविस्मरणीय
outshine,0.9,0.0,ओव्हरसाईन
restructuring,0.9,0.0,पुनर्रचना
prominent,0.9,0.0,प्रमुख
altruistically,0.9,0.0,परोपकाराने
simpler,0.9,0.0,सोपे
cute,0.9,0.0,गोंडस
well-run,0.9,0.0,चांगले चालवा
bountiful,0.9,0.0,भरपूर
speedily,0.9,0.0,वेगाने
commendable,0.9,0.0,कौतुकास्पद
restful,0.9,0.0,शांत
captivating,0.9,0.0,मोहक
lovably,0.9,0.0,प्रेमळ
energetic,0.9,0.0,उत्साही
freedoms,0.9,0.0,स्वातंत्र्य
sleek,0.9,0.0,गोंडस
lawful,0.9,0.0,कायदेशीर
crisp,0.9,0.0,खुसखुशीत
foolproof,0.9,0.0,मूर्ख
truthfully,0.9,0.0,सचोटीने
sparkling,0.9,0.0,चमचमीत
beckoned,0.9,0.0,इशारा केला
resilient,0.9,0.0,लवचिक
faithful,0.9,0.0,विश्वासू
rejoicing,0.9,0.0,आनंद होत आहे
helping,0.9,0.0,मदत करत आहे
dazzling,0.9,0.0,लखलखीत
capability,0.9,0.0,क्षमता
affluent,0.9,0.0,संपन्न
exceed,0.9,0.0,जास्त
hero,0.9,0.0,नायक
steadfast,0.9,0.0,स्थिर
a+,0.9,0.0,एक +
irreproachable,0.9,0.0,अपरिवर्तनीय
sociable,0.9,0.0,मिलनसार
plusses,0.9,0.0,प्लस
praiseworthy,0.9,0.0,कौतुकास्पद
self-satisfaction,0.9,0.0,आत्म-समाधान
likable,0.9,0.0,आवडण्यायोग्य
rightfully,0.9,0.0,यथार्थपणे
wins,0.9,0.0,विजय
refined,0.9,0.0,शुद्ध
charitable,0.9,0.0,धर्मादाय
poise,0.9,0.0,शांतता
gooood,0.9,0.0,चांगले
agreeable,0.9,0.0,मान्य
dexterous,0.9,0.0,निपुण
well-established,0.9,0.0,स्थिरस्थावर
amiable,0.9,0.0,प्रेमळ
brisk,0.9,0.0,तेज
sincerity,0.9,0.0,प्रामाणिकपणा
beauty,0.9,0.0,सौंदर्य
advocates,0.9,0.0,वकिलांची
concise,0.9,0.0,संक्षिप्त
prudently,0.9,0.0,विवेकीपणे
revelation,0.9,0.0,प्रकटीकरण
ultra-crisp,0.9,0.0,अति कुरकुरीत
revitalize,0.9,0.0,पुनरुज्जीवन करणे
talent,0.9,0.0,प्रतिभा
wondrous,0.9,0.0,आश्चर्यकारक
helpful,0.9,0.0,उपयुक्त
fervor,0.9,0.0,उत्साही
swankier,0.9,0.0,swankier
graceful,0.9,0.0,सुंदर
trustingly,0.9,0.0,विश्वासाने
extraordinarily,0.9,0.0,विलक्षण
deginified,0.9,0.0,deginified
attractive,0.9,0.0,आकर्षक
powerful,0.9,0.0,शक्तिशाली
stimulating,0.9,0.0,उत्तेजक
empathy,0.9,0.0,सहानुभूती
suitable,0.9,0.0,योग्य
eye-catch,0.9,0.0,लक्षवेधी
tempt,0.9,0.0,परीक्षा
auspicious,0.9,0.0,शुभ
enthralled,0.9,0.0,मंत्रमुग्ध
triumphantly,0.9,0.0,विजयाने
beneficent,0.9,0.0,लाभार्थी
good,0.9,0.0,चांगले
exceptionally,0.9,0.0,अपवादात्मकपणे
dexterously,0.9,0.0,निपुणतेने
survival,0.9,0.0,जगण्याची
maturely,0.9,0.0,परिपक्व
impartiality,0.9,0.0,निष्पक्षता
relief,0.9,0.0,आराम
earnestness,0.9,0.0,प्रामाणिकपणा
trusted,0.9,0.0,विश्वासु
peacekeepers,0.9,0.0,शांतताप्रिय
endorsed,0.9,0.0,मान्यताप्राप्त
diligently,0.9,0.0,परिश्रमपूर्वक
accomplished,0.9,0.0,साध्य
entertain,0.9,0.0,करमणूक
tougher,0.9,0.0,कठीण
reforms,0.9,0.0,सुधारणा
wellbeing,0.9,0.0,कल्याण
guiltless,0.9,0.0,निर्दोष
stimulative,0.9,0.0,उत्तेजक
flawless,0.9,0.0,निर्दोष
spacious,0.9,0.0,प्रशस्त
gracefully,0.9,0.0,कृपेने
surmount,0.9,0.0,surmount
poetic,0.9,0.0,काव्यात्मक
reaffirm,0.9,0.0,पुष्टी करा
productive,0.9,0.0,उत्पादक
advantageously,0.9,0.0,फायदेशीरपणे
better,0.9,0.0,चांगले
temptingly,0.9,0.0,मोहातपणाने
passionately,0.9,0.0,उत्कटतेने
rational,0.9,0.0,तर्कसंगत
breathtakingly,0.9,0.0,चित्तथरारकपणे
unquestionable,0.9,0.0,निर्विवाद
fashionable,0.9,0.0,फॅशनेबल
uplift,0.9,0.0,उत्थान
sharpest,0.9,0.0,सर्वात वेगवान
charming,0.9,0.0,मोहक
agile,0.9,0.0,चपळ
elated,0.9,0.0,आनंदित
enrichment,0.9,0.0,समृद्धी
considerate,0.9,0.0,मानले
cleverly,0.9,0.0,हुशारीने
prefer,0.9,0.0,प्राधान्य
privilege,0.9,0.0,विशेषाधिकार
astounded,0.9,0.0,चकित झाले
trophy,0.9,0.0,करंडक
exceeds,0.9,0.0,ओलांडते
cheery,0.9,0.0,आनंदी
acclaimed,0.9,0.0,प्रशंसित
geekier,0.9,0.0,geekier
charm,0.9,0.0,मोहिनी
smiling,0.9,0.0,हसत
glitter,0.9,0.0,चमक
admiring,0.9,0.0,प्रशंसा
invaluable,0.9,0.0,अमूल्य
magic,0.9,0.0,जादू
fastest-growing,0.9,0.0,वेगाने वाढणारी
easier,0.9,0.0,सोपे
revive,0.9,0.0,पुनरुज्जीवन
commend,0.9,0.0,प्रशंसा करा
prodigy,0.9,0.0,उधळपट्टी
fearless,0.9,0.0,निर्भय
convient,0.9,0.0,योग्य
savings,0.9,0.0,बचत
appreciates,0.9,0.0,कौतुक
hardier,0.9,0.0,कठोर
zippy,0.9,0.0,झिप्पी
ebullient,0.9,0.0,उबदार
examplary,0.9,0.0,नमुना
prolific,0.9,0.0,विपुल
gallantly,0.9,0.0,शौर्याने
manageable,0.9,0.0,व्यवस्थापित करण्यायोग्य
protective,0.9,0.0,संरक्षणात्मक
politeness,0.9,0.0,सभ्यता
optimistic,0.9,0.0,आशावादी
sane,0.9,0.0,विवेकी
fortunate,0.9,0.0,भाग्यवान
doubtless,0.9,0.0,निःसंशय
conscientious,0.9,0.0,प्रामाणिक
invincible,0.9,0.0,अजिंक्य
restructured,0.9,0.0,पुनर्रचना
fiery,0.9,0.0,अग्निमय
irresistibly,0.9,0.0,निर्विकारपणे
welcome,0.9,0.0,स्वागत आहे
smilingly,0.9,0.0,हसत हसत
rapture,0.9,0.0,अत्यानंद (ब्रम्हानंद)
tantalizing,0.9,0.0,टँटलिझिंग
inspiring,0.9,0.0,प्रेरणादायक
luminous,0.9,0.0,चमकदार
luck,0.9,0.0,नशीब
efficiently,0.9,0.0,कार्यक्षमतेने
recomend,0.9,0.0,पुनर्प्राप्त
beneficial,0.9,0.0,फायदेशीर
spontaneous,0.9,0.0,उत्स्फूर्त
feasible,0.9,0.0,व्यवहार्य
cheer,0.9,0.0,आनंदी
strong,0.9,0.0,मजबूत
variety,0.9,0.0,विविधता
prudence,0.9,0.0,सावधगिरी
romantic,0.9,0.0,रोमँटिक
marvel,0.9,0.0,चमत्कार
upgradable,0.9,0.0,सुधारीत
likes,0.9,0.0,आवडी
cooperative,0.9,0.0,सहकारी
idolized,0.9,0.0,मूर्तीकृत
positively,0.9,0.0,सकारात्मकतेने
gain,0.9,0.0,मिळवणे
eyecatch,0.9,0.0,eyecatch
flatteringly,0.9,0.0,चापटपणाने
heroic,0.9,0.0,वीर
zest,0.9,0.0,उत्साह
attentive,0.9,0.0,सावध
glorify,0.9,0.0,गौरव करा
prosperity,0.9,0.0,भरभराट
smoothly,0.9,0.0,सहजतेने
authoritative,0.9,0.0,अधिकृत
meticulously,0.9,0.0,सावधपणे
principled,0.9,0.0,प्रिन्सिपल
dignify,0.9,0.0,सन्मान
eyecatching,0.9,0.0,eyecatching
excelent,0.9,0.0,उत्कृष्ट
vibrantly,0.9,0.0,दोलायमानपणे
advocated,0.9,0.0,वकिली केली
desirous,0.9,0.0,इष्ट
excite,0.9,0.0,खळबळ
proves,0.9,0.0,सिद्ध करते
trouble-free,0.9,0.0,त्रासमुक्त
exuberant,0.9,0.0,विपुल
promised,0.9,0.0,वचन दिले
noteworthy,0.9,0.0,उल्लेखनीय
upliftment,0.9,0.0,उत्थान
wisdom,0.9,0.0,शहाणपणा
judicious,0.9,0.0,न्याय्य
personages,0.9,0.0,वर्ण
blissful,0.9,0.0,आनंदी
rosy,0.9,0.0,गुलाबी
stately,0.9,0.0,सभ्य
fancier,0.9,0.0,फॅन्सीअर
finely,0.9,0.0,बारीक
intelligent,0.9,0.0,हुशार
lush,0.9,0.0,समृद्धीचे
thoughtfulness,0.9,0.0,विवेकीपणा
feature-rich,0.9,0.0,वैशिष्ट्यपूर्ण
rock-stars,0.9,0.0,रॉक-तारे
morality,0.9,0.0,नैतिकता
qualify,0.9,0.0,पात्र
durable,0.9,0.0,टिकाऊ
realizable,0.9,0.0,जाणण्यायोग्य
glistening,0.9,0.0,चकाकी
upscale,0.9,0.0,upscale
well-regarded,0.9,0.0,आदरणीय
fantastically,0.9,0.0,आश्चर्यकारकपणे
thinner,0.9,0.0,पातळ
lead,0.9,0.0,आघाडी
profuse,0.9,0.0,निपुण
jaw-droping,0.9,0.0,जबडा-ड्रॉपिंग
reliably,0.9,0.0,विश्वासाने
clarity,0.9,0.0,स्पष्टता
award,0.9,0.0,पुरस्कार
relish,0.9,0.0,चव
wonderously,0.9,0.0,आश्चर्यकारकपणे
faithfulness,0.9,0.0,विश्वासूपणा
invigorating,0.9,0.0,उत्साहवर्धक
believeable,0.9,0.0,विश्वासार्ह
breakthrough,0.9,0.0,घुसखोरी
master,0.9,0.0,मास्टर
boost,0.9,0.0,चालना
flutter,0.9,0.0,फडफड
illuminati,0.9,0.0,इल्युमिनती
dominated,0.9,0.0,वर्चस्व
inviolable,0.9,0.0,अजिंक्य
delightfully,0.9,0.0,आनंदाने
ethical,0.9,0.0,नैतिक
precious,0.9,0.0,मौल्यवान
dazzled,0.9,0.0,चकचकीत
fast,0.9,0.0,वेगवान
tantalize,0.9,0.0,चिडवणे
respect,0.9,0.0,आदर
reputation,0.9,0.0,प्रतिष्ठा
precise,0.9,0.0,अचूक
credence,0.9,0.0,विश्वासार्हता
divinely,0.9,0.0,ईश्वरीपणे
benefits,0.9,0.0,फायदे
eye-catching,0.9,0.0,लक्षवेधी
adventuresome,0.9,0.0,साहसी
impressive,0.9,0.0,प्रभावी
facilitate,0.9,0.0,सुलभ करा
well,0.9,0.0,चांगले
immense,0.9,0.0,अफाट
inestimably,0.9,0.0,insertmably
well-connected,0.9,0.0,चांगले कनेक्ट केलेले
convenient,0.9,0.0,सोयीस्कर
solidarity,0.9,0.0,एकता
affirmation,0.9,0.0,पुष्टीकरण
hospitable,0.9,0.0,आदरणीय
commendably,0.9,0.0,कौतुकास्पद
exemplary,0.9,0.0,अनुकरणीय
thumb-up,0.9,0.0,अंगठा
thrifty,0.9,0.0,थ्रीटी
patience,0.9,0.0,संयम
pep,0.9,0.0,pep
defeat,0.9,0.0,पराभव
trustworthy,0.9,0.0,विश्वासार्ह
affability,0.9,0.0,प्रेमळपणा
prosper,0.9,0.0,भरभराट
sharp,0.9,0.0,तीक्ष्ण
traction,0.9,0.0,कर्षण
elevate,0.9,0.0,उन्नत करणे
festive,0.9,0.0,उत्सव
superbly,0.9,0.0,फारच
upgraded,0.9,0.0,श्रेणीसुधारित
glamorous,0.9,0.0,मोहक
lively,0.9,0.0,सजीव
peerless,0.9,0.0,निर्विकार
bliss,0.9,0.0,आनंद
revere,0.9,0.0,आदर करणे
affectionate,0.9,0.0,प्रेमळ
brilliant,0.9,0.0,हुशार
shine,0.9,0.0,चमकणे
idolize,0.9,0.0,मूर्ती करणे
self-respect,0.9,0.0,स्वाभिमान
suffice,0.9,0.0,पुरेसे
exhilaration,0.9,0.0,आनंद
fancy,0.9,0.0,फॅन्सी
purposeful,0.9,0.0,हेतूपूर्ण
wow,0.9,0.0,व्वा
diversified,0.9,0.0,वैविध्यपूर्ण
famous,0.9,0.0,प्रसिद्ध
assurances,0.9,0.0,विमा
slammin,0.9,0.0,स्लॅमिन
love,0.9,0.0,प्रेम
unlimited,0.9,0.0,अमर्यादित
benefactor,0.9,0.0,उपकारकर्ता
navigable,0.9,0.0,सुगम
satisfied,0.9,0.0,समाधानी
gush,0.9,0.0,आनंदी
delightfulness,0.9,0.0,आनंद
fascinatingly,0.9,0.0,मोहकपणे
leads,0.9,0.0,ठरतो
expeditiously,0.9,0.0,त्वरेने
humour,0.9,0.0,विनोद
reputable,0.9,0.0,प्रतिष्ठित
shimmeringly,0.9,0.0,लखलखीत
genius,0.9,0.0,अलौकिक बुद्धिमत्ता
streamlined,0.9,0.0,सुव्यवस्थित
unmatched,0.9,0.0,न जुळणारे
boundless,0.9,0.0,अमर्याद
effortlessly,0.9,0.0,सहजतेने
lyrical,0.9,0.0,कल्पित
reconciliation,0.9,0.0,सलोखा
proper,0.9,0.0,योग्य
amuse,0.9,0.0,विस्मित
infallible,0.9,0.0,अचूक
immaculately,0.9,0.0,बेदाग
spellbindingly,0.9,0.0,जादूपूर्वक
cohesive,0.9,0.0,संलग्न
sweet,0.9,0.0,गोड
dominates,0.9,0.0,वर्चस्व
exceptional,0.9,0.0,अपवादात्मक
productively,0.9,0.0,उत्पादक म्हणून
successes,0.9,0.0,यश
pampered,0.9,0.0,लाड केले
beneficiary,0.9,0.0,लाभार्थी
supreme,0.9,0.0,सर्वोच्च
foresight,0.9,0.0,दूरदृष्टी
pleasantly,0.9,0.0,सुखद
conciliatory,0.9,0.0,सुलभ
endorsement,0.9,0.0,समर्थन
outperforming,0.9,0.0,आऊटफॉर्मिंग
assure,0.9,0.0,आश्वासन
mighty,0.9,0.0,पराक्रमी
deserving,0.9,0.0,पात्र
colorful,0.9,0.0,रंगीबेरंगी
enjoys,0.9,0.0,आनंद घेतो
sustainability,0.9,0.0,टिकाव
everlasting,0.9,0.0,चिरंतन
mesmerized,0.9,0.0,मंत्रमुग्ध
praise,0.9,0.0,स्तुती
togetherness,0.9,0.0,एकरूपता
delight,0.9,0.0,आनंद
vigilance,0.9,0.0,दक्षता
adjustable,0.9,0.0,बदलानुकारी
extraordinary,0.9,0.0,विलक्षण
memorable,0.9,0.0,संस्मरणीय
enlightenment,0.9,0.0,आत्मज्ञान
swiftness,0.9,0.0,वेग
enchanted,0.9,0.0,मंत्रमुग्ध
acumen,0.9,0.0,हुशार
unabashedly,0.9,0.0,निर्दयपणे
fresher,0.9,0.0,फ्रेशर
joyously,0.9,0.0,आनंदाने
adroit,0.9,0.0,कुशल
receptive,0.9,0.0,ग्रहणक्षम
calming,0.9,0.0,शांत
gallant,0.9,0.0,धाडसी
renowned,0.9,0.0,प्रसिद्ध
fervent,0.9,0.0,उत्कट
painless,0.9,0.0,वेदनारहित
rapport,0.9,0.0,अहवाल
expansive,0.9,0.0,विस्तृत
raptureous,0.9,0.0,अत्यानंद
optimal,0.9,0.0,इष्टतम
heroize,0.9,0.0,नायिका
thrillingly,0.9,0.0,थरारकपणे
remarkably,0.9,0.0,उल्लेखनीय
eases,0.9,0.0,सुलभ
smart,0.9,0.0,हुशार
amenable,0.9,0.0,सुलभ
dummy-proof,0.9,0.0,बनावट पुरावा
overtook,0.9,0.0,मागे टाकले
astounding,0.9,0.0,आश्चर्यकारक
congratulatory,0.9,0.0,अभिनंदन
glowing,0.9,0.0,चमकणारा
simplified,0.9,0.0,सरलीकृत
honor,0.9,0.0,सन्मान
detachable,0.9,0.0,वियोग करण्यायोग्य
evocative,0.9,0.0,उत्तेजक
secure,0.9,0.0,सुरक्षित
envy,0.9,0.0,मत्सर
darling,0.9,0.0,प्रिय
playful,0.9,0.0,चंचल
wonderous,0.9,0.0,आश्चर्यकारक
paradise,0.9,0.0,नंदनवन
lucid,0.9,0.0,ल्युसिड
reachable,0.9,0.0,पोहोचण्यायोग्य
gratifies,0.9,0.0,खूष आहे
exult,0.9,0.0,आनंद
splendor,0.9,0.0,वैभव
outshone,0.9,0.0,आउशोन
refreshed,0.9,0.0,रीफ्रेश
revel,0.9,0.0,शोभणे
revolutionize,0.9,0.0,क्रांती करा
brighter,0.9,0.0,उजळ
celebratory,0.9,0.0,उत्सव
crisper,0.9,0.0,कुरकुरीत
consistently,0.9,0.0,सातत्याने
encouragement,0.9,0.0,प्रोत्साहन
workable,0.9,0.0,कार्यक्षम
pleasure,0.9,0.0,आनंद
uphold,0.9,0.0,समर्थन
decency,0.9,0.0,सभ्यता
trendy,0.9,0.0,कालानुरुप
exaltingly,0.9,0.0,उदात्तपणे
preferable,0.9,0.0,श्रेयस्कर
problem-free,0.9,0.0,समस्यामुक्त
accurate,0.9,0.0,अचूक
ingenuously,0.9,0.0,चातुर्याने
jovial,0.9,0.0,आनंददायक
enthusiastically,0.9,0.0,उत्साहाने
positive,0.9,0.0,सकारात्मक
dumbfounded,0.9,0.0,गोंधळलेला
immaculate,0.9,0.0,पवित्र
gratefully,0.9,0.0,कृतज्ञतेने
pure,0.9,0.0,शुद्ध
benevolence,0.9,0.0,परोपकार
grateful,0.9,0.0,कृतज्ञ
magnanimous,0.9,0.0,भव्य
audible,0.9,0.0,ऐकण्यायोग्य
fantastic,0.9,0.0,विलक्षण
honoring,0.9,0.0,सन्मान
exhilarate,0.9,0.0,उल्हासित करणे
savvy,0.9,0.0,जाणकार
well-rounded,0.9,0.0,गोलाकार
luxuriate,0.9,0.0,विलासी
long-lasting,0.9,0.0,चिरस्थायी
straighten,0.9,0.0,सरळ करा
friendliness,0.9,0.0,मैत्री
courage,0.9,0.0,धैर्य
ennoble,0.9,0.0,सुलभ
agilely,0.9,0.0,चपळपणे
authentic,0.9,0.0,अस्सल
smoother,0.9,0.0,नितळ
miracles,0.9,0.0,चमत्कार
destiny,0.9,0.0,नशीब
influential,0.9,0.0,प्रभावी
reconcile,0.9,0.0,समेट करणे
fav,0.9,0.0,फॅव
enrapture,0.9,0.0,आवरण
eager,0.9,0.0,उत्सुक
entertains,0.9,0.0,मनोरंजन करते
integral,0.9,0.0,अविभाज्य
majesty,0.9,0.0,भव्यता
comfortably,0.9,0.0,आरामात
vouch,0.9,0.0,गोंधळ
precisely,0.9,0.0,तंतोतंत
excitedness,0.9,0.0,उत्साह
personalized,0.9,0.0,वैयक्तिकृत
faultless,0.9,0.0,निर्दोष
better-than-expected,0.9,0.0,अपेक्षेपेक्षा जास्त चांगले
faster,0.9,0.0,वेगवान
trusting,0.9,0.0,विश्वास ठेवणे
comfortable,0.9,0.0,आरामदायक
respite,0.9,0.0,विश्रांती
elite,0.9,0.0,अभिजन
respectful,0.9,0.0,आदरयुक्त
rock-star,0.9,0.0,रॉक स्टार
stylish,0.9,0.0,तरतरीत
endorses,0.9,0.0,समर्थन
whooa,0.9,0.0,व्होआ
modest,0.9,0.0,विनम्र
gentlest,0.9,0.0,सभ्य
swift,0.9,0.0,चपळ
skillful,0.9,0.0,कुशल
individualized,0.9,0.0,वैयक्तिकृत
remunerate,0.9,0.0,मोबदला
advanced,0.9,0.0,प्रगत
contentment,0.9,0.0,समाधान
feisty,0.9,0.0,नाजूक
clear,0.9,0.0,स्पष्ट
problem-solver,0.9,0.0,प्रश्न सोडवणारा
cleared,0.9,0.0,साफ
solace,0.9,0.0,सांत्वन
abundance,0.9,0.0,विपुलता
bullish,0.9,0.0,तेजी
fascinate,0.9,0.0,मोह
positives,0.9,0.0,सकारात्मक
plentiful,0.9,0.0,भरपूर
effusive,0.9,0.0,उत्तेजक
loved,0.9,0.0,आवडले
entranced,0.9,0.0,आत प्रवेश केला
gentle,0.9,0.0,सभ्य
brilliance,0.9,0.0,तेज
stupendously,0.9,0.0,मूर्खपणाने
intelligence,0.9,0.0,बुद्धिमत्ता
rockstar,0.9,0.0,रॉकस्टार
proficiently,0.9,0.0,कुशलतेने
enthuse,0.9,0.0,मोहणे
luxurious,0.9,0.0,सर्व सुविधांनी युक्त
adaptive,0.9,0.0,अनुकूली
complement,0.9,0.0,पूरक
mercifully,0.9,0.0,दयाळूपणे
lean,0.9,0.0,दुबळा
intimate,0.9,0.0,जिव्हाळ्याचा
beutifully,0.9,0.0,सुंदरपणे
cleaner,0.9,0.0,क्लिनर
freed,0.9,0.0,मुक्त केले
gratified,0.9,0.0,खूष
ideal,0.9,0.0,आदर्श
vouchsafe,0.9,0.0,वॉचसेफ
ebulliently,0.9,0.0,उत्कटतेने
redemption,0.9,0.0,विमोचन
cherish,0.9,0.0,ह्रदयात जतन
whoooa,0.9,0.0,व्होआआ
stunningly,0.9,0.0,आश्चर्यकारकपणे
gladly,0.9,0.0,आनंदाने
triumphant,0.9,0.0,विजयी
dead-cheap,0.9,0.0,मृत-स्वस्त
illuminate,0.9,0.0,भ्रमनिरास
promising,0.9,0.0,आशादायक
abundant,0.9,0.0,मुबलक
rejuvenate,0.9,0.0,कायाकल्प करणे
righten,0.9,0.0,उजळणे
diplomatic,0.9,0.0,मुत्सद्दी
exhilaratingly,0.9,0.0,उत्साहाने
resound,0.9,0.0,पुनरुज्जीवन
glimmer,0.9,0.0,चमक
hooray,0.9,0.0,हुर्रे
faith,0.9,0.0,विश्वास
foremost,0.9,0.0,सर्वात महत्त्वाचे
heros,0.9,0.0,हेरोस
richness,0.9,0.0,समृद्धी
sumptuous,0.9,0.0,भव्य
excitedly,0.9,0.0,उत्साहाने
adulation,0.9,0.0,व्यायाम
lavishly,0.9,0.0,भव्यपणे
irresistible,0.9,0.0,अपूरणीय
valiantly,0.9,0.0,शौर्याने
noiseless,0.9,0.0,नीरव
record-setting,0.9,0.0,रेकॉर्ड सेटिंग
openly,0.9,0.0,उघडपणे
idyllic,0.9,0.0,रम्य
coolest,0.9,0.0,छान
justly,0.9,0.0,फक्त
clean,0.9,0.0,स्वच्छ
feat,0.9,0.0,पराक्रम
excites,0.9,0.0,उत्साह
fond,0.9,0.0,पार्श्वभूमी
harmony,0.9,0.0,सुसंवाद
recommend,0.9,0.0,शिफारस
goodwill,0.9,0.0,सद्भावना
excellant,0.9,0.0,उत्कृष्ट
pardon,0.9,0.0,क्षमा
richer,0.9,0.0,श्रीमंत
smiles,0.9,0.0,हसू
indulgent,0.9,0.0,भोगी
suave,0.9,0.0,मऊ
progressive,0.9,0.0,पुरोगामी
outsmart,0.9,0.0,आउटस्मार्ट
conveniently,0.9,0.0,सोयीस्करपणे
gratify,0.9,0.0,आनंद देणे
steadfastness,0.9,0.0,स्थिरता
rectify,0.9,0.0,सुधारणे
pros,0.9,0.0,साधक
trump,0.9,0.0,ट्रम्प
exultation,0.9,0.0,आनंद
thrive,0.9,0.0,भरभराट होणे
generously,0.9,0.0,उदारपणे
nourishment,0.9,0.0,पोषण
momentous,0.9,0.0,क्षणिक
fortitude,0.9,0.0,धैर्य
verifiable,0.9,0.0,सत्यापित
supports,0.9,0.0,समर्थन
happily,0.9,0.0,आनंदाने
adoring,0.9,0.0,प्रेमळ
stainless,0.9,0.0,स्टेनलेस
treasure,0.9,0.0,खजिना
endear,0.9,0.0,प्रिय
enjoying,0.9,0.0,आनंद घेत आहे
articulate,0.9,0.0,बोलणे
beautify,0.9,0.0,सुशोभित करणे
palatial,0.9,0.0,राजवाडा
win,0.9,0.0,जिंकणे
sincerely,0.9,0.0,प्रामाणिकपणे
loyalty,0.9,0.0,निष्ठा
strikingly,0.9,0.0,उल्लेखनीय
rapid,0.9,0.0,जलद
fortuitously,0.9,0.0,सुदैवाने
recommended,0.9,0.0,शिफारस केली
sharper,0.9,0.0,तीव्र
deft,0.9,0.0,निपुण
pre-eminent,0.9,0.0,पूर्वप्रसिद्ध
reasonable,0.9,0.0,वाजवी
nifty,0.9,0.0,निफ्टी
warm,0.9,0.0,उबदार
counter-attack,0.9,0.0,पालटवार
cajole,0.9,0.0,काजोल
imaginative,0.9,0.0,काल्पनिक
thrilling,0.9,0.0,थरारक
issue-free,0.9,0.0,अंकमुक्त
adore,0.9,0.0,प्रेम करणे
improves,0.9,0.0,सुधारते
wise,0.9,0.0,ज्ञानी
defeats,0.9,0.0,पराभव
smartly,0.9,0.0,हुशारीने
proactive,0.9,0.0,सक्रिय
yay,0.9,0.0,धनुष्य
non-violence,0.9,0.0,अहिंसा
majestic,0.9,0.0,भव्य
worthwhile,0.9,0.0,फायदेशीर
euphoria,0.9,0.0,आनंद
glow,0.9,0.0,चमक
perfection,0.9,0.0,परिपूर्णता
brightest,0.9,0.0,सर्वात हुशार
evenly,0.9,0.0,समान रीतीने
excellent,0.9,0.0,उत्कृष्ट
witty,0.9,0.0,मजेदार
glitz,0.9,0.0,ग्लिट्झ
leverage,0.9,0.0,फायदा
prospros,0.9,0.0,प्रॉपर्स
fame,0.9,0.0,कीर्ति
golden,0.9,0.0,सोनेरी
substantive,0.9,0.0,मूलभूत
accurately,0.9,0.0,अचूकपणे
seasoned,0.9,0.0,अनुभवी
stupendous,0.9,0.0,विलक्षण
inestimable,0.9,0.0,अमूल्य
propitious,0.9,0.0,फायदेशीर
fashionably,0.9,0.0,फॅशनेबल
regal,0.9,0.0,नियमित
persevere,0.9,0.0,चिकाटीने
well-informed,0.9,0.0,चांगली माहिती
intrigue,0.9,0.0,षड्यंत्र
jubilant,0.9,0.0,आनंदी
euphorically,0.9,0.0,आनंदाने
amiability,0.9,0.0,मैत्री
suavely,0.9,0.0,बेभानपणाने
galore,0.9,0.0,गॅलरी
sturdy,0.9,0.0,बळकट
transparent,0.9,0.0,पारदर्शक
undamaged,0.9,0.0,undamaged
cohere,0.9,0.0,कोरे
danke,0.9,0.0,धन्यवाद
elatedly,0.9,0.0,आनंदाने
benifits,0.9,0.0,benifits
achievements,0.9,0.0,कृत्ये
shimmering,0.9,0.0,लखलखीत
preferes,0.9,0.0,प्राधान्य
impartial,0.9,0.0,निःपक्षपाती
promise,0.9,0.0,वचन
spectacular,0.9,0.0,नेत्रदीपक
efficacious,0.9,0.0,प्रभावी
passion,0.9,0.0,आवड
enhances,0.9,0.0,वर्धित करते
beckoning,0.9,0.0,इशारा देत
earnestly,0.9,0.0,प्रामाणिकपणे
right,0.9,0.0,बरोबर
mightily,0.9,0.0,जोरात
favor,0.9,0.0,अनुकूलता
ingenious,0.9,0.0,कल्पक
exuberantly,0.9,0.0,उत्साहाने
exuberance,0.9,0.0,उत्साह
magnificence,0.9,0.0,भव्यता
cleanest,0.9,0.0,स्वच्छ
gaining,0.9,0.0,मिळवत आहे
fascinating,0.9,0.0,मोहक
support,0.9,0.0,समर्थन
soothingly,0.9,0.0,शांतपणे
flattering,0.9,0.0,खुशामत
orderly,0.9,0.0,सुव्यवस्थित
wonderfully,0.9,0.0,आश्चर्यकारकपणे
equitable,0.9,0.0,न्याय्य
first-class,0.9,0.0,प्रथम श्रेणी
honored,0.9,0.0,सन्मानित
sparkle,0.9,0.0,चमक
adored,0.9,0.0,प्रेमळ
ease,0.9,0.0,सहजतेने
enthrall,0.9,0.0,मंत्रमुग्ध करणे
available,0.9,0.0,उपलब्ध
enliven,0.9,0.0,चैतन्यशील
impressed,0.9,0.0,प्रभावित
supported,0.9,0.0,समर्थित
pleasing,0.9,0.0,सुखकारक
versatile,0.9,0.0,अष्टपैलू
warmly,0.9,0.0,मनापासून
marvelled,0.9,0.0,आश्चर्यचकित
pretty,0.9,0.0,सुंदर
sprightly,0.9,0.0,स्पष्टपणे
fascination,0.9,0.0,मोह
fave,0.9,0.0,fave
reasonably,0.9,0.0,यथार्थपणे
ovation,0.9,0.0,ओव्हन
speedy,0.9,0.0,वेगवान
satisfy,0.9,0.0,समाधानी
super,0.9,0.0,उत्कृष्ट
privileged,0.9,0.0,विशेषाधिकार
jaw-dropping,0.9,0.0,जबडा-सोडत
better-known,0.9,0.0,सुप्रसिद्ध
accomplishments,0.9,0.0,कृत्ये
breakthroughs,0.9,0.0,ब्रेकथ्रू
hilarious,0.9,0.0,आनंदी
pride,0.9,0.0,गर्व
hail,0.9,0.0,गारा
gains,0.9,0.0,नफा
rectification,0.9,0.0,सुधारणे
kudos,0.9,0.0,कुडो
like,0.9,0.0,आवडले
masters,0.9,0.0,मास्टर
appreciable,0.9,0.0,कौतुकास्पद
nicest,0.9,0.0,सर्वांत छान
frolic,0.9,0.0,फ्रॉलिक
safely,0.9,0.0,सुरक्षितपणे
instrumental,0.9,0.0,वाद्य
spectacularly,0.9,0.0,नेत्रदीपक
harmless,0.9,0.0,निरुपद्रवी
unity,0.9,0.0,ऐक्य
fast-paced,0.9,0.0,वेगवान
ecstasy,0.9,0.0,आनंद
enjoy,0.9,0.0,आनंद घ्या
enhancement,0.9,0.0,वाढ
assuring,0.9,0.0,आश्वासन
work,0.9,0.0,काम
edify,0.9,0.0,वाढवणे
formidable,0.9,0.0,भयंकर
instantly,0.9,0.0,त्वरित
righteously,0.9,0.0,प्रामाणिकपणे
painlessly,0.9,0.0,वेदनारहित
comfy,0.9,0.0,आरामदायक
fervidly,0.9,0.0,धैर्याने
approval,0.9,0.0,मान्यता
fertile,0.9,0.0,सुपीक
easygoing,0.9,0.0,सहज
admiration,0.9,0.0,कौतुक
reward,0.9,0.0,प्रतिफळ भरून पावले
promoter,0.9,0.0,प्रवर्तक
responsive,0.9,0.0,उत्तरदायी
rapt,0.9,0.0,rapt
wowing,0.9,0.0,वेव्हिंग
promptly,0.9,0.0,तातडीने
awestruck,0.9,0.0,अस्ताव्यस्त
joyful,0.9,0.0,आनंदी
dominate,0.9,0.0,वर्चस्व
capably,0.9,0.0,सक्षमपणे
virtue,0.9,0.0,पुण्य
prompt,0.9,0.0,प्रॉमप्ट
willingly,0.9,0.0,स्वेच्छेने
magical,0.9,0.0,जादूचा
famed,0.9,0.0,प्रसिद्ध
angel,0.9,0.0,परी
masterfully,0.9,0.0,कुशलपणे
amazing,0.9,0.0,आश्चर्यकारक
convincing,0.9,0.0,खात्री पटवणे
awsome,0.9,0.0,awsome
reforming,0.9,0.0,सुधारणा
clever,0.9,0.0,हुशार
fervently,0.9,0.0,उत्कटतेने
harmoniously,0.9,0.0,कर्णमधुरपणे
compact,0.9,0.0,कॉम्पॅक्ट
enterprising,0.9,0.0,उद्योजक
intriguing,0.9,0.0,उत्साही
aspire,0.9,0.0,महत्वाकांक्षा
elegance,0.9,0.0,लालित्य
delightful,0.9,0.0,आनंददायक
maneuverable,0.9,0.0,maneuveable
friendly,0.9,0.0,अनुकूल
gainfully,0.9,0.0,फायदेशीरपणे
ideally,0.9,0.0,आदर्शपणे
complements,0.9,0.0,पूरक
hardy,0.9,0.0,हार्डी
unconditional,0.9,0.0,बिनशर्त
homage,0.9,0.0,आदरांजली
talented,0.9,0.0,हुशार
stellarly,0.9,0.0,स्पष्टपणे
futurestic,0.9,0.0,भावी
congratulation,0.9,0.0,अभिनंदन
soft,0.9,0.0,मऊ
glory,0.9,0.0,गौरव
encouragingly,0.9,0.0,उत्साहाने
stylishly,0.9,0.0,स्टायलिशली
afford,0.9,0.0,परवडेल
jollify,0.9,0.0,घोटाळा
skill,0.9,0.0,कौशल्य
reasoned,0.9,0.0,तर्कसंगत
piety,0.9,0.0,धार्मिकता
peaceful,0.9,0.0,शांत
warmhearted,0.9,0.0,मनापासून
endorsing,0.9,0.0,समर्थन
impressively,0.9,0.0,प्रभावीपणे
bravo,0.9,0.0,ब्राव्हो
improvement,0.9,0.0,सुधारणा
sumptuously,0.9,0.0,तीव्रपणे
pamper,0.9,0.0,लाड करणे
avidly,0.9,0.0,उत्सुकतेने
profusion,0.9,0.0,भ्रम
tenaciously,0.9,0.0,कठोरपणे
glisten,0.9,0.0,चमकणे
famously,0.9,0.0,प्रख्यात
timely,0.9,0.0,वेळेवर
well-known,0.9,0.0,सुप्रसिद्ध
tranquil,0.9,0.0,निश्चल
carefree,0.9,0.0,निश्चिंत
healthful,0.9,0.0,आरोग्यदायी
dignified,0.9,0.0,प्रतिष्ठित
elegant,0.9,0.0,मोहक
easy,0.9,0.0,सोपे
excitingly,0.9,0.0,उत्साहाने
well-received,0.9,0.0,चांगले
impressiveness,0.9,0.0,प्रभावीपणा
simplifies,0.9,0.0,सुलभ करते
thrift,0.9,0.0,काटकसर
willingness,0.9,0.0,इच्छा
virtuous,0.9,0.0,सद्गुण
outperforms,0.9,0.0,आउटफॉर्म्स
adroitly,0.9,0.0,adroitly
believable,0.9,0.0,विश्वासार्ह
ecstasies,0.9,0.0,उत्साह
glimmering,0.9,0.0,चकाकी
continuity,0.9,0.0,सातत्य
unaffected,0.9,0.0,अप्रभावित
neatest,0.9,0.0,नेटेस्ट
prefered,0.9,0.0,प्राधान्य दिले
attraction,0.9,0.0,आकर्षण
kindly,0.9,0.0,प्रेमळ
breeze,0.9,0.0,ब्रीझ
amicable,0.9,0.0,प्रेमळ
flatter,0.9,0.0,चापट
knowledgeable,0.9,0.0,ज्ञानी
first-in-class,0.9,0.0,प्रथम श्रेणीत
gratifyingly,0.9,0.0,कृतज्ञतापूर्वक
windfall,0.9,0.0,वारा पडणे
nicer,0.9,0.0,चांगले
dedicated,0.9,0.0,समर्पित
well-intentioned,0.9,0.0,हेतुपुरस्सर
autonomous,0.9,0.0,स्वायत्त
awed,0.9,0.0,विचित्र
promises,0.9,0.0,आश्वासने
lucrative,0.9,0.0,किफायतशीर
compassionate,0.9,0.0,अनुकंपा
dependably,0.9,0.0,अवलंबून
handsome,0.9,0.0,देखणा
chic,0.9,0.0,डोळ्यात भरणारा
excited,0.9,0.0,उत्साहित
infallibly,0.9,0.0,अचूकपणे
proving,0.9,0.0,सिद्ध करीत आहे
impresses,0.9,0.0,प्रभावित करते
interests,0.9,0.0,आवडी
enviably,0.9,0.0,हेवा म्हणून
dotingly,0.9,0.0,विचित्रपणे
superior,0.9,0.0,श्रेष्ठ
pleasurable,0.9,0.0,आनंददायक
industrious,0.9,0.0,मेहनती
polite,0.9,0.0,सभ्य
slick,0.9,0.0,हुशार
compliant,0.9,0.0,सहत्व
smile,0.9,0.0,स्मित
agreeably,0.9,0.0,सहमत आहे
miraculousness,0.9,0.0,चमत्कार
works,0.9,0.0,कार्य करते
reverent,0.9,0.0,आदरयुक्त
graciously,0.9,0.0,कृपापूर्वक
pinnacle,0.9,0.0,शिखर
risk-free,0.9,0.0,जोखीम मुक्त
empathize,0.9,0.0,सहानुभूती
righteous,0.9,0.0,नीतिमान
subsidize,0.9,0.0,अनुदान
effusion,0.9,0.0,ओतणे
unfazed,0.9,0.0,बेबनाव
awarded,0.9,0.0,पुरस्कृत
excelled,0.9,0.0,उत्कृष्ट
beckon,0.9,0.0,बेकॉन
well-backlit,0.9,0.0,चांगले-बॅकलिट
law-abiding,0.9,0.0,कायद्याचे पालन करणारा
eased,0.9,0.0,सुलभ
amusingly,0.9,0.0,गमतीशीर
sensible,0.9,0.0,शहाणा
impeccable,0.9,0.0,निर्दोष
awesomely,0.9,0.0,आश्चर्यकारकपणे
competitive,0.9,0.0,स्पर्धात्मक
bravery,0.9,0.0,शौर्य
distinction,0.9,0.0,भेद
sagacity,0.9,0.0,भावपूर्णता
goood,0.9,0.0,चांगले
properly,0.9,0.0,व्यवस्थित
bloom,0.9,0.0,तजेला
freshest,0.9,0.0,सर्वात ताजे
richly,0.9,0.0,विपुलपणे
well-wishers,0.9,0.0,शुभचिंतक
flawlessly,0.9,0.0,निर्दोषपणे
quaint,0.9,0.0,विलक्षण
smartest,0.9,0.0,हुशार
gracious,0.9,0.0,दयाळू
youthful,0.9,0.0,तरूण
revolutionizes,0.9,0.0,क्रांती घडवते
eloquently,0.9,0.0,स्पष्टपणे
beautiful,0.9,0.0,सुंदर
feasibly,0.9,0.0,शक्यतो
relaxed,0.9,0.0,निवांत
succes,0.9,0.0,यश
incredible,0.9,0.0,अविश्वसनीय
recovery,0.9,0.0,पुनर्प्राप्ती
wisely,0.9,0.0,हुशारीने
effective,0.9,0.0,प्रभावी
merriment,0.9,0.0,आनंद
low-risk,0.9,0.0,कमी जोखीम
affluence,0.9,0.0,संपन्नता
admirable,0.9,0.0,प्रशंसनीय
inpressed,0.9,0.0,Inpressed
wows,0.9,0.0,व्वा
refine,0.9,0.0,परिष्कृत
brave,0.9,0.0,शूर
amity,0.9,0.0,प्रेम
benevolent,0.9,0.0,परोपकारी
securely,0.9,0.0,सुरक्षितपणे
improved,0.9,0.0,सुधारित
desiring,0.9,0.0,इच्छा आहे
reform,0.9,0.0,सुधारणा
romantically,0.9,0.0,प्रणयरित्या
sporty,0.9,0.0,स्पोर्टी
reverence,0.9,0.0,श्रद्धा
invigorate,0.9,0.0,उत्साह वाढवणे
outstanding,0.9,0.0,थकबाकी
prefers,0.9,0.0,प्राधान्य
magnificent,0.9,0.0,भव्य
outperformed,0.9,0.0,मात
eminence,0.9,0.0,प्रतिष्ठा
satisified,0.9,0.0,समाधानी
enviousness,0.9,0.0,मत्सर
overjoyed,0.9,0.0,आनंद झाला
sophisticated,0.9,0.0,परिष्कृत
extol,0.9,0.0,स्तुती करणे
astonishingly,0.9,0.0,आश्चर्यचकितपणे
world-famous,0.9,0.0,जग प्रसिद्ध
gratitude,0.9,0.0,कृतज्ञता
deservedly,0.9,0.0,योग्य
mesmerizingly,0.9,0.0,मंत्रमुग्धपणे
unparalleled,0.9,0.0,अतुलनीय
gorgeously,0.9,0.0,भव्यपणे
genial,0.9,0.0,छान
succeed,0.9,0.0,यशस्वी
beautifullly,0.9,0.0,सुशोभितपणे
faithfully,0.9,0.0,विश्वासाने
priceless,0.9,0.0,अमूल्य
exultant,0.9,0.0,नृत्य
thank,0.9,0.0,धन्यवाद
thumbs-up,0.9,0.0,उत्तम
titillating,0.9,0.0,शीर्षक
preferably,0.9,0.0,शक्यतो
wonder,0.9,0.0,आश्चर्य
jubilate,0.9,0.0,आनंदोत्सव
finest,0.9,0.0,उत्कृष्ट
recommendation,0.9,0.0,शिफारस
astonishing,0.9,0.0,आश्चर्यकारक
enrapt,0.9,0.0,आत शिरणे
honesty,0.9,0.0,प्रामाणिकपणा
luxury,0.9,0.0,लक्झरी
futuristic,0.9,0.0,भविष्यवादी
important,0.9,0.0,महत्वाचे
gaily,0.9,0.0,गईल
smooth,0.9,0.0,गुळगुळीत
stronger,0.9,0.0,मजबूत
high-spirited,0.9,0.0,उच्च उत्साही
succeeding,0.9,0.0,यशस्वी
beloved,0.9,0.0,प्रिय
beautifully,0.9,0.0,सुंदर
sustainable,0.9,0.0,टिकाऊ
staunch,0.9,0.0,कट्टर
nice,0.9,0.0,छान
acclamation,0.9,0.0,प्रशंसा
stellar,0.9,0.0,तार्यांचा
favorited,0.9,0.0,आवडले
zenith,0.9,0.0,जेनिथ
courteous,0.9,0.0,सभ्य
heroically,0.9,0.0,वीरपणे
lucky,0.9,0.0,भाग्यवान
correctly,0.9,0.0,योग्यरित्या
prudent,0.9,0.0,विवेकी
success,0.9,0.0,यश
lustrous,0.9,0.0,लंपट
non-violent,0.9,0.0,अहिंसक
fervid,0.9,0.0,चिडखोर
gratifying,0.9,0.0,समाधानकारक
statuesque,0.9,0.0,पुतळा
heartening,0.9,0.0,हार्दिक
unequivocally,0.9,0.0,स्पष्टपणे
brand-new,0.9,0.0,नवीन
blockbuster,0.9,0.0,ब्लॉकबस्टर
breathtaking,0.9,0.0,चित्तथरारक
remission,0.9,0.0,माफी
heal,0.9,0.0,बरे
accomodative,0.9,0.0,राहण्याची सोय
ebullience,0.9,0.0,उदासपणा
rightness,0.9,0.0,औचित्य
nobly,0.9,0.0,उदंड
finer,0.9,0.0,बारीक
gaiety,0.9,0.0,आनंदी
eagerly,0.9,0.0,उत्सुकतेने
accessable,0.9,0.0,प्रवेश करण्यायोग्य
acclaim,0.9,0.0,प्रशंसा
self-sufficient,0.9,0.0,स्वयंपूर्ण
adulatory,0.9,0.0,नियामक
roomy,0.9,0.0,प्रशस्त
harmonious,0.9,0.0,कर्णमधुर
ecstatically,0.9,0.0,उत्साहाने
relent,0.9,0.0,शांत
impassioned,0.9,0.0,उत्कट
rectifying,0.9,0.0,सुधारत आहे
prize,0.9,0.0,बक्षीस
beauteous,0.9,0.0,सुंदर
confidence,0.9,0.0,आत्मविश्वास
cherished,0.9,0.0,प्रेमळ
outstrip,0.9,0.0,आऊटस्ट्रिप
wieldy,0.9,0.0,वेल्डी
picturesque,0.9,0.0,नयनरम्य
educated,0.9,0.0,सुशिक्षित
dauntless,0.9,0.0,निर्भय
embolden,0.9,0.0,उदंड
reaffirmation,0.9,0.0,पुष्टीकरण
cost-saving,0.9,0.0,खर्च बचत
brainy,0.9,0.0,मेंदूत
unencumbered,0.9,0.0,बिनविरोध
amenity,0.9,0.0,सुविधा
valor,0.9,0.0,मूल्य
convience,0.9,0.0,खात्री
err-free,0.9,0.0,चूकमुक्त
hotcake,0.9,0.0,गरम केक
delighted,0.9,0.0,आनंद झाला
prestigious,0.9,0.0,प्रतिष्ठित
amazingly,0.9,0.0,आश्चर्यकारकपणे
encourage,0.9,0.0,प्रोत्साहित करा
liked,0.9,0.0,आवडले
correct,0.9,0.0,योग्य
outdo,0.9,0.0,मागे टाकणे
helped,0.9,0.0,मदत केली
accolade,0.9,0.0,प्रशंसा
invulnerable,0.9,0.0,अभेद्य
defeating,0.9,0.0,पराभूत
gems,0.9,0.0,रत्ने
low-priced,0.9,0.0,कमी किंमतीची
patiently,0.9,0.0,संयमाने
dazzle,0.9,0.0,चकचकीत
enviable,0.9,0.0,हेवा करण्यायोग्य
engaging,0.9,0.0,आकर्षक
ingenuous,0.9,0.0,कल्पक
peach,0.9,0.0,सुदंर आकर्षक मुलगी
gleefully,0.9,0.0,आनंदाने
supurbly,0.9,0.0,supurbly
refund,0.9,0.0,परतावा
lower-priced,0.9,0.0,कमी किंमत
patriotic,0.9,0.0,देशभक्त
calmness,0.9,0.0,शांतता
irreplaceable,0.9,0.0,न बदलता येण्यासारखे
fearlessly,0.9,0.0,निर्भयपणे
steadfastly,0.9,0.0,स्थिरपणे
exalting,0.9,0.0,उदात्त
trustworthiness,0.9,0.0,विश्वासार्हता
accommodative,0.9,0.0,सोयीस्कर
unrestricted,0.9,0.0,प्रतिबंधित
affordably,0.9,0.0,परवडणारे
appeal,0.9,0.0,अपील
integrated,0.9,0.0,एकात्मिक
dead-on,0.9,0.0,मृत
remarkable,0.9,0.0,उल्लेखनीय
brainiest,0.9,0.0,बुद्धीमान
time-honored,0.9,0.0,वेळ-सन्मान
savior,0.9,0.0,रक्षणकर्ता
backbone,0.9,0.0,पाठीचा कणा
outstandingly,0.9,0.0,उत्कृष्टपणे
amazement,0.9,0.0,आश्चर्य
replaceable,0.9,0.0,बदलण्यायोग्य
swankiest,0.9,0.0,swankiest
energy-saving,0.9,0.0,उर्जेची बचत करणे
prodigious,0.9,0.0,उदंड
amicably,0.9,0.0,प्रेमळपणे
guarantee,0.9,0.0,हमी
simplifying,0.9,0.0,सरलीकरण
supremacy,0.9,0.0,वर्चस्व
softer,0.9,0.0,मऊ
honest,0.9,0.0,प्रामाणिक
covenant,0.9,0.0,करार
striking,0.9,0.0,टोलावणे
sensitive,0.9,0.0,संवेदनशील
attractively,0.9,0.0,आकर्षकपणे
electrify,0.9,0.0,विद्युतीकरण
best-performing,0.9,0.0,उत्कृष्ट कामगिरी
simplify,0.9,0.0,सुलभ करा
spellbinding,0.9,0.0,शब्दलेखन
cure-all,0.9,0.0,बरा
hands-down,0.9,0.0,हात खाली
soundly,0.9,0.0,शांतपणे
snappy,0.9,0.0,चिडखोर
exquisite,0.9,0.0,उत्कृष्ट
reassure,0.9,0.0,आश्वासन
brilliances,0.9,0.0,brilliances
paramount,0.9,0.0,सर्वोपरि
dextrous,0.9,0.0,निंदनीय
lucidly,0.9,0.0,lucidly
contrasty,0.9,0.0,विरोधाभासी
accomplishment,0.9,0.0,सिद्धी
humorous,0.9,0.0,विनोदी
appropriate,0.9,0.0,योग्य
undisputably,0.9,0.0,निर्विवादपणे
clearly,0.9,0.0,स्पष्टपणे
admiringly,0.9,0.0,आदरपूर्वक
eventful,0.9,0.0,प्रसंग
guidance,0.9,0.0,मार्गदर्शन
hallowed,0.9,0.0,पवित्र
liberate,0.9,0.0,मुक्त करा
reclaim,0.9,0.0,पुन्हा हक्क सांगा
outperform,0.9,0.0,आउटफॉर्म
valiant,0.9,0.0,शूर
magnanimously,0.9,0.0,मोठेपणाने
upliftingly,0.9,0.0,उत्थान
heaven,0.9,0.0,स्वर्ग
robust,0.9,0.0,मजबूत
blameless,0.9,0.0,निर्दोष
spellbind,0.9,0.0,शब्दलेखन
meritorious,0.9,0.0,गुणवान
self-determination,0.9,0.0,आत्मनिर्णय
happiness,0.9,0.0,आनंद
enjoyable,0.9,0.0,आनंददायक
subsidizes,0.9,0.0,अनुदान
nurturing,0.9,0.0,पालनपोषण
eminent,0.9,0.0,ख्यातनाम
heavenly,0.9,0.0,स्वर्गीय
engrossing,0.9,0.0,मोहक
rich,0.9,0.0,श्रीमंत
humor,0.9,0.0,विनोद
first-rate,0.9,0.0,प्रथम दर
unselfish,0.9,0.0,निःस्वार्थ
oasis,0.9,0.0,ओएसिस
poised,0.9,0.0,समतोल
kid-friendly,0.9,0.0,मुलासाठी अनुकूल
harmonize,0.9,0.0,सुसंवाद साधणे
vigilant,0.9,0.0,जागरुक
outwit,0.9,0.0,चुकणे
adoringly,0.9,0.0,प्रेमळपणे
quieter,0.9,0.0,शांत
fondly,0.9,0.0,प्रेमळपणे
instructive,0.9,0.0,उपदेशात्मक
complemented,0.9,0.0,पूरक
all-around,0.9,0.0,सर्व सुमारे
hallmarks,0.9,0.0,हॉलमार्क
soundness,0.9,0.0,आवाज
dashing,0.9,0.0,धडपड
overtaken,0.9,0.0,मागे टाकले
grace,0.9,0.0,कृपा
advocate,0.9,0.0,वकिली
fanfare,0.9,0.0,धूम
jubilantly,0.9,0.0,आनंदाने
praising,0.9,0.0,स्तुती
tops,0.9,0.0,उत्कृष्ट
succeeds,0.9,0.0,यशस्वी
astonished,0.9,0.0,आश्चर्यचकित
danken,0.9,0.0,धन्यवाद
affection,0.9,0.0,आपुलकी
geeky,0.9,0.0,हळूवार
hot,0.9,0.0,गरम
advantageous,0.9,0.0,फायदेशीर
improve,0.9,0.0,सुधारणे
sweetheart,0.9,0.0,प्रेयसी
eloquence,0.9,0.0,वक्तृत्व
audibly,0.9,0.0,श्रवणशक्तीने
charmingly,0.9,0.0,मोहकपणे
incredibly,0.9,0.0,विश्वास बसणार नाही इतका
solicitous,0.9,0.0,एकटा
well-made,0.9,0.0,चांगले केले
logical,0.9,0.0,तार्किक
zeal,0.9,0.0,आवेश
thoughtfully,0.9,0.0,विचारपूर्वक
solid,0.9,0.0,घन
deference,0.9,0.0,आदर
intuitive,0.9,0.0,अंतर्ज्ञानी
punctual,0.9,0.0,विरामचिन्हे
hallmark,0.9,0.0,हॉलमार्क
redeeming,0.9,0.0,सोडवत आहे
safe,0.9,0.0,सुरक्षित
excallent,0.9,0.0,उत्कृष्ट
fortune,0.9,0.0,भाग्य
grin,0.9,0.0,हसणे
awesomeness,0.9,0.0,आश्चर्यकारकपणा
succeeded,0.9,0.0,यशस्वी
beckons,0.9,0.0,बेकन्स
pamperedly,0.9,0.0,अजिबात
appreciative,0.9,0.0,कौतुकास्पद
thrilled,0.9,0.0,आनंदित
loyal,0.9,0.0,निष्ठावंत
adventurous,0.9,0.0,साहसी
booming,0.9,0.0,भरभराटीचा
renown,0.9,0.0,यश
dote,0.9,0.0,हुंडा
reformed,0.9,0.0,सुधारित
excellently,0.9,0.0,उत्कृष्टपणे
fresh,0.9,0.0,ताजे
exceedingly,0.9,0.0,फारच
undisputable,0.9,0.0,निर्विवाद
distinctive,0.9,0.0,विशिष्ट
hale,0.9,0.0,हॅले
gloriously,0.9,0.0,वैभवाने
elan,0.9,0.0,घोषणा
stylized,0.9,0.0,शैलीकृत
sweeten,0.9,0.0,गोड
alluring,0.9,0.0,मोहक
fecilitous,0.9,0.0,कल्पित
overtaking,0.9,0.0,ओव्हरटेकिंग
saver,0.9,0.0,बचतकर्ता
ftw,0.9,0.0,ftw
laudable,0.9,0.0,प्रशंसनीय
euphoric,0.9,0.0,उत्साहपूर्ण
impartially,0.9,0.0,निःपक्षपातीपणे
lifesaver,0.9,0.0,जीवरक्षक
simplest,0.9,0.0,सर्वात सोपा
excellency,0.9,0.0,उत्कृष्टता
agility,0.9,0.0,चपळता
blessing,0.9,0.0,आशीर्वाद
winnable,0.9,0.0,जिंकलेले
fair,0.9,0.0,योग्य
monumentally,0.9,0.0,स्मारक म्हणून
felicity,0.9,0.0,सत्कार
hottest,0.9,0.0,सर्वात लोकप्रिय
courtly,0.9,0.0,न्यायालयीन
headway,0.9,0.0,प्रगती
bonuses,0.9,0.0,बोनस
best-known,0.9,0.0,प्रख्यात
significant,0.9,0.0,लक्षणीय
smoothes,0.9,0.0,गुळगुळीत
prettily,0.9,0.0,prettily
affinity,0.9,0.0,आत्मीयता
meaningful,0.9,0.0,अर्थपूर्ण
prosperous,0.9,0.0,समृद्ध
ambitiously,0.9,0.0,महत्वाकांक्षेने
versatility,0.9,0.0,अष्टपैलुत्व
lawfully,0.9,0.0,कायदेशीररित्या
resourceful,0.9,0.0,संसाधनात्मक
endearing,0.9,0.0,प्रेमळ
felicitate,0.9,0.0,शुभेच्छा
heartily,0.9,0.0,मनापासून
admire,0.9,0.0,प्रशंसा
suffices,0.9,0.0,पुरेशी
aspirations,0.9,0.0,आकांक्षा
infallibility,0.9,0.0,अपूर्णता
surpass,0.9,0.0,मागे टाकणे
delicious,0.9,0.0,रुचकर
complimentary,0.9,0.0,मानार्थ
novelty,0.9,0.0,अद्भुतता
coherence,0.9,0.0,सुसंवाद
subsidized,0.9,0.0,अनुदानित
surreal,0.9,0.0,अतिरेकी
spiritual,0.9,0.0,अध्यात्मिक
grandeur,0.9,0.0,महानता
improving,0.9,0.0,सुधारत आहे
goodness,0.9,0.0,चांगुलपणा
bonus,0.9,0.0,बोनस
amusing,0.9,0.0,मनोरंजक
confident,0.9,0.0,आत्मविश्वास
felicitous,0.9,0.0,सुसंस्कृत
compactly,0.9,0.0,कॉम्पॅक्टली
trivially,0.9,0.0,क्षुल्लक
achievable,0.9,0.0,प्राप्य
merrily,0.9,0.0,आनंदाने
exhilarating,0.9,0.0,आनंददायक
thrills,0.9,0.0,थरार
tidy,0.9,0.0,नीटनेटका
jubiliant,0.9,0.0,जयंती
sensibly,0.9,0.0,संवेदनशीलतेने
restructure,0.9,0.0,पुनर्रचना
miraculous,0.9,0.0,चमत्कारी
glee,0.9,0.0,आनंद
whoa,0.9,0.0,ओहो
superb,0.9,0.0,भव्य
obsession,0.9,0.0,व्यापणे
joyfully,0.9,0.0,आनंदाने
undisputed,0.9,0.0,निर्विवाद
comely,0.9,0.0,सुस्त
gorgeous,0.9,0.0,भव्य
luckier,0.9,0.0,भाग्यवान
worth,0.9,0.0,किमतीची
beneficially,0.9,0.0,फायदेशीरपणे
user-replaceable,0.9,0.0,वापरकर्ता-बदलण्यायोग्य
decent,0.9,0.0,सभ्य
blissfully,0.9,0.0,आनंदाने
salutary,0.9,0.0,नमस्कार
commodious,0.9,0.0,कमोडिटी
stable,0.9,0.0,स्थिर
scenic,0.9,0.0,निसर्गरम्य
unassailable,0.9,0.0,अनुपलब्ध
holy,0.9,0.0,पवित्र
invincibility,0.9,0.0,अजिंक्यता
enchant,0.9,0.0,जादू करा
appealing,0.9,0.0,आकर्षक
resolute,0.9,0.0,दृढ
titillatingly,0.9,0.0,शिखर
excellence,0.9,0.0,उत्कृष्टता
perfect,0.9,0.0,परिपूर्ण
revolutionized,0.9,0.0,क्रांती झाली
exalted,0.9,0.0,उदात्त
loves,0.9,0.0,आवडतात
accolades,0.9,0.0,प्रशंसा
delectable,0.9,0.0,निंदनीय
wowed,0.9,0.0,व्वा
