Term,PosScore,NegScore,Telugu
direct,0.75,0.0,ప్రత్యక్ష
adoptable,0.75,0.0,adoptable
due,0.75,0.0,కారణంగా
ravishing,0.75,0.0,ravishing
benefic,0.75,0.0,ఉపయోగకరంగా
unsurpassable,1.0,0.0,unsurpassable
thorough,0.75,0.0,కూలంకషంగా
cautious,0.75,0.0,జాగ్రత్తగా
competent,0.75,0.0,సమర్థ
workmanlike,0.75,0.0,workmanlike
competent,0.75,0.0,సమర్థ
full-blown,0.75,0.0,పూర్తిస్థాయి
conspicuous,0.75,0.0,ప్రస్ఫుటమైన
differentiable,0.75,0.0,అవకలజ
constant,0.75,0.125,స్థిరమైన
incorrupt,0.75,0.25,incorrupt
corn-fed,0.75,0.0,మొక్కజొన్న తినిపించిన
decorous,0.75,0.0,decorous
definite,0.75,0.0,ఖచ్చితమైన
importunate,0.75,0.125,importunate
plummy,0.75,0.0,plummy
discerning,0.875,0.0,తెలుసుకునే
incisive,0.75,0.0,మనసును తాకే
metal-cutting,0.75,0.0,మెటల్ కోసే
bounden,0.875,0.0,వత్తిడిచేయబడిన
disenchanted,0.875,0.0,భాదిత
exportable,0.75,0.0,ఎగమతి
enlightened,0.75,0.0,జ్ఞానోదయం
estimable,1.0,0.0,అంచనా వేయడానికి లేదు
exchangeable,0.75,0.0,మార్చుకోవడానికి
expendable,0.75,0.0,expendable
extricable,0.75,0.0,extricable
fit,0.75,0.0,ఆరోగ్యంగా
pleasant-smelling,0.75,0.0,ఆహ్లాదకరమైన వాసనలు కల
goodish,0.75,0.0,goodish
goody-goody,0.875,0.0,గూడీ-గూడీ
white,0.75,0.0,తెలుపు
good-natured,0.75,0.0,మంచి స్వభావం
gainly,0.875,0.0,gainly
bouncing,0.75,0.0,బౌన్సింగ్
firm,0.875,0.0,సంస్థ
hearty,0.75,0.0,హృదయపూర్వక
well-preserved,0.75,0.0,బాగా సంరక్షించబడిన
laureate,0.75,0.0,గ్రహీత
droll,0.75,0.0,వింతైన
measurable,0.75,0.0,కొలమాన
intellectual,0.875,0.0,మేధో
inviting,0.75,0.0,ఆహ్వానించకుండా
gladsome,0.75,0.0,సంతోషమైన
singable,0.75,0.0,singable
moralistic,0.75,0.125,moralistic
incorrupt,0.75,0.25,incorrupt
licit,0.75,0.0,బిడ్
incumbent,0.875,0.0,అధికారంలోలేని
unimpassioned,0.75,0.0,unimpassioned
finished,0.75,0.0,పూర్తి
microscopic,0.75,0.0,మైక్రోస్కోపిక్
halal,0.75,0.0,చట్టబద్ధమైన
kosher,0.75,0.0,కోషెర్
disarming,0.75,0.125,disarming
white,0.75,0.125,తెలుపు
ladylike,0.75,0.0,ladylike
unprintable,0.75,0.25,ముద్రించలేని
diffident,0.875,0.0,భయపడే
answerable,0.875,0.0,జవాబు
emancipative,0.75,0.125,emancipative
danceable,0.75,0.0,నృత్యం చేయడానికి వీలుగా
opposite,0.75,0.125,వ్యతిరేక
antiseptic,0.75,0.25,క్రిమినాశక
shapely,0.75,0.0,కుదురైన
well-proportioned,0.75,0.0,బాగా తగినట్లు
sound,0.75,0.0,ధ్వని
straightarrow,0.875,0.125,straightarrow
upper,0.75,0.0,ఎగువ
banner,0.875,0.0,బ్యానర్
gilt-edged,0.75,0.0,గిల్ట్ కొనలను
premium,0.75,0.0,ప్రీమియం
shining,0.75,0.0,మెరుస్తూ
spiffing,0.875,0.0,spiffing
choice,0.75,0.125,ఎంపిక
serviceable,0.75,0.0,సేవలు
sacred,0.75,0.0,పవిత్ర
constitutional,0.75,0.0,రాజ్యాంగ
deliverable,0.75,0.0,డెలివరీబుల్
ducal,0.75,0.0,డ్యూక్ ఒకరు నిర్మించిన
masterstroke,0.75,0.0,masterstroke
pleasantry,0.75,0.0,pleasantry
indignity,0.75,0.0,అవమానం
props,0.875,0.0,ఆధారాలు
titillation,0.75,0.0,titillation
beatification,0.75,0.0,బీటిఫికేషన్
rambouillet,0.75,0.0,Rambouillet
character,0.875,0.0,పాత్ర
drama,0.75,0.0,డ్రామా
chirpiness,0.75,0.0,chirpiness
vivacity,0.75,0.25,vivacity
mettlesomeness,0.75,0.0,mettlesomeness
bluffness,0.875,0.0,bluffness
picturesqueness,0.875,0.0,picturesqueness
pleasingness,0.75,0.0,pleasingness
attractiveness,0.75,0.0,ఆకర్షణకు
innateness,0.75,0.25,స్వాభావికత
totality,0.75,0.0,సంపూర్ణమైన
looseness,0.75,0.25,వదులు
wholesomeness,0.875,0.0,ఆరోగ్యవంతం
healthfulness,0.875,0.0,healthfulness
trueness,0.75,0.0,trueness
tastefulness,0.875,0.0,రుచిగల
urbanity,0.875,0.0,Urbanity
conscientiousness,0.75,0.0,నైతిక భావం
safeness,0.75,0.25,safeness
scrupulousness,0.75,0.0,scrupulousness
integrity,0.875,0.125,సమగ్రతను
probity,0.75,0.0,ఋజువర్తనము
artfulness,0.75,0.0,కపటం
dedication,0.875,0.0,అంకితం
urbanity,0.875,0.0,Urbanity
crispness,0.875,0.0,crispness
extremeness,0.75,0.25,extremeness
reasonableness,0.75,0.0,సహేతుకతను
affirmativeness,0.75,0.0,affirmativeness
importance,0.75,0.125,ప్రాముఖ్యతను
account,0.875,0.125,ఖాతా
meaningfulness,0.75,0.125,అర్ధాన్ని
shrillness,0.75,0.25,shrillness
eye,0.75,0.0,కంటి
logic,0.75,0.0,తర్కం
judiciousness,0.875,0.0,judiciousness
ear,0.75,0.0,చెవి
balletomania,0.75,0.0,balletomania
mastering,0.75,0.0,మాస్టరింగ్
principle,0.75,0.0,సూత్రం
hedonism,0.75,0.0,హెడోనిజం
courtesy,0.75,0.0,మర్యాద
topper,0.75,0.0,ఉన్నతాధికార
divination,0.875,0.0,భవిష్యవాణి
moralism,0.75,0.125,moralism
bonheur,0.875,0.0,ఆనందం
beneficence,0.75,0.0,క్షేమం
criollo,0.75,0.0,Creole
amoralist,0.75,0.0,amoralist
brick,0.75,0.0,ఇటుక
first-rater,1.0,0.0,మొదటి రేటర్
out-and-outer,0.75,0.0,పూర్తియైన బాహ్య
pleaser,0.75,0.0,మెచ్చింది
possible,0.75,0.0,సాధ్యం
serendipity,0.75,0.125,వూహించని
antithesis,0.75,0.0,విపరీతం
contrary,0.75,0.0,విరుద్ధంగా
algidity,0.75,0.25,algidity
pathology,0.75,0.125,పాథాలజీ
character,0.875,0.0,పాత్ర
fettle,0.75,0.0,అవస్ధ
time,0.75,0.0,సమయం
simply,0.75,0.0,కేవలం
downright,0.75,0.0,స్పష్టమైన
recuperate,0.75,0.0,తేరుకునేందుకు
redound,0.75,0.0,ముందుకు సాగు
enervate,0.75,0.0,దుర్బలము చేయు
delouse,0.75,0.0,delouse
think,0.75,0.0,అనుకుంటున్నాను
receive,0.75,0.0,అందుకుంటారు
consider,0.75,0.0,పరిగణలోకి
give,0.75,0.125,ఇవ్వాలని
filigree,0.875,0.0,జరి కుట్టుపని
stultify,0.75,0.125,పట్టించు
see,0.75,0.0,చూడండి
vest,0.875,0.0,చొక్కా
agree,0.875,0.0,అంగీకరిస్తున్నారు
suit,0.875,0.0,దావా
belong,0.75,0.0,చెందినవి
make,0.875,0.0,తయారు
sensation,0.9,0.0,సంచలనాన్ని
thriving,0.9,0.0,వర్థిల్లుతోంది
marvels,0.9,0.0,అద్భుతాలను
vibrant,0.9,0.0,ఉత్సాహపూరితమైన
fragrant,0.9,0.0,సువాసన
enthusiast,0.9,0.0,ఔత్సాహికుల
successfully,0.9,0.0,విజయవంతంగా
gifted,0.9,0.0,మేధావులైన
unequivocal,0.9,0.0,నిస్సందేహ
readily,0.9,0.0,తక్షణమే
solicitously,0.9,0.0,solicitously
enchantingly,0.9,0.0,అతిదివ్యంగా
gold,0.9,0.0,బంగారం
comforting,0.9,0.0,మభ్యపెట్టే
portable,0.9,0.0,పోర్టబుల్
sensations,0.9,0.0,అనుభూతులను
truthful,0.9,0.0,నిజాయితీ
notably,0.9,0.0,ముఖ్యంగా
bonny,0.9,0.0,Bonny
adulate,0.9,0.0,మరణానంతరం పొగడ్తలు కురిపించు
jolly,0.9,0.0,జాలీ
supurb,0.9,0.0,supurb
aspiration,0.9,0.0,ఆశించిన
venerate,0.9,0.0,స్తుతించటానికి
liking,0.9,0.0,రుచించలేదు
sweeping,0.9,0.0,అఖండ
flexible,0.9,0.0,అనువైన
liberty,0.9,0.0,స్వేచ్ఛ
refresh,0.9,0.0,రిఫ్రెష్
vivacious,0.9,0.0,సచేతన
gem,0.9,0.0,రత్నం
impress,0.9,0.0,ఇంప్రెస్
trumpet,0.9,0.0,బాకా
entrust,0.9,0.0,అప్పగించు
catchy,0.9,0.0,ఆకట్టుకునే
talents,0.9,0.0,ప్రతిభ
retractable,0.9,0.0,ముడుచుకొని
passionate,0.9,0.0,మక్కువ
triumph,0.9,0.0,విజయం
afordable,0.9,0.0,afordable
congratulations,0.9,0.0,అభినందనలు
bargain,0.9,0.0,బేరం
glad,0.9,0.0,ఆనందంగా
rejuvenated,0.9,0.0,rejuvenated
top,0.9,0.0,టాప్
gladden,0.9,0.0,Gladden
energize,0.9,0.0,ఉత్తేజపరిచేందుకు
humane,0.9,0.0,మానవత్వ
swank,0.9,0.0,ఆడంబరమైన
insightfully,0.9,0.0,insightfully
courageousness,0.9,0.0,courageousness
fancinating,0.9,0.0,fancinating
maturity,0.9,0.0,పరిణితి
energy-efficient,0.9,0.0,శక్తిని సమర్ధవంతంగా
calm,0.9,0.0,ప్రశాంతత
desirable,0.9,0.0,కావాల్సిన
poeticize,0.9,0.0,poeticize
easiest,0.9,0.0,సులభమయిన
low-price,0.9,0.0,తక్కువ ధర
striving,0.9,0.0,కష్టాలపై
advantage,0.9,0.0,ప్రయోజనం
cheerful,0.9,0.0,ఆనందకరమైన
ample,0.9,0.0,పుష్కల
steady,0.9,0.0,స్థిరమైన
effortless,0.9,0.0,అప్రయత్నంగా
innovation,0.9,0.0,ఆవిష్కరణ
fine-looking,0.9,0.0,జరిమానా కనిపించే
wonders,0.9,0.0,అద్భుతాలు
cashback,0.9,0.0,డబ్బు వాపసు
quicker,0.9,0.0,వేగంగా
gleeful,0.9,0.0,gleeful
expertly,0.9,0.0,నేర్పుగా
divine,0.9,0.0,దైవ సంబంధమైన
miraculously,0.9,0.0,అంతుబట్టని
daring,0.9,0.0,ధైర్యంగా
pepped,0.9,0.0,pepped
cooperatively,0.9,0.0,సహకరించుకుంటూ
gainful,0.9,0.0,లాభకరమైన
rewarding,0.9,0.0,బహుమతిగా
magnificently,0.9,0.0,అద్భుతమైన
captivate,0.9,0.0,అమితాకర్షితమైన
exceeding,0.9,0.0,మించి
ready,0.9,0.0,సిద్ధంగా
invaluablely,0.9,0.0,invaluablely
modesty,0.9,0.0,వినయము
innovative,0.9,0.0,వినూత్న
rapturous,0.9,0.0,ఘనమైన
soulful,0.9,0.0,భావాలను
hard-working,0.9,0.0,హార్డ్ పని
understandable,0.9,0.0,అర్థమయ్యేలా
resourcefulness,0.9,0.0,వనరుల
illumine,0.9,0.0,ఇల్యుమినేటెడ్
trusty,0.9,0.0,నమ్మదగిన
patriot,0.9,0.0,దేశభక్తుడు
amply,0.9,0.0,నిండా
appreciate,0.9,0.0,అభినందిస్తున్నాము
large-capacity,0.9,0.0,భారీ సామర్థ్య
ardent,0.9,0.0,ఉత్సాహవంతుడు
inspiration,0.9,0.0,ప్రేరణ
topnotch,0.9,0.0,మొదటి రకమైన
fluent,0.9,0.0,నిష్ణాతులు
well-balanced,0.9,0.0,సమతుల్య
clear-cut,0.9,0.0,స్పష్టమైన-కట్
lovely,0.9,0.0,సుందరమైన
frugal,0.9,0.0,మితవ్యయం
affirm,0.9,0.0,పునరుద్ఘాటించాలి
idealize,0.9,0.0,idealize
great,0.9,0.0,గొప్ప
profoundly,0.9,0.0,తీవ్ర
gumption,0.9,0.0,తెలివిగలది
elation,0.9,0.0,హర్షం
stability,0.9,0.0,స్థిరత్వం
spellbound,0.9,0.0,మంత్ర
obsessions,0.9,0.0,స్థిరీకరించబడిన
applaud,0.9,0.0,స్తుతించు
willing,0.9,0.0,సిద్ధంగా
well-bred,0.9,0.0,బాగా కను
cleanly,0.9,0.0,సజావుగా
graciousness,0.9,0.0,నెనరు
constructive,0.9,0.0,నిర్మాణాత్మక
pampers,0.9,0.0,ముద్దు చేయడం
hotcakes,0.9,0.0,వేడి కేకులు
realistic,0.9,0.0,వాస్తవిక
nicely,0.9,0.0,చక్కగా
unbiased,0.9,0.0,నిష్పాక్షికమైన
virtuously,0.9,0.0,సన్మార్గుడిగా
free,0.9,0.0,ఉచిత
fairly,0.9,0.0,మాదిరి
cushy,0.9,0.0,cushy
grand,0.9,0.0,పొడవైన
admirer,0.9,0.0,ఆరాధిస్తాను
peaceable,0.9,0.0,శాంతిపూర్వక
laud,0.9,0.0,పట్టిక
renewed,0.9,0.0,పునరుద్ధరించబడింది
inspire,0.9,0.0,ఇన్స్పైర్
buoyant,0.9,0.0,తేలి
humility,0.9,0.0,వినయం
stabilize,0.9,0.0,స్థిరీకరించేందుకు
hopeful,0.9,0.0,ఆశాజనకంగా
staunchness,0.9,0.0,staunchness
tenderly,0.9,0.0,నాజూకుగా
amiabily,0.9,0.0,amiabily
liberation,0.9,0.0,విముక్తి
loveliness,0.9,0.0,సౌందర్యము
stunned,0.9,0.0,ఆశ్చర్యపోయానని
seamless,0.9,0.0,అతుకులు
supremely,0.9,0.0,ఎంతో
capable,0.9,0.0,సామర్థ్యం
firmer,0.9,0.0,గట్టి
overture,0.9,0.0,తెలుపుట
chivalrous,0.9,0.0,ధైర్యంగల
ingeniously,0.9,0.0,నైపుణ్యంతో
freedom,0.9,0.0,స్వేచ్ఛ
well-positioned,0.9,0.0,బాగా స్థానంలో
balanced,0.9,0.0,సమతుల్య
refunded,0.9,0.0,ఇచ్చామని
triumphal,0.9,0.0,విజయోత్సవ
angelic,0.9,0.0,దేవదూతల
matchless,0.9,0.0,సాటిలేని
tenacious,0.9,0.0,మంచి జ్ఞాపకశక్తి
successful,0.9,0.0,విజయవంతమైన
powerfully,0.9,0.0,శక్తివంతంగా
uplifting,0.9,0.0,అప్ లిఫ్టింగ్
dynamic,0.9,0.0,డైనమిక్
thankful,0.9,0.0,కృతజ్ఞత
cuteness,0.9,0.0,రక్తి
champ,0.9,0.0,ఫీల్డ్
intriguingly,0.9,0.0,intriguingly
sufficiently,0.9,0.0,తగినంత
pepping,0.9,0.0,pepping
god-send,0.9,0.0,దేవుడు పంపు
mature,0.9,0.0,పరిణతి
top-quality,0.9,0.0,టాప్ నాణ్యత
efficient,0.9,0.0,సమర్థవంతమైన
easy-to-use,0.9,0.0,ఉపయోగించడానికి సులభం
peppy,0.9,0.0,Peppy
idol,0.9,0.0,విగ్రహం
elegantly,0.9,0.0,సొంపుగా
glorious,0.9,0.0,అద్భుతమైన
insightful,0.9,0.0,జ్ఞానోదయమైన
economical,0.9,0.0,ఆర్థిక
reassurance,0.9,0.0,అభయమిచ్చిన
premier,0.9,0.0,ప్రధమ
redeem,0.9,0.0,విమోచనం
pain-free,0.9,0.0,నొప్పి లేని
supporter,0.9,0.0,మద్దతుదారు
rejoicingly,0.9,0.0,rejoicingly
dawn,0.9,0.0,డాన్
gutsy,0.9,0.0,gutsy
terrifically,0.9,0.0,terrifically
imaculate,0.9,0.0,imaculate
appreciated,0.9,0.0,ప్రశంసలు
strongest,0.9,0.0,బలమైన
accomplish,0.9,0.0,సాధనకు
stimulate,0.9,0.0,ఉద్దీపన
distinguished,0.9,0.0,వేరు
joy,0.9,0.0,ఆనందం
enjoyed,0.9,0.0,ఆనందించారు
elate,0.9,0.0,ఉప్పొంగిపో
benefit,0.9,0.0,ప్రయోజనం
openness,0.9,0.0,నిష్కాపట్యత
achievement,0.9,0.0,ఘనకార్యం
honorable,0.9,0.0,గౌరవనీయ
salute,0.9,0.0,ఆరోగ్య
genuine,0.9,0.0,నిజమైన
unbound,0.9,0.0,నిర్నిబద్ధ
convienient,0.9,0.0,convienient
enlighten,0.9,0.0,జ్ఞానాన్ని
dumbfounding,0.9,0.0,dumbfounding
unabashed,0.9,0.0,తడబాటు
rapturously,0.9,0.0,rapturously
steadiness,0.9,0.0,steadiness
sensationally,0.9,0.0,sensationally
clearer,0.9,0.0,స్వచ్చమైన
selective,0.9,0.0,సెలెక్టివ్
affirmative,0.9,0.0,నిశ్చయాత్మక
dirt-cheap,0.9,0.0,డర్ట్-చౌకగా
trust,0.9,0.0,ట్రస్ట్
enthusiasm,0.9,0.0,ఉత్సాహం
undaunted,0.9,0.0,భయపడని
courageously,0.9,0.0,ధైర్య
useful,0.9,0.0,ఉపయోగకరమైన
adequate,0.9,0.0,తగిన
jubilation,0.9,0.0,jubilation
admirably,0.9,0.0,అద్భుతమైన
phenomenally,0.9,0.0,గోచరమయ్యే
decisiveness,0.9,0.0,నిర్ణయాన్ని
cozy,0.9,0.0,హాయిగా
compassion,0.9,0.0,కరుణ
handier,0.9,0.0,handier
clears,0.9,0.0,క్లియర్
convincingly,0.9,0.0,ఒప్పించే
preferring,0.9,0.0,ప్రాధాన్యతనిస్తూ
sagely,0.9,0.0,sagely
viewable,0.9,0.0,వీక్షించవచ్చు
awesome,0.9,0.0,అద్భుతంగా
abounds,0.9,0.0,abounds
keenness,0.9,0.0,చురుకుదనము
awards,0.9,0.0,అవార్డులు
supportive,0.9,0.0,సహాయక
fine,0.9,0.0,జరిమానా
pamperedness,0.9,0.0,pamperedness
unrivaled,0.9,0.0,ఎదురులేని
best-selling,0.9,0.0,అమ్ముడపపోయే
hearten,0.9,0.0,ధైర్యం
sturdier,0.9,0.0,బలిష్టంగా
advantages,0.9,0.0,ప్రయోజనాలు
panoramic,0.9,0.0,విస్తృత
enhanced,0.9,0.0,మెరుగైన
eulogize,0.9,0.0,స్తుతించు
lighter,0.9,0.0,తేలికైన
won,0.9,0.0,గెలిచింది
comprehensive,0.9,0.0,సమగ్ర
revival,0.9,0.0,పునరుజ్జీవనం
skilled,0.9,0.0,నైపుణ్యం
enticing,0.9,0.0,ప్రలోభపెట్టే
tenacity,0.9,0.0,జిగి
supporting,0.9,0.0,మద్దతు
greatest,0.9,0.0,గొప్ప
fabulously,0.9,0.0,కథగా
altruistic,0.9,0.0,నిస్వార్ధ
enticingly,0.9,0.0,సరసముగా
silent,0.9,0.0,నిశ్శబ్ద
pleasant,0.9,0.0,ఆహ్లాదకరమైన
fondness,0.9,0.0,అభిమానానికి
upgradeable,0.9,0.0,అప్గ్రేడ్
phenomenal,0.9,0.0,అసాధారణంగా
fans,0.9,0.0,అభిమానులు
state-of-the-art,0.9,0.0,స్టేట్ ఆఫ్ ది ఆర్ట్
noble,0.9,0.0,కీర్తిగల
fast-growing,0.9,0.0,వేగంగా పెరుగుతున్న
serene,0.9,0.0,నిర్మలమైన
handsomely,0.9,0.0,అద్భుతంగా చిత్రీకరించిన
nourish,0.9,0.0,పోషించుట
usable,0.9,0.0,ఉపయోగపడే
spotless,0.9,0.0,స్పాట్లెస్స్
bless,0.9,0.0,దీవించమని
exemplar,0.9,0.0,శ్రేష్టమైన
poignant,0.9,0.0,పదునైన
ambitious,0.9,0.0,ప్రతిష్టాత్మక
worked,0.9,0.0,పని
proud,0.9,0.0,గర్వంగా
enrich,0.9,0.0,వృద్ధి
kindness,0.9,0.0,దయ
warmth,0.9,0.0,వెచ్చదనం
excitement,0.9,0.0,ఉత్సాహం
sweetly,0.9,0.0,తియ్యని
blithe,0.9,0.0,అత్యుత్సాహముగల
contribution,0.9,0.0,సహకారం
rejuvenating,0.9,0.0,లంటే
intimacy,0.9,0.0,సాన్నిహిత్యం
effectively,0.9,0.0,సమర్థవంతంగా
wholesome,0.9,0.0,పరిపూర్ణమైన
approve,0.9,0.0,ఆమోదించడానికి
truthfulness,0.9,0.0,యదార్ధం
handily,0.9,0.0,చమత్కారముగా
staunchly,0.9,0.0,గట్టి
prominence,0.9,0.0,ప్రాముఖ్యత
merciful,0.9,0.0,దయగల
stirringly,0.9,0.0,stirringly
outdone,0.9,0.0,అధిగమించాను
overtake,0.9,0.0,అధిగమించేందుకు
unbeatable,0.9,0.0,సాటిలేని
sufficient,0.9,0.0,తగిన
ardently,0.9,0.0,ఉత్సాహవంతంగా
classic,0.9,0.0,క్లాసిక్
civility,0.9,0.0,నాగరికతతో
ingenuity,0.9,0.0,చాతుర్యం
masterpiece,0.9,0.0,రచన
fidelity,0.9,0.0,విశ్వసనీయత
reliable,0.9,0.0,నమ్మకమైన
charisma,0.9,0.0,తేజస్సు
readable,0.9,0.0,చదవగలిగే
compatible,0.9,0.0,అనుకూలంగా
fulfillment,0.9,0.0,సఫలీకృతం
skillfully,0.9,0.0,నైపుణ్యంగా
tingle,0.9,0.0,జలదరించు
excel,0.9,0.0,Excel
enviously,0.9,0.0,అసూయపడి
swanky,0.9,0.0,swanky
celebration,0.9,0.0,వేడుక
progress,0.9,0.0,పురోగతి
empowerment,0.9,0.0,సాధికారత
tranquility,0.9,0.0,ప్రశాంతతను
led,0.9,0.0,దారితీసింది
achievible,0.9,0.0,achievible
bright,0.9,0.0,బ్రైట్
appreciatively,0.9,0.0,మెచ్చుకోలుగా
inspirational,0.9,0.0,ప్రేరణా
accessible,0.9,0.0,అందుబాటులో
lionhearted,0.9,0.0,lionhearted
refreshing,0.9,0.0,రిఫ్రెష్
splendidly,0.9,0.0,చక్కగా
marvelous,0.9,0.0,అద్భుతమైన
illustrious,0.9,0.0,ప్రముఖ
revives,0.9,0.0,తేరుకుంటుంది
originality,0.9,0.0,వాస్తవికతను
gratification,0.9,0.0,తృప్తి
motivated,0.9,0.0,ప్రేరణ
playfully,0.9,0.0,సరసముగా
awe,0.9,0.0,విస్మయం
overtakes,0.9,0.0,overtakes
eloquent,0.9,0.0,అనర్గళంగా
proficient,0.9,0.0,నైపుణ్యాన్ని
cheapest,0.9,0.0,చౌకైన
intelligible,0.9,0.0,అర్థమయ్యే
luxuriant,0.9,0.0,నిరర్ధకమని
adaptable,0.9,0.0,యోగ్యతను
enraptured,0.9,0.0,ఎన్రాప్టర్డ్
luckiest,0.9,0.0,అదృష్టవంతమైన
healthy,0.9,0.0,ఆరోగ్యకరమైన
luster,0.9,0.0,మెరుపులో
brotherly,0.9,0.0,సోదర
compliment,0.9,0.0,అభినందన
leading,0.9,0.0,ప్రముఖ
fortunately,0.9,0.0,అదృష్టవశాత్తూ
resplendent,0.9,0.0,ఎంతో
obtainable,0.9,0.0,సాధించలేని
inventive,0.9,0.0,inventive
ardor,0.9,0.0,బర్నింగ్
propitiously,0.9,0.0,propitiously
cost-effective,0.9,0.0,సమర్థవంతమైన ధర
charismatic,0.9,0.0,ఆకర్షణీయమైన
merit,0.9,0.0,మెరిట్
gusto,0.9,0.0,ఆనందం
stimulates,0.9,0.0,ఉద్దీపన
coherent,0.9,0.0,పొందికైన
providence,0.9,0.0,భగవత్
exaltedly,0.9,0.0,exaltedly
neatly,0.9,0.0,విలక్షణముగా
affordable,0.9,0.0,సరసమైన
effectiveness,0.9,0.0,ప్రభావం
monumental,0.9,0.0,స్మారక
pleased,0.9,0.0,గర్వంగా
righteousness,0.9,0.0,ధర్మానికి
miracle,0.9,0.0,అద్భుతం
respectable,0.9,0.0,గౌరవనీయమైన
upbeat,0.9,0.0,అప్బీట్
winner,0.9,0.0,విజేత
laudably,0.9,0.0,laudably
luckiness,0.9,0.0,luckiness
assurance,0.9,0.0,భీమా
prestige,0.9,0.0,ప్రతిష్ట
qualified,0.9,0.0,అర్హత
fruitful,0.9,0.0,ఫలవంతమైన
ilu,0.9,0.0,అందం
vivid,0.9,0.0,స్పష్టమైన
spirited,0.9,0.0,ఉత్సాహంగా
godsend,0.9,0.0,వరము
mesmerizes,0.9,0.0,mesmerizes
satisfying,0.9,0.0,సంతృప్తికరంగా
masterful,0.9,0.0,మాస్టర్
sublime,0.9,0.0,ఉత్కృష్టమైన
mercy,0.9,0.0,క్షమాభిక్ష
brilliantly,0.9,0.0,ప్రకాశంగా
loving,0.9,0.0,loving
entertaining,0.9,0.0,వినోదాత్మక
earnest,0.9,0.0,రాయాలని
ergonomical,0.9,0.0,ergonomical
refinement,0.9,0.0,శుద్ధీకరణ
complementary,0.9,0.0,పరిపూరకరమైన
patient,0.9,0.0,రోగి
inviolate,0.9,0.0,inviolate
eagerness,0.9,0.0,ఆత్రుతను
civilize,0.9,0.0,civilize
well-mannered,0.9,0.0,బాగా సభ్యత
dignity,0.9,0.0,గౌరవం
steadiest,0.9,0.0,steadiest
favorite,0.9,0.0,ఇష్టమైన
astutely,0.9,0.0,astutely
splendid,0.9,0.0,అద్భుతమైన
subsidizing,0.9,0.0,ప్రోత్సహిస్తున్నాయని
plush,0.9,0.0,ఖరీదైన
marvelously,0.9,0.0,చక్కగా
adorer,0.9,0.0,ప్రేమ
happier,0.9,0.0,సంతోషముగా
perseverance,0.9,0.0,పట్టుదల
sensational,0.9,0.0,సంచలన
nimble,0.9,0.0,వేగాన్ని
multi-purpose,0.9,0.0,బహుళ ప్రయోజక
affably,0.9,0.0,affably
astonish,0.9,0.0,విస్తుపోయేలా
lover,0.9,0.0,ప్రేమికుడు
nourishing,0.9,0.0,సాకే
upheld,0.9,0.0,ఆదరించింది
exalt,0.9,0.0,పొగడు
happy,0.9,0.0,సంతోషంగా
prodigiously,0.9,0.0,అద్భుతముగా
humble,0.9,0.0,వినయపూర్వకమైన
proven,0.9,0.0,నిరూపితమైన
resounding,0.9,0.0,ప్రతిధ్వనించే
cashbacks,0.9,0.0,cashbacks
visionary,0.9,0.0,అధ్బుతమైన
thoughtful,0.9,0.0,శ్రద్ద
smarter,0.9,0.0,తెలివిగా
conciliate,0.9,0.0,పరచు
credible,0.9,0.0,విశ్వసనీయ
dependable,0.9,0.0,ఆధారపడదగిన
saint,0.9,0.0,సెయింట్
fairness,0.9,0.0,న్యాయంగా
victorious,0.9,0.0,విజయం
excels,0.9,0.0,శ్రేష్టంగా
celebrated,0.9,0.0,ప్రముఖుడైన
keenly,0.9,0.0,ఆత్రుతతో
humorously,0.9,0.0,చతురతతో
effectual,0.9,0.0,కార్యసాధక
enchanting,0.9,0.0,మంత్రముగ్ధులను
favour,0.9,0.0,అనుకూలంగా
titillate,0.9,0.0,titillate
flexibility,0.9,0.0,వశ్యత
mesmerize,0.9,0.0,అబ్బుర
favorable,0.9,0.0,అనుకూలమైన
unwavering,0.9,0.0,unwavering
neat,0.9,0.0,చక్కగా
generous,0.9,0.0,ఉదారంగా
satisfies,0.9,0.0,సంతృప్తి
consummate,0.9,0.0,సంపూర్ణ
marvellous,0.9,0.0,అద్భుతమైన
tempting,0.9,0.0,ఉత్సాహం
mastery,0.9,0.0,పాండిత్యం
peacefully,0.9,0.0,శాంతియుతంగా
improvements,0.9,0.0,మెరుగుదలలు
amicability,0.9,0.0,స్నేహభావం
indebted,0.9,0.0,రుణపడి
high-quality,0.9,0.0,అధిక నాణ్యత
unfettered,0.9,0.0,సులువుగా కరిగిపోయే
easing,0.9,0.0,సులభమైంది
exonerate,0.9,0.0,నిర్దోషిగా
enhance,0.9,0.0,విస్తరించేందుకు
evaluative,0.9,0.0,మూల్యాంకన
fabulous,0.9,0.0,అద్భుతమైన
mind-blowing,0.9,0.0,దిమ్మతిరిగే
well-educated,0.9,0.0,బాగా చదువుకున్న
heroine,0.9,0.0,హీరోయిన్
daringly,0.9,0.0,daringly
lavish,0.9,0.0,విలాసవంతమైన
luxuriously,0.9,0.0,సుఖముగా
marvelousness,0.9,0.0,marvelousness
classy,0.9,0.0,క్లాస్సి
tickle,0.9,0.0,చక్కిలిగింత
woo,0.9,0.0,వూ
low-cost,0.9,0.0,తక్కువ ధర
restored,0.9,0.0,పునరుద్ధరించబడింది
romanticize,0.9,0.0,romanticize
rejoice,0.9,0.0,స
wholeheartedly,0.9,0.0,మనస్పూర్తిగా
smitten,0.9,0.0,స్మిట్టెన్
illuminating,0.9,0.0,ప్రకాశ
diligent,0.9,0.0,శ్రద్ధగల
amazed,0.9,0.0,ఆశ్చర్యపోయాడు
levity,0.9,0.0,చులకన
reverently,0.9,0.0,గౌరవభావంతో
courageous,0.9,0.0,సాహసోపేతమైన
tantalizingly,0.9,0.0,ఏమార్చునట్లుగా
aver,0.9,0.0,కలిగి
congenial,0.9,0.0,అనుకూలంగా
pleases,0.9,0.0,pleases
toughest,0.9,0.0,క్లిష్ట
tender,0.9,0.0,టెండర్
permissible,0.9,0.0,అనుమతి
alluringly,0.9,0.0,ఆకర్షకంగా
astonishment,0.9,0.0,ఆశర్యం
quiet,0.9,0.0,నిశ్శబ్ద
commitment,0.9,0.0,నిబద్ధత
indulgence,0.9,0.0,ఆనందం
endorse,0.9,0.0,ధృవ
glowingly,0.9,0.0,దివ్యముగా
congratulate,0.9,0.0,అభినందించటానికి
peace,0.9,0.0,శాంతి
keen,0.9,0.0,కీన్
breathlessness,0.9,0.0,ఊపిరి
sufficed,0.9,0.0,సరిపోతుంది
humourous,0.9,0.0,వినోదాత్మక
unreal,0.9,0.0,నిజము
delicate,0.9,0.0,సున్నితమైన
flourish,0.9,0.0,పెంపొందుతాయి
purify,0.9,0.0,శుద్ధి
user-friendly,0.9,0.0,వినియోగదారునికి సులువుగా
intricate,0.9,0.0,జటిలమైన
enjoyably,0.9,0.0,enjoyably
well-managed,0.9,0.0,చక్కగా నిర్వహించబడిన
perfectly,0.9,0.0,సంపూర్ణ
worthy,0.9,0.0,విలువైన
rightful,0.9,0.0,నిజమైన
fastest,0.9,0.0,వేగంగా
extoll,0.9,0.0,మెరుగుపర్చడానికి
defeated,0.9,0.0,ఓడించబడింది
radiance,0.9,0.0,ప్రకాశించే
flashy,0.9,0.0,సొగసైన
generosity,0.9,0.0,దాతృత్వం
merry,0.9,0.0,మెర్రీ
groundbreaking,0.9,0.0,ఆలోచనగా
decisive,0.9,0.0,నిర్ణయాత్మక
protection,0.9,0.0,రక్షణ
interesting,0.9,0.0,ఆసక్తికరమైన
satisfactory,0.9,0.0,సంతృప్తికరమైన
ecenomical,0.9,0.0,ecenomical
prowess,0.9,0.0,పరాక్రమం
adorable,0.9,0.0,పూజ్యమైన
mesmerizing,0.9,0.0,మంత్రముగ్దులను
uncomplicated,0.9,0.0,uncomplicated
entice,0.9,0.0,ప్రలోభపెట్టు
fun,0.9,0.0,సరదాగా
best,0.9,0.0,ఉత్తమ
godlike,0.9,0.0,దివ్యమైన
attune,0.9,0.0,శ్రుతిచెయ్యి
toll-free,0.9,0.0,టోల్ ఫ్రీ
regard,0.9,0.0,సంబంధించి
ameliorate,0.9,0.0,నిర్మూలించేందుకు
useable,0.9,0.0,useable
top-notch,0.9,0.0,టాప్ గీత
astoundingly,0.9,0.0,astoundingly
celebrate,0.9,0.0,జరుపుకుంటారు
affable,0.9,0.0,స్నేహపూర్వక
flourishing,0.9,0.0,వృద్ది
easiness,0.9,0.0,సులభం
well-behaved,0.9,0.0,సత్ప్రవర్తన
enjoyment,0.9,0.0,అనుభవంలో
exultingly,0.9,0.0,exultingly
popular,0.9,0.0,ప్రముఖ
cornerstone,0.9,0.0,మూలస్తంభంగా
remedy,0.9,0.0,పరిహారం
greatness,0.9,0.0,గొప్పతనాన్ని
effusiveness,0.9,0.0,effusiveness
cool,0.9,0.0,చల్లని
raptureously,0.9,0.0,raptureously
bolster,0.9,0.0,దిండు
erudite,0.9,0.0,ప్రౌఢ
smoothest,0.9,0.0,సులువేమీ
examplar,0.9,0.0,examplar
exciting,0.9,0.0,ఉత్తేజకరమైన
apotheosis,0.9,0.0,దేవత్వారోపణ
convenience,0.9,0.0,సౌలభ్యం
impeccably,0.9,0.0,నిష్కళంకమైన
kindliness,0.9,0.0,kindliness
recover,0.9,0.0,తిరిగి
standout,0.9,0.0,standout
halcyon,0.9,0.0,హాల్క్యోన్
satisfactorily,0.9,0.0,సంతృప్తికరంగా
worth-while,0.9,0.0,విలువ-సమయంలో
well-being,0.9,0.0,శ్రేయస్సు
thrill,0.9,0.0,థ్రిల్
rightly,0.9,0.0,సరిగా
entrancing,0.9,0.0,ఆశ్చర్యకరమైన
victory,0.9,0.0,విజయం
survivor,0.9,0.0,ప్రాణాలతో
dreamland,0.9,0.0,డ్రీమ్ల్యాండ్
renaissance,0.9,0.0,పునరుజ్జీవన
radiant,0.9,0.0,రేడియంట్
delicacy,0.9,0.0,రుచికరమైన
innocuous,0.9,0.0,హానికరం
enthral,0.9,0.0,ఆకర్షించే
comfort,0.9,0.0,సౌకర్యం
sexy,0.9,0.0,సెక్సీ
champion,0.9,0.0,ఛాంపియన్
amazes,0.9,0.0,amazes
enough,0.9,0.0,చాలు
effusively,0.9,0.0,effusively
unquestionably,0.9,0.0,నిస్సందేహంగా
regally,0.9,0.0,regally
tough,0.9,0.0,కఠినమైన
terrific,0.9,0.0,అద్భుతమైన
envious,0.9,0.0,అసూయపడే
soothe,0.9,0.0,ఉపశమనానికి
astound,0.9,0.0,అదరగొట్టు
pleasingly,0.9,0.0,pleasingly
agreeableness,0.9,0.0,ఇంపు
marveled,0.9,0.0,ఆశ్చర్యం
assuredly,0.9,0.0,ఖచ్చితంగా
chivalry,0.9,0.0,శూరత్వం
pleasurably,0.9,0.0,pleasurably
hug,0.9,0.0,కౌగిలింత
sincere,0.9,0.0,నిజాయితీ
affectation,0.9,0.0,అప్పగించిన
exquisitely,0.9,0.0,అద్భుతంగా
amaze,0.9,0.0,ఆశ్చర్యపరచు
fortuitous,0.9,0.0,యాదృచ్ఛిక
god-given,0.9,0.0,దేవుడు ఇచ్చిన
shiny,0.9,0.0,మెరిసే
tolerable,0.9,0.0,తట్టుకొలేక
stunning,0.9,0.0,అద్భుతమైన
preeminent,0.9,0.0,ప్రముఖ
protect,0.9,0.0,రక్షించడానికి
masterpieces,0.9,0.0,కళాఖండాలుగా
merriness,0.9,0.0,merriness
sumptuousness,0.9,0.0,sumptuousness
exellent,0.9,0.0,exellent
defender,0.9,0.0,డిఫెండర్
responsibly,0.9,0.0,బాధ్యతాయుతంగా
warmer,0.9,0.0,వెచ్చని
self-sufficiency,0.9,0.0,స్వయం సమృద్ధి
snazzy,0.9,0.0,snazzy
brighten,0.9,0.0,ప్రకాశవంతం
cleanliness,0.9,0.0,శుభ్రత
saintliness,0.9,0.0,saintliness
heartwarming,0.9,0.0,హృదయాన్ని కదిలించే
polished,0.9,0.0,మెరుగు
superiority,0.9,0.0,ఆధిపత్యం
goodly,0.9,0.0,సొగసైన
inexpensive,0.9,0.0,చవకైన
pluses,0.9,0.0,pluses
valuable,0.9,0.0,విలువైన
straightforward,0.9,0.0,సూటిగా
rewardingly,0.9,0.0,rewardingly
chaste,0.9,0.0,పవిత్రమైన
counter-attacks,0.9,0.0,ఎదురుదాడుల
posh,0.9,0.0,నాగరిక
meticulous,0.9,0.0,ఖచ్చితమైన
empower,0.9,0.0,ఎంపవర్
gained,0.9,0.0,పొందింది
modern,0.9,0.0,ఆధునిక
handy,0.9,0.0,సులభ
heartfelt,0.9,0.0,హృదయపూర్వక
encouraging,0.9,0.0,ప్రోత్సహించడం
ecstatic,0.9,0.0,ఎక్స్టాటిక్
creative,0.9,0.0,సృజనాత్మక
respectfully,0.9,0.0,మర్యాదగా
avid,0.9,0.0,ఆసక్తిగల
legendary,0.9,0.0,పురాణ
veritable,0.9,0.0,యదార్ధమైన
exceeded,0.9,0.0,మించిపోయింది
supple,0.9,0.0,supple
tremendously,0.9,0.0,అద్భుతంగా
cherub,0.9,0.0,శిశువు
winners,0.9,0.0,విజేతలు
rockstars,0.9,0.0,రాక్స్టార్స్
serenity,0.9,0.0,ప్రశాంతత
profound,0.9,0.0,లోతైన
light-hearted,0.9,0.0,తేలికగా
enthusiastic,0.9,0.0,ఉత్సాహభరితంగా
joyous,0.9,0.0,సంతోషకరమైన
recommendations,0.9,0.0,సిఫార్సులు
consistent,0.9,0.0,స్థిరమైన
exaltation,0.9,0.0,ఘనత
sweetness,0.9,0.0,తీయగా
winning,0.9,0.0,గెలిచిన
peps,0.9,0.0,peps
razor-sharp,0.9,0.0,కత్తి వలె పదునైన
boom,0.9,0.0,బూమ్
enticed,0.9,0.0,కవ్వించాయి
revolutionary,0.9,0.0,విప్లవాత్మక
wonderful,0.9,0.0,అద్భుతమైన
cure,0.9,0.0,నివారణ
devout,0.9,0.0,భక్తి
diligence,0.9,0.0,శ్రద్ధ
worthiness,0.9,0.0,మంచితనాన్ని
twinkly,0.9,0.0,twinkly
cheaper,0.9,0.0,చౌకగా
exceled,0.9,0.0,exceled
abound,0.9,0.0,పుష్కలంగా
opulent,0.9,0.0,సంపన్నమైన
wealthy,0.9,0.0,సంపన్న
blossom,0.9,0.0,వికసించాడు
optimism,0.9,0.0,ఆశావాదంతో
gladness,0.9,0.0,ఆనందము
roomier,0.9,0.0,విశాలమైన
saintly,0.9,0.0,పావన
favored,0.9,0.0,మెచ్చిన
lovable,0.9,0.0,lovable
unforgettable,0.9,0.0,మరపురాని
outshine,0.9,0.0,హవా
restructuring,0.9,0.0,పునర్నిర్మాణ
prominent,0.9,0.0,ప్రముఖ
altruistically,0.9,0.0,నిస్వార్థంగా
simpler,0.9,0.0,సరళమైన
cute,0.9,0.0,అందమైన
well-run,0.9,0.0,బాగా పరుగుల
bountiful,0.9,0.0,ఔదార్యాన్ని
speedily,0.9,0.0,speedily
commendable,0.9,0.0,ఇంతటి
restful,0.9,0.0,restful
captivating,0.9,0.0,ఆకర్షణీయమైన
lovably,0.9,0.0,lovably
energetic,0.9,0.0,శక్తివంతమైన
freedoms,0.9,0.0,స్వేచ్ఛలు
sleek,0.9,0.0,సొగసైన
lawful,0.9,0.0,చట్టబద్ధమైన
crisp,0.9,0.0,కరకరలాడుతూ
foolproof,0.9,0.0,ఫూల్ప్రూఫ్
truthfully,0.9,0.0,నిజాయితీగా
sparkling,0.9,0.0,మద్యం
beckoned,0.9,0.0,దృష్టిని ఆకర్షించిన
resilient,0.9,0.0,స్థితిస్థాపకంగా
faithful,0.9,0.0,విశ్వాసకులు
rejoicing,0.9,0.0,ఆనందించవలసియున్నవి
helping,0.9,0.0,సహాయం
dazzling,0.9,0.0,మిరుమిట్లు
capability,0.9,0.0,సామర్ధ్యం
affluent,0.9,0.0,ధనిక
exceed,0.9,0.0,అధిగమించకూడదు
hero,0.9,0.0,హీరో
steadfast,0.9,0.0,ధృడమైన
a+,0.9,0.0,ఒక +
irreproachable,0.9,0.0,వేయరాని
sociable,0.9,0.0,స్నేహశీలియైన
plusses,0.9,0.0,plusses
praiseworthy,0.9,0.0,praiseworthy
self-satisfaction,0.9,0.0,స్వీయ సంతృప్తి
likable,0.9,0.0,ఇష్టపడే
rightfully,0.9,0.0,తనకు
wins,0.9,0.0,విజయాలు
refined,0.9,0.0,శుద్ధి
charitable,0.9,0.0,స్వచ్ఛంద
poise,0.9,0.0,సమతూకంలో
gooood,0.9,0.0,gooood
agreeable,0.9,0.0,అంగీకారమైన
dexterous,0.9,0.0,నైపుణ్యం
well-established,0.9,0.0,బాగా స్థిరపడిన
amiable,0.9,0.0,స్నేహపూర్వకమైన
brisk,0.9,0.0,చురుకైన
sincerity,0.9,0.0,విధేయత
beauty,0.9,0.0,అందం
advocates,0.9,0.0,న్యాయవాదులు
concise,0.9,0.0,సంక్షిప్తమైన
prudently,0.9,0.0,ముందు జాగ్రత్తతో
revelation,0.9,0.0,ద్యోతకం
ultra-crisp,0.9,0.0,అల్ట్రా స్ఫుటమైన
revitalize,0.9,0.0,పునరుజ్జీవింప
talent,0.9,0.0,ప్రతిభను
wondrous,0.9,0.0,wondrous
helpful,0.9,0.0,ఉపయోగపడిందా
fervor,0.9,0.0,ఆరాధనతో
swankier,0.9,0.0,swankier
graceful,0.9,0.0,మర్యాదపూర్వక
trustingly,0.9,0.0,trustingly
extraordinarily,0.9,0.0,అసాధారణమైన
deginified,0.9,0.0,deginified
attractive,0.9,0.0,ఆకర్షణీయమైన
powerful,0.9,0.0,శక్తివంతమైన
stimulating,0.9,0.0,స్టిమ్యులేటింగ్
empathy,0.9,0.0,సానుభూతిగల
suitable,0.9,0.0,అనుకూలంగా
eye-catch,0.9,0.0,కంటికి క్యాచ్
tempt,0.9,0.0,టెంప్ట్
auspicious,0.9,0.0,పవిత్రమైన
enthralled,0.9,0.0,చిక్కుకొన్న
triumphantly,0.9,0.0,విజయోత్సాహంతో
beneficent,0.9,0.0,ఉపకార
good,0.9,0.0,మంచిది
exceptionally,0.9,0.0,అనూహ్యంగా
dexterously,0.9,0.0,సమానంగా
survival,0.9,0.0,మనుగడ
maturely,0.9,0.0,maturely
impartiality,0.9,0.0,నిష్పక్షపాతం
relief,0.9,0.0,ఉపశమనం
earnestness,0.9,0.0,ఆదారం
trusted,0.9,0.0,విశ్వసనీయ
peacekeepers,0.9,0.0,శాంతిని
endorsed,0.9,0.0,ఆమోదింపబడిన
diligently,0.9,0.0,జాగరూకతతో
accomplished,0.9,0.0,నిష్ణాత
entertain,0.9,0.0,వినోదాన్ని
tougher,0.9,0.0,పటిష్టమైన
reforms,0.9,0.0,సంస్కరణలు
wellbeing,0.9,0.0,మానవ మనుగడ
guiltless,0.9,0.0,నిర్దోషమైన
stimulative,0.9,0.0,ప్రోత్సాహం
flawless,0.9,0.0,మచ్చలేని
spacious,0.9,0.0,విశాలమైన
gracefully,0.9,0.0,సరసముగా
surmount,0.9,0.0,దాటు
poetic,0.9,0.0,కవితా
reaffirm,0.9,0.0,తిరిగి ధృవీకరించటం
productive,0.9,0.0,ఉత్పాదక
advantageously,0.9,0.0,అనుకూలంగా
better,0.9,0.0,మంచి
temptingly,0.9,0.0,temptingly
passionately,0.9,0.0,ఉద్రేకంతో
rational,0.9,0.0,హేతుబద్ధమైన
breathtakingly,0.9,0.0,ఉత్కంఠభరిత
unquestionable,0.9,0.0,లేనిదాన్ని
fashionable,0.9,0.0,ఫ్యాషన్
uplift,0.9,0.0,ఉన్నతి
sharpest,0.9,0.0,పదునైన
charming,0.9,0.0,అందమైన
agile,0.9,0.0,చురుకైన
elated,0.9,0.0,ఉప్పొంగే
enrichment,0.9,0.0,ప్రగతిపై
considerate,0.9,0.0,భావిస్తారు
cleverly,0.9,0.0,తెలివిగా
prefer,0.9,0.0,ఇష్టపడతారు
privilege,0.9,0.0,అధికారాన్ని
astounded,0.9,0.0,దిగ్భ్రమపరిచింది
trophy,0.9,0.0,ట్రోఫీ
exceeds,0.9,0.0,మించి
cheery,0.9,0.0,ముచ్చటైన
acclaimed,0.9,0.0,ప్రశంసలు
geekier,0.9,0.0,geekier
charm,0.9,0.0,ఆకర్షణ
smiling,0.9,0.0,నవ్వుతూ
glitter,0.9,0.0,మెరుస్తున్న
admiring,0.9,0.0,మెచ్చుకోవడం
invaluable,0.9,0.0,వెలలేని
magic,0.9,0.0,మేజిక్
fastest-growing,0.9,0.0,వేగంగా అభివృద్ధి చెందుతున్న
easier,0.9,0.0,సులభంగా
revive,0.9,0.0,పునరుద్ధరించాలని
commend,0.9,0.0,సిఫార్సు
prodigy,0.9,0.0,ప్రాడిజీ
fearless,0.9,0.0,నిర్భయమైన
convient,0.9,0.0,అనుకూలంగా
savings,0.9,0.0,పొదుపు
appreciates,0.9,0.0,ప్రశంసించింది
hardier,0.9,0.0,ధృడమైన
zippy,0.9,0.0,జిప్పీ
ebullient,0.9,0.0,ఉరకులువేసి
examplary,0.9,0.0,examplary
prolific,0.9,0.0,ఫలవంతమైన
gallantly,0.9,0.0,ఘనముగా
manageable,0.9,0.0,నిర్వహించటానికి
protective,0.9,0.0,రక్షిత
politeness,0.9,0.0,మర్యాద
optimistic,0.9,0.0,ఆశావాద
sane,0.9,0.0,సేన్
fortunate,0.9,0.0,అదృష్టం
doubtless,0.9,0.0,ఖచ్చితమైన అర్హతను
conscientious,0.9,0.0,మనస్సాక్షికి
invincible,0.9,0.0,ఇన్విన్సిబుల్
restructured,0.9,0.0,పునర్వ్యవస్థీకరించారు
fiery,0.9,0.0,మండుతున్న
irresistibly,0.9,0.0,irresistibly
welcome,0.9,0.0,స్వాగత
smilingly,0.9,0.0,smilingly
rapture,0.9,0.0,రప్చర్
tantalizing,0.9,0.0,భాధించే
inspiring,0.9,0.0,స్పూర్తినిస్తూ
luminous,0.9,0.0,ప్రకాశించే
luck,0.9,0.0,అదృష్టం
efficiently,0.9,0.0,సమర్ధవంతంగా
recomend,0.9,0.0,recomend
beneficial,0.9,0.0,ఉపయోగకరంగా
spontaneous,0.9,0.0,యాదృచ్ఛిక
feasible,0.9,0.0,ఆచరణ
cheer,0.9,0.0,ఉల్లాసమైన
strong,0.9,0.0,బలమైన
variety,0.9,0.0,వివిధ
prudence,0.9,0.0,జాగ్రత్త
romantic,0.9,0.0,శృంగార
marvel,0.9,0.0,మార్వెల్
upgradable,0.9,0.0,upgradable
likes,0.9,0.0,ఇష్టాలు
cooperative,0.9,0.0,సహకార
idolized,0.9,0.0,idolized
positively,0.9,0.0,సానుకూలంగా
gain,0.9,0.0,పెరుగుట
eyecatch,0.9,0.0,eyecatch
flatteringly,0.9,0.0,ఉబ్బింది
heroic,0.9,0.0,వీరోచిత
zest,0.9,0.0,అభిరుచి
attentive,0.9,0.0,శ్రద్ధగల
glorify,0.9,0.0,కీర్తిస్తూ
prosperity,0.9,0.0,శ్రేయస్సు
smoothly,0.9,0.0,సజావుగా
authoritative,0.9,0.0,అధికార
meticulously,0.9,0.0,meticulously
principled,0.9,0.0,ప్రిన్సిపుల్డ్
dignify,0.9,0.0,గౌరవపరచు
eyecatching,0.9,0.0,eyecatching
excelent,0.9,0.0,అద్భుతమైన
vibrantly,0.9,0.0,vibrantly
advocated,0.9,0.0,సూచించారు
desirous,0.9,0.0,కోరిక
excite,0.9,0.0,ఎక్సైట్
proves,0.9,0.0,నిరూపిస్తుంది
trouble-free,0.9,0.0,కష్టాలు
exuberant,0.9,0.0,అతిశయమైన
promised,0.9,0.0,వాగ్దానం
noteworthy,0.9,0.0,చెప్పుకోదగిన
upliftment,0.9,0.0,అభ్యున్నతికి
wisdom,0.9,0.0,జ్ఞానం
judicious,0.9,0.0,న్యాయపరమైన
personages,0.9,0.0,అక్షరాలు
blissful,0.9,0.0,ఆనందకరమైన
rosy,0.9,0.0,రోజీ
stately,0.9,0.0,గంభీరమైన
fancier,0.9,0.0,ఫ్యాన్సియెర్స్
finely,0.9,0.0,మెత్తగా
intelligent,0.9,0.0,తెలివైన
lush,0.9,0.0,లష్
thoughtfulness,0.9,0.0,జాగ్రత
feature-rich,0.9,0.0,చలన గొప్ప
rock-stars,0.9,0.0,రాక్ నక్షత్రాలు
morality,0.9,0.0,నైతికత
qualify,0.9,0.0,అర్హత
durable,0.9,0.0,మ న్ని కై న
realizable,0.9,0.0,గ్రహించగలిగే
glistening,0.9,0.0,మెరిసే
upscale,0.9,0.0,ఉన్నతస్థాయి
well-regarded,0.9,0.0,బాగా గుర్తింపు
fantastically,0.9,0.0,వింతగా
thinner,0.9,0.0,సన్నగా
lead,0.9,0.0,ప్రధాన
profuse,0.9,0.0,అమితమైన
jaw-droping,0.9,0.0,దవడ-droping
reliably,0.9,0.0,విశ్వసనీయంగా
clarity,0.9,0.0,స్పష్టత
award,0.9,0.0,అవార్డు
relish,0.9,0.0,రుచితో
wonderously,0.9,0.0,wonderously
faithfulness,0.9,0.0,నిజము
invigorating,0.9,0.0,ఉత్సాహపరిచే
believeable,0.9,0.0,believeable
breakthrough,0.9,0.0,పురోగతి
master,0.9,0.0,మాస్టర్
boost,0.9,0.0,బూస్ట్
flutter,0.9,0.0,అల్లాడు
illuminati,0.9,0.0,ఇల్యూమినాటి
dominated,0.9,0.0,ఆధిపత్యం
inviolable,0.9,0.0,inviolable
delightfully,0.9,0.0,ఉల్లాసకరమైన
ethical,0.9,0.0,నైతిక
precious,0.9,0.0,విలువైన
dazzled,0.9,0.0,dazzled
fast,0.9,0.0,ఫాస్ట్
tantalize,0.9,0.0,tantalize
respect,0.9,0.0,గౌరవం
reputation,0.9,0.0,కీర్తి
precise,0.9,0.0,ఖచ్చితమైన
credence,0.9,0.0,విశ్వాసాన్ని
divinely,0.9,0.0,దైవ
benefits,0.9,0.0,లాభాలు
eye-catching,0.9,0.0,కంటి-పట్టుకోవడంలో
adventuresome,0.9,0.0,సాహసమైన
impressive,0.9,0.0,ఆకట్టుకునే
facilitate,0.9,0.0,సులభతరం
well,0.9,0.0,బాగా
immense,0.9,0.0,అపారమైన
inestimably,0.9,0.0,inestimably
well-connected,0.9,0.0,బాగా కనెక్ట్
convenient,0.9,0.0,సౌకర్యవంతంగా
solidarity,0.9,0.0,సంఘీభావం
affirmation,0.9,0.0,అంగీకార
hospitable,0.9,0.0,ఉపచారం
commendably,0.9,0.0,commendably
exemplary,0.9,0.0,శ్రేష్టమైన
thumb-up,0.9,0.0,thumb అప్
thrifty,0.9,0.0,పొదుపుగల
patience,0.9,0.0,సహనం
pep,0.9,0.0,PEP
defeat,0.9,0.0,ఓటమి
trustworthy,0.9,0.0,నమ్మదగిన
affability,0.9,0.0,కలుపుగోలుతనం
prosper,0.9,0.0,ప్రబల
sharp,0.9,0.0,పదునైన
traction,0.9,0.0,ట్రాక్షన్
elevate,0.9,0.0,ఎలివేట్
festive,0.9,0.0,పండుగ
superbly,0.9,0.0,అద్భుతంగా
upgraded,0.9,0.0,అప్గ్రేడ్
glamorous,0.9,0.0,గ్లామరస్
lively,0.9,0.0,సజీవ
peerless,0.9,0.0,పీర్లెస్
bliss,0.9,0.0,ఆనందం
revere,0.9,0.0,గౌరవిస్తారు
affectionate,0.9,0.0,అభిమానంతో
brilliant,0.9,0.0,తెలివైన
shine,0.9,0.0,షైన్
idolize,0.9,0.0,అధికంగా
self-respect,0.9,0.0,స్వీయ గౌరవం
suffice,0.9,0.0,తగినంత
exhilaration,0.9,0.0,ఉల్లాసం
fancy,0.9,0.0,ఫాన్సీ
purposeful,0.9,0.0,ఉద్దేశ్య
wow,0.9,0.0,వావ్
diversified,0.9,0.0,విభిన్నమైన
famous,0.9,0.0,ప్రసిద్ధ
assurances,0.9,0.0,భీమా
slammin,0.9,0.0,Slammin
love,0.9,0.0,ప్రేమ
unlimited,0.9,0.0,అపరిమిత
benefactor,0.9,0.0,శ్రేయోభిలాషి
navigable,0.9,0.0,నౌకాయాన
satisfied,0.9,0.0,సంతృప్తి
gush,0.9,0.0,అల్లరిచిల్లరిగా
delightfulness,0.9,0.0,delightfulness
fascinatingly,0.9,0.0,fascinatingly
leads,0.9,0.0,దారితీస్తుంది
expeditiously,0.9,0.0,వేగముగా
humour,0.9,0.0,హాస్యం
reputable,0.9,0.0,పలుకుబడి
shimmeringly,0.9,0.0,shimmeringly
genius,0.9,0.0,మేధావి
streamlined,0.9,0.0,సరళిలో
unmatched,0.9,0.0,సరిపోలని
boundless,0.9,0.0,అనంతమైన
effortlessly,0.9,0.0,అప్రయత్నంగా
lyrical,0.9,0.0,లిరికల్
reconciliation,0.9,0.0,సయోధ్య
proper,0.9,0.0,సరైన
amuse,0.9,0.0,ఆశ్చర్యపరస్తుంది
infallible,0.9,0.0,అమోఘమైన
immaculately,0.9,0.0,immaculately
spellbindingly,0.9,0.0,spellbindingly
cohesive,0.9,0.0,బంధన
sweet,0.9,0.0,తీపి
dominates,0.9,0.0,ప్రబలంగా
exceptional,0.9,0.0,అసాధారణమైన
productively,0.9,0.0,నిర్మాణాత్మకంగా
successes,0.9,0.0,విజయాలు
pampered,0.9,0.0,అబ్బాయ్
beneficiary,0.9,0.0,లబ్దిదారునికి
supreme,0.9,0.0,సుప్రీం
foresight,0.9,0.0,దూరదృష్టి
pleasantly,0.9,0.0,గొలిపే
conciliatory,0.9,0.0,శాంతి పూర్వక
endorsement,0.9,0.0,ఎండార్స్మెంట్
outperforming,0.9,0.0,కంటే మెరుగైన పనితీరు కనబరిచింది
assure,0.9,0.0,భరోసా
mighty,0.9,0.0,శక్తివంతమైన
deserving,0.9,0.0,అర్హమైన
colorful,0.9,0.0,రంగుల
enjoys,0.9,0.0,ఆనందిస్తాడు
sustainability,0.9,0.0,స్థిరత్వం
everlasting,0.9,0.0,నిత్య
mesmerized,0.9,0.0,మైమరచిపోయేవారు
praise,0.9,0.0,ప్రశంసలు
togetherness,0.9,0.0,togetherness
delight,0.9,0.0,ఆనందం
vigilance,0.9,0.0,విజిలెన్స్
adjustable,0.9,0.0,సర్దుబాటు
extraordinary,0.9,0.0,అసాధారణ
memorable,0.9,0.0,చిరస్మరణీయ
enlightenment,0.9,0.0,జ్ఞానోదయ
swiftness,0.9,0.0,స్పష్టత
enchanted,0.9,0.0,ఎన్చాన్టెడ్
acumen,0.9,0.0,చతురత
unabashedly,0.9,0.0,వింతగా
fresher,0.9,0.0,ఉద్యోగాలు
joyously,0.9,0.0,joyously
adroit,0.9,0.0,నైపుణ్యంతో
receptive,0.9,0.0,స్వీకార
calming,0.9,0.0,calming
gallant,0.9,0.0,అందమైన
renowned,0.9,0.0,ప్రఖ్యాత
fervent,0.9,0.0,తీక్ష్ణమైన
painless,0.9,0.0,నొప్పిలేకుండా
rapport,0.9,0.0,నివేదిక
expansive,0.9,0.0,విస్తారమైన
raptureous,0.9,0.0,raptureous
optimal,0.9,0.0,సరైన
heroize,0.9,0.0,heroize
thrillingly,0.9,0.0,ఉత్తేజ
remarkably,0.9,0.0,ప్రస్పుటమైన
eases,0.9,0.0,తేలిక పరచు
smart,0.9,0.0,స్మార్ట్
amenable,0.9,0.0,సుసాధ్యం
dummy-proof,0.9,0.0,నకిలీ ప్రూఫ్
overtook,0.9,0.0,కలిసికొనిరి
astounding,0.9,0.0,నమ్మశక్యంకాని
congratulatory,0.9,0.0,అభినందిస్తూ
glowing,0.9,0.0,ప్రకాశిస్తూ
simplified,0.9,0.0,సరళీకృత
honor,0.9,0.0,గౌరవం
detachable,0.9,0.0,విడదీసే
evocative,0.9,0.0,విశదంగా
secure,0.9,0.0,సురక్షిత
envy,0.9,0.0,అసూయ
darling,0.9,0.0,డార్లింగ్
playful,0.9,0.0,సరదా
wonderous,0.9,0.0,wonderous
paradise,0.9,0.0,స్వర్గం
lucid,0.9,0.0,గొప్ప
reachable,0.9,0.0,అందుబాటులో
gratifies,0.9,0.0,gratifies
exult,0.9,0.0,ఆనందించు
splendor,0.9,0.0,శోభ
outshone,0.9,0.0,outshone
refreshed,0.9,0.0,రిఫ్రెష్
revel,0.9,0.0,రెవెల్
revolutionize,0.9,0.0,విప్లవాన్ని
brighter,0.9,0.0,ప్రకాశవంతంగా
celebratory,0.9,0.0,వేడుక
crisper,0.9,0.0,crisper
consistently,0.9,0.0,నిలకడగా
encouragement,0.9,0.0,ప్రోత్సాహంతో
workable,0.9,0.0,వ్యావహారిక
pleasure,0.9,0.0,ఆనందం
uphold,0.9,0.0,కొనసాగిస్తామని
decency,0.9,0.0,బిడియం
trendy,0.9,0.0,అధునాతన
exaltingly,0.9,0.0,exaltingly
preferable,0.9,0.0,ప్రాధాన్యత
problem-free,0.9,0.0,ఇబ్బందులు
accurate,0.9,0.0,కచ్చితమైన
ingenuously,0.9,0.0,ingenuously
jovial,0.9,0.0,jovial
enthusiastically,0.9,0.0,ఉత్సాహంగా
positive,0.9,0.0,అనుకూల
dumbfounded,0.9,0.0,నిశ్చేష్టులయ్యారు
immaculate,0.9,0.0,ఇమ్మాక్యులేట్
gratefully,0.9,0.0,కృతజ్ఞతాపూర్వక
pure,0.9,0.0,స్వచ్ఛమైన
benevolence,0.9,0.0,దయ
grateful,0.9,0.0,కృతజ్ఞత
magnanimous,0.9,0.0,ఉదారమైన
audible,0.9,0.0,వినిపించే
fantastic,0.9,0.0,అద్భుతమైన
honoring,0.9,0.0,గౌరవించే
exhilarate,0.9,0.0,ఉల్లాసపరచు
savvy,0.9,0.0,అవగాహన ఉన్న
well-rounded,0.9,0.0,బాగా గుండ్రని
luxuriate,0.9,0.0,రాజభోగమైన
long-lasting,0.9,0.0,దీర్ఘకాలం
straighten,0.9,0.0,నిఠారుగా
friendliness,0.9,0.0,అనుకూలతలు
courage,0.9,0.0,ధైర్యం
ennoble,0.9,0.0,గౌరవపరచు
agilely,0.9,0.0,agilely
authentic,0.9,0.0,ప్రామాణికమైన
smoother,0.9,0.0,సున్నితమైన
miracles,0.9,0.0,అద్భుతాలు
destiny,0.9,0.0,గమ్యం
influential,0.9,0.0,ప్రభావవంతమైన
reconcile,0.9,0.0,పునరుద్దరించటానికి
fav,0.9,0.0,fav
enrapture,0.9,0.0,enrapture
eager,0.9,0.0,ఆసక్తి
entertains,0.9,0.0,అలరిస్తాడు
integral,0.9,0.0,సమగ్ర
majesty,0.9,0.0,ఘనత
comfortably,0.9,0.0,హాయిగా
vouch,0.9,0.0,హమీ
precisely,0.9,0.0,ఖచ్చితంగా
excitedness,0.9,0.0,excitedness
personalized,0.9,0.0,వ్యక్తిగతీకరించిన
faultless,0.9,0.0,నిర్దోషమైన
better-than-expected,0.9,0.0,అనుకున్న దాని కంటే
faster,0.9,0.0,వేగంగా
trusting,0.9,0.0,నమ్ముతూ
comfortable,0.9,0.0,సౌకర్యవంతమైన
respite,0.9,0.0,ఉపశమనం
elite,0.9,0.0,ఉన్నత
respectful,0.9,0.0,గౌరవప్రదమైన
rock-star,0.9,0.0,సంగీత తార
stylish,0.9,0.0,స్టైలిష్
endorses,0.9,0.0,ప్రచారకర్త
whooa,0.9,0.0,whooa
modest,0.9,0.0,నమ్రత
gentlest,0.9,0.0,gentlest
swift,0.9,0.0,స్విఫ్ట్
skillful,0.9,0.0,నైపుణ్యంతో
individualized,0.9,0.0,వ్యక్తిగత
remunerate,0.9,0.0,ఫలితము
advanced,0.9,0.0,ఆధునిక
contentment,0.9,0.0,కంటెంట్మెంట్
feisty,0.9,0.0,ఉద్రేకపూర్వక
clear,0.9,0.0,స్పష్టమైన
problem-solver,0.9,0.0,సమస్యని పరిష్కరించేవాడు
cleared,0.9,0.0,క్లియర్
solace,0.9,0.0,ఓదార్పు
abundance,0.9,0.0,సమృద్ధి
bullish,0.9,0.0,బుల్లిష్
fascinate,0.9,0.0,Fascinate
positives,0.9,0.0,పాజిటివ్
plentiful,0.9,0.0,అపార
effusive,0.9,0.0,డాంబిక
loved,0.9,0.0,ప్రియమైన
entranced,0.9,0.0,పరవశుడైన
gentle,0.9,0.0,సాధువైన
brilliance,0.9,0.0,ప్రకాశం
stupendously,0.9,0.0,stupendously
intelligence,0.9,0.0,మేధస్సు
rockstar,0.9,0.0,సంగీత తార
proficiently,0.9,0.0,proficiently
enthuse,0.9,0.0,ఆ ఉత్తేజితుడవ్వు
luxurious,0.9,0.0,విలాసవంతమైన
adaptive,0.9,0.0,అనుకూల
complement,0.9,0.0,పూర్తి
mercifully,0.9,0.0,దయతో
lean,0.9,0.0,లీన్
intimate,0.9,0.0,సన్నిహిత
beutifully,0.9,0.0,beutifully
cleaner,0.9,0.0,క్లీనర్
freed,0.9,0.0,విముక్తి
gratified,0.9,0.0,తృప్తిపొందిన
ideal,0.9,0.0,ఆదర్శ
vouchsafe,0.9,0.0,vouchsafe
ebulliently,0.9,0.0,ebulliently
redemption,0.9,0.0,విముక్తి
cherish,0.9,0.0,చెరిష్
whoooa,0.9,0.0,whoooa
stunningly,0.9,0.0,stunningly
gladly,0.9,0.0,సంతోషముగా
triumphant,0.9,0.0,విజయవంతమైన
dead-cheap,0.9,0.0,గతించిన చౌకగా
illuminate,0.9,0.0,ప్రకాశత్వం
promising,0.9,0.0,ఆశాజనకంగా
abundant,0.9,0.0,సమృద్ధిగా
rejuvenate,0.9,0.0,చైతన్యం నింపు
righten,0.9,0.0,righten
diplomatic,0.9,0.0,దౌత్య
exhilaratingly,0.9,0.0,exhilaratingly
resound,0.9,0.0,ప్రతిధ్వనిస్తాయి
glimmer,0.9,0.0,గ్లిమ్మెర్
hooray,0.9,0.0,హుర్రే
faith,0.9,0.0,విశ్వాసం
foremost,0.9,0.0,అన్నిటికంటే
heros,0.9,0.0,heros
richness,0.9,0.0,గొప్పతనాన్ని
sumptuous,0.9,0.0,దివ్యమైన
excitedly,0.9,0.0,ఉత్సాహంగా
adulation,0.9,0.0,ముఖస్తుతి
lavishly,0.9,0.0,సుందరంగా
irresistible,0.9,0.0,ఎదురులేని
valiantly,0.9,0.0,valiantly
noiseless,0.9,0.0,నిశ్శబ్దముగా వుండే
record-setting,0.9,0.0,రికార్డు నెలకొల్పే
openly,0.9,0.0,బహిరంగంగా
idyllic,0.9,0.0,కావ్యంలాగా సాగిపోతూ
coolest,0.9,0.0,చక్కనైన
justly,0.9,0.0,వేళ
clean,0.9,0.0,శుభ్రంగా
feat,0.9,0.0,ఫీట్
excites,0.9,0.0,పట్టినట్టు
fond,0.9,0.0,నేపథ్య
harmony,0.9,0.0,సామరస్యం
recommend,0.9,0.0,సిఫార్సు
goodwill,0.9,0.0,సౌహార్ద
excellant,0.9,0.0,excellant
pardon,0.9,0.0,క్షమాభిక్ష
richer,0.9,0.0,ధనిక
smiles,0.9,0.0,నవ్వి
indulgent,0.9,0.0,తీర్చే
suave,0.9,0.0,సాఫ్ట్
progressive,0.9,0.0,ప్రగతిశీల
outsmart,0.9,0.0,అవుట్మార్ట్
conveniently,0.9,0.0,సౌకర్యవంతంగా
gratify,0.9,0.0,ఆనందం కలిగించు
steadfastness,0.9,0.0,దృఢత్వంచే
rectify,0.9,0.0,అడ్డుకోవడానికి
pros,0.9,0.0,ప్రోస్
trump,0.9,0.0,ట్రంప్
exultation,0.9,0.0,ఆనందము
thrive,0.9,0.0,వృద్ధి
generously,0.9,0.0,దాతృత్వముగా
nourishment,0.9,0.0,పోషణ
momentous,0.9,0.0,చిరస్మరణీయ
fortitude,0.9,0.0,పౌరుషము
verifiable,0.9,0.0,పరిశీలనా
supports,0.9,0.0,మద్దతు
happily,0.9,0.0,సంతోషంగా
adoring,0.9,0.0,adoring
stainless,0.9,0.0,స్టెయిన్లెస్
treasure,0.9,0.0,ట్రెజర్
endear,0.9,0.0,దూరం
enjoying,0.9,0.0,ఆనందించే
articulate,0.9,0.0,ఉచ్చరించు
beautify,0.9,0.0,అందంగా
palatial,0.9,0.0,ఘనమైన
win,0.9,0.0,గెలుపు
sincerely,0.9,0.0,హృదయపూర్వకమైన
loyalty,0.9,0.0,విధేయత
strikingly,0.9,0.0,గమనించదగిన
rapid,0.9,0.0,వేగవంతమైన
fortuitously,0.9,0.0,fortuitously
recommended,0.9,0.0,సిఫార్సు
sharper,0.9,0.0,పదును
deft,0.9,0.0,తెలివిగల
pre-eminent,0.9,0.0,ముందు ప్రముఖ
reasonable,0.9,0.0,సమంజసం
nifty,0.9,0.0,నిఫ్టీ
warm,0.9,0.0,వెచ్చని
counter-attack,0.9,0.0,ఎదురు దాడి
cajole,0.9,0.0,బుజ్జగించు
imaginative,0.9,0.0,ఊహా
thrilling,0.9,0.0,థ్రిల్లింగ్
issue-free,0.9,0.0,సమస్య లేని
adore,0.9,0.0,ఆరాధించు
improves,0.9,0.0,మెరుగుపరుస్తుంది
wise,0.9,0.0,తెలివైన
defeats,0.9,0.0,పరాజయాలను
smartly,0.9,0.0,తెలివిగా నడిపిన
proactive,0.9,0.0,క్రియాశీలకంగా
yay,0.9,0.0,విల్లు
non-violence,0.9,0.0,అహింస
majestic,0.9,0.0,మనోహరంగా
worthwhile,0.9,0.0,విలువైనదే
euphoria,0.9,0.0,ఆనందాతిరేకం
glow,0.9,0.0,మిణుగురు
perfection,0.9,0.0,పరిపూర్ణత
brightest,0.9,0.0,ప్రకాశవంతమైన
evenly,0.9,0.0,సమానంగా
excellent,0.9,0.0,అద్భుతమైన
witty,0.9,0.0,చమత్కారమైన
glitz,0.9,0.0,భారీతనం
leverage,0.9,0.0,పరపతి
prospros,0.9,0.0,prospros
fame,0.9,0.0,కీర్తి
golden,0.9,0.0,బంగారు
substantive,0.9,0.0,యదార్థమైన
accurately,0.9,0.0,కచ్చితంగా
seasoned,0.9,0.0,రుచికోసం
stupendous,0.9,0.0,బ్రహ్మాండమైన
inestimable,0.9,0.0,వెలలేని
propitious,0.9,0.0,ప్రసన్నమైన
fashionably,0.9,0.0,సొగసుగా
regal,0.9,0.0,రీగల్
persevere,0.9,0.0,పట్టుదలతో
well-informed,0.9,0.0,బాగా చదువుకొన్న
intrigue,0.9,0.0,కుట్ర
jubilant,0.9,0.0,ఆనందోత్సాహాలతో కూడిన
euphorically,0.9,0.0,euphorically
amiability,0.9,0.0,మంచితనం
suavely,0.9,0.0,suavely
galore,0.9,0.0,galore
sturdy,0.9,0.0,గట్టి
transparent,0.9,0.0,పారదర్శక
undamaged,0.9,0.0,undamaged
cohere,0.9,0.0,హేతుబద్ధమైన
danke,0.9,0.0,ధన్యవాదాలు
elatedly,0.9,0.0,elatedly
benifits,0.9,0.0,benifits
achievements,0.9,0.0,విజయాలు
shimmering,0.9,0.0,shimmering
preferes,0.9,0.0,ఇష్టపడే
impartial,0.9,0.0,నిష్పాక్షిక
promise,0.9,0.0,వాగ్దానం
spectacular,0.9,0.0,అద్భుతమైన
efficacious,0.9,0.0,ప్రాభావం
passion,0.9,0.0,అభిరుచి
enhances,0.9,0.0,మెరుగుపరచు
beckoning,0.9,0.0,బెకనింగ్
earnestly,0.9,0.0,ధృఢంగా
right,0.9,0.0,కుడి
mightily,0.9,0.0,mightily
favor,0.9,0.0,అనుకూలంగా
ingenious,0.9,0.0,తెలివిగల
exuberantly,0.9,0.0,అవధులు లేని ఆనందంతో
exuberance,0.9,0.0,అతిశయోక్తి
magnificence,0.9,0.0,వైభవం
cleanest,0.9,0.0,పరిశుభ్రమైన
gaining,0.9,0.0,పొంది
fascinating,0.9,0.0,మనోహరమైన
support,0.9,0.0,మద్దతు
soothingly,0.9,0.0,soothingly
flattering,0.9,0.0,పొగిడే
orderly,0.9,0.0,సక్రమమైన
wonderfully,0.9,0.0,అద్భుతంగా
equitable,0.9,0.0,సమాన
first-class,0.9,0.0,మొదటి తరగతి
honored,0.9,0.0,సన్మానించారు
sparkle,0.9,0.0,మరుపు
adored,0.9,0.0,పూజ్యమైన
ease,0.9,0.0,సులభం
enthrall,0.9,0.0,ఆకర్షించే
available,0.9,0.0,అందుబాటులో
enliven,0.9,0.0,ఎన్లివెన్
impressed,0.9,0.0,ఆకట్టుకున్నాయి
supported,0.9,0.0,మద్దతు
pleasing,0.9,0.0,ఆనందము
versatile,0.9,0.0,బహుముఖ
warmly,0.9,0.0,warmly
marvelled,0.9,0.0,ఆశ్చర్యం
pretty,0.9,0.0,చక్కని
sprightly,0.9,0.0,హుషారైన
fascination,0.9,0.0,మోహం
fave,0.9,0.0,fave
reasonably,0.9,0.0,సహేతుక
ovation,0.9,0.0,మర్యాద
speedy,0.9,0.0,వేగవంతమైన
satisfy,0.9,0.0,సంతృప్తి
super,0.9,0.0,సూపర్
privileged,0.9,0.0,విశేష
jaw-dropping,0.9,0.0,దవడ-జారవిడిచిన
better-known,0.9,0.0,పేరొందిన
accomplishments,0.9,0.0,విజయాల
breakthroughs,0.9,0.0,పరిణామాల్లో
hilarious,0.9,0.0,ఉల్లాసంగా
pride,0.9,0.0,అహంకారం
hail,0.9,0.0,వడగళ్ళు
gains,0.9,0.0,లాభాలు
rectification,0.9,0.0,దిద్దుబాటు
kudos,0.9,0.0,వైభవము
like,0.9,0.0,వంటి
masters,0.9,0.0,మాస్టర్స్
appreciable,0.9,0.0,ఇలా చెప్పుకోతగ్గ
nicest,0.9,0.0,nicest
frolic,0.9,0.0,ఉల్లాసంగా
safely,0.9,0.0,సురక్షితంగా
instrumental,0.9,0.0,వాయిద్య
spectacularly,0.9,0.0,అనూహ్యంగా
harmless,0.9,0.0,హానిచేయని
unity,0.9,0.0,ఐక్యత
fast-paced,0.9,0.0,వేగమైన
ecstasy,0.9,0.0,పారవశ్య
enjoy,0.9,0.0,ఆనందించండి
enhancement,0.9,0.0,వృద్ది
assuring,0.9,0.0,చేయడమనేది
work,0.9,0.0,పని
edify,0.9,0.0,నిష్టకలుగ చెయ్యి
formidable,0.9,0.0,బలీయమైన
instantly,0.9,0.0,తక్షణమే
righteously,0.9,0.0,righteously
painlessly,0.9,0.0,నొప్పి లేకుండా
comfy,0.9,0.0,comfy
fervidly,0.9,0.0,అత్యాదరముగా
approval,0.9,0.0,అనుమతి
fertile,0.9,0.0,సారవంతమైన
easygoing,0.9,0.0,సులభంగా అనుసరించు
admiration,0.9,0.0,ప్రశంస
reward,0.9,0.0,బహుమతి
promoter,0.9,0.0,ప్రమోటర్
responsive,0.9,0.0,బాధ్యతాయుతంగా
rapt,0.9,0.0,నిమగ్నమైన
wowing,0.9,0.0,wowing
promptly,0.9,0.0,వెంటనే
awestruck,0.9,0.0,awestruck
joyful,0.9,0.0,ఆనందం
dominate,0.9,0.0,ఆధిపత్యం
capably,0.9,0.0,నిర్వహించేది
virtue,0.9,0.0,ధర్మం
prompt,0.9,0.0,ప్రాంప్ట్
willingly,0.9,0.0,ఇష్టపూర్వకంగా
magical,0.9,0.0,మాయా
famed,0.9,0.0,ప్రఖ్యాత
angel,0.9,0.0,దూత
masterfully,0.9,0.0,masterfully
amazing,0.9,0.0,అద్భుతమైన
convincing,0.9,0.0,ఆమోదయోగ్యమైన
awsome,0.9,0.0,awsome
reforming,0.9,0.0,సంస్కరణలు
clever,0.9,0.0,తెలివైన
fervently,0.9,0.0,తీవ్రంగా
harmoniously,0.9,0.0,శాంతియుతంగా
compact,0.9,0.0,కాంపాక్ట్
enterprising,0.9,0.0,ఔత్సాహిక
intriguing,0.9,0.0,రహస్య
aspire,0.9,0.0,ఆస్పైర్
elegance,0.9,0.0,చక్కదనం
delightful,0.9,0.0,చూడముచ్చటగా
maneuverable,0.9,0.0,విన్యాసాలు
friendly,0.9,0.0,స్నేహపూర్వక
gainfully,0.9,0.0,gainfully
ideally,0.9,0.0,ఆదర్శంగా
complements,0.9,0.0,జంటగా
hardy,0.9,0.0,హార్డీ
unconditional,0.9,0.0,షరతులు
homage,0.9,0.0,మర్యాదగా
talented,0.9,0.0,ప్రతిభావంతులైన
stellarly,0.9,0.0,stellarly
futurestic,0.9,0.0,futurestic
congratulation,0.9,0.0,అభినందన
soft,0.9,0.0,సాఫ్ట్
glory,0.9,0.0,గ్లోరీ
encouragingly,0.9,0.0,ప్రోత్సాహకరంగా
stylishly,0.9,0.0,stylishly
afford,0.9,0.0,స్థోమత
jollify,0.9,0.0,jollify
skill,0.9,0.0,నైపుణ్యం
reasoned,0.9,0.0,కారణం
piety,0.9,0.0,భక్తి
peaceful,0.9,0.0,శాంతియుత
warmhearted,0.9,0.0,warmhearted
endorsing,0.9,0.0,ఎండార్స్
impressively,0.9,0.0,గుర్తుతెలియని
bravo,0.9,0.0,బ్రావో
improvement,0.9,0.0,మెరుగుదల
sumptuously,0.9,0.0,sumptuously
pamper,0.9,0.0,అతిగారాబం
avidly,0.9,0.0,అత్యాశతో
profusion,0.9,0.0,అపరిమిత
tenaciously,0.9,0.0,బిరుసైన
glisten,0.9,0.0,తళుక్కున మెరయు
famously,0.9,0.0,ప్రముఖంగా
timely,0.9,0.0,సకాలంలో
well-known,0.9,0.0,ప్రసిద్ధ
tranquil,0.9,0.0,ప్రశాంత
carefree,0.9,0.0,నిర్లక్ష్య
healthful,0.9,0.0,ఆరోగ్యకరమైన
dignified,0.9,0.0,గౌరవప్రదంగా
elegant,0.9,0.0,సొగసైన
easy,0.9,0.0,సులభంగా
excitingly,0.9,0.0,excitingly
well-received,0.9,0.0,మంచి స్పందన
impressiveness,0.9,0.0,impressiveness
simplifies,0.9,0.0,సరళంగా
thrift,0.9,0.0,పొదుపు
willingness,0.9,0.0,అంగీకారం
virtuous,0.9,0.0,ధర్మపరులుగా
outperforms,0.9,0.0,outperforms
adroitly,0.9,0.0,చమత్కారంగా
believable,0.9,0.0,నమ్మశక్యంగా
ecstasies,0.9,0.0,ecstasies
glimmering,0.9,0.0,మిణుకు
continuity,0.9,0.0,కొనసాగింపు
unaffected,0.9,0.0,చెక్కుచెదరక
neatest,0.9,0.0,neatest
prefered,0.9,0.0,prefered
attraction,0.9,0.0,ఆకర్షణ
kindly,0.9,0.0,kindly
breeze,0.9,0.0,గాలి
amicable,0.9,0.0,స్నేహపూర్వకమైన
flatter,0.9,0.0,బల్లపరుపుగా
knowledgeable,0.9,0.0,పరిజ్ఞానం
first-in-class,0.9,0.0,మొదటగా తరగతి
gratifyingly,0.9,0.0,gratifyingly
windfall,0.9,0.0,windfall
nicer,0.9,0.0,కలుపుకొని
dedicated,0.9,0.0,ప్రత్యేక
well-intentioned,0.9,0.0,సదుద్దేశంకల
autonomous,0.9,0.0,స్వతంత్ర
awed,0.9,0.0,భయపెట్టిన
promises,0.9,0.0,వాగ్దానాలు
lucrative,0.9,0.0,లాభదాయకమైన
compassionate,0.9,0.0,కారుణ్య
dependably,0.9,0.0,dependably
handsome,0.9,0.0,అందగాడు
chic,0.9,0.0,చిక్
excited,0.9,0.0,సంతోషిస్తున్నాము
infallibly,0.9,0.0,అమోఘమైన
proving,0.9,0.0,ప్రూవింగ్
impresses,0.9,0.0,ప్రేక్షకాదరణ
interests,0.9,0.0,అభిరుచులు
enviably,0.9,0.0,enviably
dotingly,0.9,0.0,dotingly
superior,0.9,0.0,ఉన్నతమైన
pleasurable,0.9,0.0,మనోహరమైనది
industrious,0.9,0.0,కష్టపడి
polite,0.9,0.0,మర్యాద
slick,0.9,0.0,వివేక
compliant,0.9,0.0,కంప్లైంట్
smile,0.9,0.0,చిరునవ్వు
agreeably,0.9,0.0,సమ్మతంగా
miraculousness,0.9,0.0,miraculousness
works,0.9,0.0,పనిచేస్తుంది
reverent,0.9,0.0,భక్తి
graciously,0.9,0.0,దయగా
pinnacle,0.9,0.0,పరాకాష్ట
risk-free,0.9,0.0,ప్రమాద రహిత
empathize,0.9,0.0,empathize
righteous,0.9,0.0,న్యాయంగా
subsidize,0.9,0.0,ప్రోత్సహాకాలు
effusion,0.9,0.0,ద్రవం
unfazed,0.9,0.0,ప్రభావితం కాలేదు
awarded,0.9,0.0,ప్రదానం
excelled,0.9,0.0,రాణించారు
beckon,0.9,0.0,హెచ్చరించు
well-backlit,0.9,0.0,బాగా బ్యాక్లిట్
law-abiding,0.9,0.0,చట్టాన్ని గౌరవించే
eased,0.9,0.0,సడలించి
amusingly,0.9,0.0,phenomenas వివరిస్తుంది amusingly
sensible,0.9,0.0,సరైన
impeccable,0.9,0.0,తప్పుపట్టలేని
awesomely,0.9,0.0,awesomely
competitive,0.9,0.0,పోటీ
bravery,0.9,0.0,శౌర్యం
distinction,0.9,0.0,విలక్షణత
sagacity,0.9,0.0,చురుకుదనం
goood,0.9,0.0,goood
properly,0.9,0.0,సరిగా
bloom,0.9,0.0,వికసించిన
freshest,0.9,0.0,తాజా
richly,0.9,0.0,ఘనంగా
well-wishers,0.9,0.0,శ్రేయోభిలాషులకు
flawlessly,0.9,0.0,దోషపూరితంగా
quaint,0.9,0.0,quaint
smartest,0.9,0.0,ఆకర్షణీయ
gracious,0.9,0.0,దయతో
youthful,0.9,0.0,యవ్వన
revolutionizes,0.9,0.0,revolutionizes
eloquently,0.9,0.0,అనర్గళమైన
beautiful,0.9,0.0,అందమైన
feasibly,0.9,0.0,తగిన విధముగా
relaxed,0.9,0.0,సడలించింది
succes,0.9,0.0,విజయం
incredible,0.9,0.0,నమ్మశక్యం
recovery,0.9,0.0,రికవరీ
wisely,0.9,0.0,తెలివిగా
effective,0.9,0.0,సమర్థవంతమైన
merriment,0.9,0.0,ఆనందం
low-risk,0.9,0.0,తక్కువ ప్రమాదం
affluence,0.9,0.0,సంపద
admirable,0.9,0.0,ప్రశంసనీయం
inpressed,0.9,0.0,inpressed
wows,0.9,0.0,వౌలు
refine,0.9,0.0,శుద్ధి
brave,0.9,0.0,ధైర్య
amity,0.9,0.0,అమిటీ
benevolent,0.9,0.0,సహనశీలి
securely,0.9,0.0,సురక్షితంగా
improved,0.9,0.0,మెరుగైన
desiring,0.9,0.0,Desiring
reform,0.9,0.0,సంస్కరణ
romantically,0.9,0.0,శృంగారపరంగా
sporty,0.9,0.0,స్పోర్టి
reverence,0.9,0.0,భక్తి
invigorate,0.9,0.0,కలుగజేయు
outstanding,0.9,0.0,అసాధారణ
prefers,0.9,0.0,ఇష్టపడతాడు
magnificent,0.9,0.0,అద్భుతమైన
outperformed,0.9,0.0,చేశాయని
eminence,0.9,0.0,ఘనత వహించిన
satisified,0.9,0.0,satisified
enviousness,0.9,0.0,enviousness
overjoyed,0.9,0.0,సంతోషించారు
sophisticated,0.9,0.0,అధునాతన
extol,0.9,0.0,పొగుడు
astonishingly,0.9,0.0,ఆశ్చర్యంగా
world-famous,0.9,0.0,ప్రపంచ ప్రఖ్యాత
gratitude,0.9,0.0,కృతజ్ఞతా
deservedly,0.9,0.0,deservedly
mesmerizingly,0.9,0.0,mesmerizingly
unparalleled,0.9,0.0,అసమాన
gorgeously,0.9,0.0,gorgeously
genial,0.9,0.0,గొప్ప
succeed,0.9,0.0,విజయవంతం
beautifullly,0.9,0.0,beautifullly
faithfully,0.9,0.0,విధేయతతో
priceless,0.9,0.0,వెలకట్టలేని
exultant,0.9,0.0,నృత్యం
thank,0.9,0.0,ధన్యవాదాలు
thumbs-up,0.9,0.0,బ్రొటనవేళ్లు అప్
titillating,0.9,0.0,titillating
preferably,0.9,0.0,ప్రాధాన్యంగా
wonder,0.9,0.0,వండర్
jubilate,0.9,0.0,jubilate
finest,0.9,0.0,అత్యుత్తమ
recommendation,0.9,0.0,సిఫార్సు
astonishing,0.9,0.0,అద్భుతంగా
enrapt,0.9,0.0,పరవశుడైన
honesty,0.9,0.0,నిజాయితీ
luxury,0.9,0.0,లగ్జరీ
futuristic,0.9,0.0,భవిష్యత్
important,0.9,0.0,ముఖ్యమైన
gaily,0.9,0.0,ఉల్లాసముగా
smooth,0.9,0.0,సున్నితంగా
stronger,0.9,0.0,బలమైన
high-spirited,0.9,0.0,అధిక ఉత్సాహముతో
succeeding,0.9,0.0,విజయవంతమయ్యారు
beloved,0.9,0.0,ప్రియమైన
beautifully,0.9,0.0,అందంగా
sustainable,0.9,0.0,స్థిరమైన
staunch,0.9,0.0,ధృడమైన
nice,0.9,0.0,నైస్
acclamation,0.9,0.0,ధ్వానాల
stellar,0.9,0.0,నక్షత్ర
favorited,0.9,0.0,ఇష్టమైన
zenith,0.9,0.0,అత్యున్నత
courteous,0.9,0.0,మర్యాదపూర్వకమైన
heroically,0.9,0.0,వీరోచితంగా
lucky,0.9,0.0,అదృష్ట
correctly,0.9,0.0,సరిగ్గా
prudent,0.9,0.0,వివేకం
success,0.9,0.0,విజయం
lustrous,0.9,0.0,నునుపుగా
non-violent,0.9,0.0,హింసాత్మక
fervid,0.9,0.0,వేడిగావుండే
gratifying,0.9,0.0,సంతోషకర
statuesque,0.9,0.0,శిల్పం
heartening,0.9,0.0,heartening
unequivocally,0.9,0.0,సాక్ష్యంలో
brand-new,0.9,0.0,సరికొత్త
blockbuster,0.9,0.0,బ్లాక్బస్టర్
breathtaking,0.9,0.0,ఉత్కంఠభరితమైన
remission,0.9,0.0,ఉపశమనం
heal,0.9,0.0,నయం
accomodative,0.9,0.0,accomodative
ebullience,0.9,0.0,ebullience
rightness,0.9,0.0,సత్ప్రవర్తన
nobly,0.9,0.0,ఘనముగా
finer,0.9,0.0,నాణ్యమైన
gaiety,0.9,0.0,వినోదం
eagerly,0.9,0.0,ఆత్రంగా
accessable,0.9,0.0,accessable
acclaim,0.9,0.0,ప్రశంసలు
self-sufficient,0.9,0.0,స్వయం ప్రతిపత్తి
adulatory,0.9,0.0,బుజ్జగింపైన
roomy,0.9,0.0,రూమి
harmonious,0.9,0.0,శ్రావ్యంగా
ecstatically,0.9,0.0,ecstatically
relent,0.9,0.0,కాఠిన్యం
impassioned,0.9,0.0,ఉద్రేకపరిచే
rectifying,0.9,0.0,దిద్దుకునేందుకు
prize,0.9,0.0,బహుమతి
beauteous,0.9,0.0,అందమైన
confidence,0.9,0.0,విశ్వాసం
cherished,0.9,0.0,ప్రతిష్టాత్మకమైన
outstrip,0.9,0.0,ప్రీతిని
wieldy,0.9,0.0,wieldy
picturesque,0.9,0.0,సుందరమైన
educated,0.9,0.0,చదువుకున్న
dauntless,0.9,0.0,డాంట్లెస్
embolden,0.9,0.0,మనోధైర్యం కలుగుతుందని
reaffirmation,0.9,0.0,reaffirmation
cost-saving,0.9,0.0,ఖర్చు ఆదా
brainy,0.9,0.0,మేధాసంపత్తికలవాడు
unencumbered,0.9,0.0,స్పష్టమైన
amenity,0.9,0.0,వసతి
valor,0.9,0.0,విలువ
convience,0.9,0.0,convience
err-free,0.9,0.0,తప్పు లేని
hotcake,0.9,0.0,వేడి కేక్
delighted,0.9,0.0,ఆనందపరిచింది
prestigious,0.9,0.0,ప్రతిష్టాత్మక
amazingly,0.9,0.0,అద్భుతంగా
encourage,0.9,0.0,ప్రోత్సహిస్తున్నాము
liked,0.9,0.0,ఇష్టపడ్డారు
correct,0.9,0.0,సరైన
outdo,0.9,0.0,అధిగమించాలని
helped,0.9,0.0,సహాయపడింది
accolade,0.9,0.0,పురస్కారం
invulnerable,0.9,0.0,దుర్భేద్యంగా
defeating,0.9,0.0,ఓడించి
gems,0.9,0.0,రత్నాలు
low-priced,0.9,0.0,తక్కువ ధరతో
patiently,0.9,0.0,ఓపికగా
dazzle,0.9,0.0,సమ్మోహనం
enviable,0.9,0.0,ఆశించదగిన
engaging,0.9,0.0,మనసుకు
ingenuous,0.9,0.0,అమాయకమైన
peach,0.9,0.0,పీచు
gleefully,0.9,0.0,gleefully
supurbly,0.9,0.0,supurbly
refund,0.9,0.0,వాపసు
lower-priced,0.9,0.0,స్వల్ప-ధర
patriotic,0.9,0.0,దేశభక్తి
calmness,0.9,0.0,ప్రశాంతతలో
irreplaceable,0.9,0.0,చేయలేని
fearlessly,0.9,0.0,నిర్భయముగా
steadfastly,0.9,0.0,నిష్కర్షగా
exalting,0.9,0.0,exalting
trustworthiness,0.9,0.0,విశ్వసనీయత
accommodative,0.9,0.0,సర్దుబాటు
unrestricted,0.9,0.0,అనియంత్రిత
affordably,0.9,0.0,తక్కువ ఖర్చుతో
appeal,0.9,0.0,అప్పీల్
integrated,0.9,0.0,ఇంటిగ్రేటెడ్
dead-on,0.9,0.0,డెడ్ ఆన్
remarkable,0.9,0.0,చెప్పుకోదగిన
brainiest,0.9,0.0,brainiest
time-honored,0.9,0.0,సమయం అనాటి ప్రఖ్యాత
savior,0.9,0.0,రక్షకుని
backbone,0.9,0.0,వెన్నెముక
outstandingly,0.9,0.0,outstandingly
amazement,0.9,0.0,ఆశ్చర్యపోయిన
replaceable,0.9,0.0,మార్చగల
swankiest,0.9,0.0,swankiest
energy-saving,0.9,0.0,విద్యుత్ను పొదుపు
prodigious,0.9,0.0,అద్భుత
amicably,0.9,0.0,స్నేహపూర్వకంగా
guarantee,0.9,0.0,హామీ
simplifying,0.9,0.0,సరళతరం
supremacy,0.9,0.0,ఆధిపత్యం
softer,0.9,0.0,మృదువైన
honest,0.9,0.0,నిజాయితీ
covenant,0.9,0.0,ఒడంబడిక
striking,0.9,0.0,అద్భుతమైన
sensitive,0.9,0.0,సున్నితమైన
attractively,0.9,0.0,ఆకర్షణీయంగా
electrify,0.9,0.0,విద్యుతీకరించు
best-performing,0.9,0.0,ఉత్తమ ప్రదర్శన
simplify,0.9,0.0,సులభతరం
spellbinding,0.9,0.0,కంపోజర్గా
cure-all,0.9,0.0,నయం-అన్ని
hands-down,0.9,0.0,చేతులు కిందకి దించు
soundly,0.9,0.0,soundly
snappy,0.9,0.0,క్లిష్టమైన
exquisite,0.9,0.0,సున్నితమైన
reassure,0.9,0.0,భరోసా
brilliances,0.9,0.0,brilliances
paramount,0.9,0.0,పారామౌంట్
dextrous,0.9,0.0,dextrous
lucidly,0.9,0.0,నిర్మలంగా
contrasty,0.9,0.0,contrasty
accomplishment,0.9,0.0,సాఫల్యం
humorous,0.9,0.0,హాస్య
appropriate,0.9,0.0,సముచితం
undisputably,0.9,0.0,undisputably
clearly,0.9,0.0,స్పష్టంగా
admiringly,0.9,0.0,మెచ్చుకొంటూ
eventful,0.9,0.0,సంఘటనాత్మక
guidance,0.9,0.0,మార్గదర్శకత్వం
hallowed,0.9,0.0,పూజనీయమైన
liberate,0.9,0.0,విముక్తి
reclaim,0.9,0.0,తిరిగి పొందాలని
outperform,0.9,0.0,తలదన్నే
valiant,0.9,0.0,వాలియంట్
magnanimously,0.9,0.0,magnanimously
upliftingly,0.9,0.0,upliftingly
heaven,0.9,0.0,స్వర్గం
robust,0.9,0.0,బలమైన
blameless,0.9,0.0,మచ్చలేని
spellbind,0.9,0.0,spellbind
meritorious,0.9,0.0,ప్రతిభావంతులైన
self-determination,0.9,0.0,స్వీయ-నిర్ణయం
happiness,0.9,0.0,ఆనందం
enjoyable,0.9,0.0,ఆనందించే
subsidizes,0.9,0.0,తక్కువ ఫీజులతో
nurturing,0.9,0.0,పెరిగే
eminent,0.9,0.0,ప్రముఖ
heavenly,0.9,0.0,స్వర్గపు
engrossing,0.9,0.0,లీనమవడం
rich,0.9,0.0,రిచ్
humor,0.9,0.0,హాస్యం
first-rate,0.9,0.0,మొదటి రేటు
unselfish,0.9,0.0,నిస్వార్థ
oasis,0.9,0.0,ఒయాసిస్
poised,0.9,0.0,భరోసా
kid-friendly,0.9,0.0,పిల్లల-స్నేహపూర్వక
harmonize,0.9,0.0,శ్రావ్యంగా
vigilant,0.9,0.0,అప్రమత్తంగా
outwit,0.9,0.0,Outwit
adoringly,0.9,0.0,adoringly
quieter,0.9,0.0,ప్రశాంత
fondly,0.9,0.0,ప్రేమగా
instructive,0.9,0.0,వివరణాత్మకంగా
complemented,0.9,0.0,పరిపూర్ణం
all-around,0.9,0.0,అన్ని చుట్టూ
hallmarks,0.9,0.0,లక్షణాలను
soundness,0.9,0.0,సుస్థిరత
dashing,0.9,0.0,చురుకైన
overtaken,0.9,0.0,ఆక్రమిస్తోంది
grace,0.9,0.0,దయ
advocate,0.9,0.0,న్యాయవాది
fanfare,0.9,0.0,శోభాయమానంగా
jubilantly,0.9,0.0,jubilantly
praising,0.9,0.0,పొగుడుతూ
tops,0.9,0.0,టాప్స్
succeeds,0.9,0.0,సఫలమైతే
astonished,0.9,0.0,ఆశ్చర్యపోయిన
danken,0.9,0.0,ధన్యవాదంతో
affection,0.9,0.0,ఆప్యాయత
geeky,0.9,0.0,అసాధారణ ప్రవర్తన కలిగిన
hot,0.9,0.0,వేడి
advantageous,0.9,0.0,ప్రయోజనకరంగా
improve,0.9,0.0,మెరుగు
sweetheart,0.9,0.0,స్వీట్హార్ట్
eloquence,0.9,0.0,వాగ్ధాటితో
audibly,0.9,0.0,వినడం
charmingly,0.9,0.0,charmingly
incredibly,0.9,0.0,చాలా
solicitous,0.9,0.0,solicitous
well-made,0.9,0.0,బాగా తయారుచేయబడినది
logical,0.9,0.0,తార్కిక
zeal,0.9,0.0,ఉత్సాహాన్ని
thoughtfully,0.9,0.0,thoughtfully
solid,0.9,0.0,ఘన
deference,0.9,0.0,విభేదాలను
intuitive,0.9,0.0,సహజమైన
punctual,0.9,0.0,ఆలస్యము కానట్టి
hallmark,0.9,0.0,ముఖ్య లక్షణం
redeeming,0.9,0.0,పునర్జీవితం ఇచ్చే
safe,0.9,0.0,సురక్షితంగా
excallent,0.9,0.0,excallent
fortune,0.9,0.0,అదృష్టం
grin,0.9,0.0,నవ్వు
awesomeness,0.9,0.0,ఆశ్చర్యాన్ని
succeeded,0.9,0.0,విజయం
beckons,0.9,0.0,beckons
pamperedly,0.9,0.0,pamperedly
appreciative,0.9,0.0,అభినందనీయులు
thrilled,0.9,0.0,ఆశ్చర్యపోయారు
loyal,0.9,0.0,నమ్మకమైన
adventurous,0.9,0.0,సాహసోపేత
booming,0.9,0.0,విజృంభిస్తున్న
renown,0.9,0.0,ప్రఖ్యాతిని
dote,0.9,0.0,వరకట్న
reformed,0.9,0.0,సంస్కరించబడిన
excellently,0.9,0.0,అద్భుతంగా
fresh,0.9,0.0,తాజా
exceedingly,0.9,0.0,అతిశయముగా
undisputable,0.9,0.0,undisputable
distinctive,0.9,0.0,విలక్షణమైన
hale,0.9,0.0,హేల్
gloriously,0.9,0.0,ఘనంగా
elan,0.9,0.0,ప్రకటన
stylized,0.9,0.0,శైలీకృత
sweeten,0.9,0.0,sweeten
alluring,0.9,0.0,ఆకట్టుకునే
fecilitous,0.9,0.0,fecilitous
overtaking,0.9,0.0,అధిగమించినందుకు
saver,0.9,0.0,సేవర్
ftw,0.9,0.0,FTW
laudable,0.9,0.0,మెచ్చుకొనదగిన
euphoric,0.9,0.0,ఉత్సాహంతో
impartially,0.9,0.0,నిష్పాక్షికంగా
lifesaver,0.9,0.0,lifesaver
simplest,0.9,0.0,సరళమైన
excellency,0.9,0.0,శ్రేష్టత
agility,0.9,0.0,చురుకుతనం
blessing,0.9,0.0,వరం
winnable,0.9,0.0,winnable
fair,0.9,0.0,ఫెయిర్
monumentally,0.9,0.0,స్మారకాలుగా
felicity,0.9,0.0,ఆనందము
hottest,0.9,0.0,హాటెస్ట్
courtly,0.9,0.0,నాగరిక
headway,0.9,0.0,ముందుకి
bonuses,0.9,0.0,బోనస్లు
best-known,0.9,0.0,బాగా తెలిసిన
significant,0.9,0.0,ముఖ్యమైన
smoothes,0.9,0.0,smoothes
prettily,0.9,0.0,prettily
affinity,0.9,0.0,సామ్యాన్ని
meaningful,0.9,0.0,అర్ధవంతమైన
prosperous,0.9,0.0,సంపన్న
ambitiously,0.9,0.0,అత్యాశతో
versatility,0.9,0.0,పాండిత్యము
lawfully,0.9,0.0,న్యాయబద్ధంగా
resourceful,0.9,0.0,resourceful
endearing,0.9,0.0,మనోహరమైన
felicitate,0.9,0.0,అదృష్టం
heartily,0.9,0.0,ఆశతో
admire,0.9,0.0,ఆరాధిస్తాను
suffices,0.9,0.0,సంతృప్తి పరుస్తుంది
aspirations,0.9,0.0,ఆకాంక్షలు
infallibility,0.9,0.0,ఖచ్చితత్వం
surpass,0.9,0.0,మించి
delicious,0.9,0.0,రుచికరమైన
complimentary,0.9,0.0,అభినందన
novelty,0.9,0.0,కొత్తదనం
coherence,0.9,0.0,పొందిక
subsidized,0.9,0.0,సబ్సిడీ
surreal,0.9,0.0,అధివాస్తవిక
spiritual,0.9,0.0,ఆధ్యాత్మికం
grandeur,0.9,0.0,గొప్పతనాన్ని
improving,0.9,0.0,అభివృద్ధి
goodness,0.9,0.0,మంచితనం
bonus,0.9,0.0,ఉపరి లాభ బహుమానము
amusing,0.9,0.0,వినోదాత్మక
confident,0.9,0.0,నమ్మకంగా
felicitous,0.9,0.0,శుభమైన
compactly,0.9,0.0,compactly
trivially,0.9,0.0,తేలికగా
achievable,0.9,0.0,సాధించగల
merrily,0.9,0.0,హాయిగా
exhilarating,0.9,0.0,సంతోషకరమైన
thrills,0.9,0.0,పులకరింతలు
tidy,0.9,0.0,చక్కనైన
jubiliant,0.9,0.0,జూబిలీ
sensibly,0.9,0.0,పరిజ్ఞానంతో
restructure,0.9,0.0,పునర్నిర్మాణం
miraculous,0.9,0.0,మానవాతీతమైన
glee,0.9,0.0,గ్లీ
whoa,0.9,0.0,అయ్యో
superb,0.9,0.0,అద్భుతమైన
obsession,0.9,0.0,ముట్టడి
joyfully,0.9,0.0,ఆనందంతో
undisputed,0.9,0.0,నిర్వివాదమైనది
comely,0.9,0.0,మంచి
gorgeous,0.9,0.0,అందమైన
luckier,0.9,0.0,luckier
worth,0.9,0.0,విలువ
beneficially,0.9,0.0,సఫలంగా
user-replaceable,0.9,0.0,వినియోగదారు-భర్తీ
decent,0.9,0.0,మంచి
blissfully,0.9,0.0,పరమానందంగా
salutary,0.9,0.0,పరిస్థితి
commodious,0.9,0.0,విశాలంగా
stable,0.9,0.0,స్థిరంగా
scenic,0.9,0.0,అందమైన
unassailable,0.9,0.0,తిరుగులేని విధంగా
holy,0.9,0.0,పవిత్ర
invincibility,0.9,0.0,invincibility
enchant,0.9,0.0,ఎన్చాంట్
appealing,0.9,0.0,ఆకర్షణీయంగా
resolute,0.9,0.0,నిశ్చయముగా
titillatingly,0.9,0.0,titillatingly
excellence,0.9,0.0,సమర్థత
perfect,0.9,0.0,పరిపూర్ణ
revolutionized,0.9,0.0,విప్లవాత్మక
exalted,0.9,0.0,అత్యున్నత
loves,0.9,0.0,లవ్స్
accolades,0.9,0.0,ప్రసంశలు
delectable,0.9,0.0,ఇవే
wowed,0.9,0.0,wowed
