Term,PosScore,NegScore,Kannada
direct,0.75,0.0,ನೇರ
adoptable,0.75,0.0,ಅಳವಡಿಸಿಕೊಳ್ಳಬಹುದಾದ
due,0.75,0.0,ಕಾರಣ
ravishing,0.75,0.0,ವಿನಾಶಕಾರಿ
benefic,0.75,0.0,ಪ್ರಯೋಜನಕಾರಿ
unsurpassable,1.0,0.0,ಮೀರಿಸಲಾಗದ
thorough,0.75,0.0,ಸಂಪೂರ್ಣ
cautious,0.75,0.0,ಜಾಗರೂಕರಾಗಿರಿ
competent,0.75,0.0,ಸಮರ್ಥ
workmanlike,0.75,0.0,ಕೆಲಸಗಾರನಂತೆ
competent,0.75,0.0,ಸಮರ್ಥ
full-blown,0.75,0.0,ಪೂರ್ಣ-ಅರಳಿದ
conspicuous,0.75,0.0,ಎದ್ದುಕಾಣುವ
differentiable,0.75,0.0,ವಿಭಿನ್ನ
constant,0.75,0.125,ನಿರಂತರ
incorrupt,0.75,0.25,ತಪ್ಪಾಗಿದೆ
corn-fed,0.75,0.0,ಕಾರ್ನ್-ಫೀಡ್
decorous,0.75,0.0,ಅಲಂಕಾರಿಕ
definite,0.75,0.0,ನಿರ್ದಿಷ್ಟ
importunate,0.75,0.125,ಆಮದು
plummy,0.75,0.0,ಪ್ಲಮ್ಮಿ
discerning,0.875,0.0,ವಿವೇಚನೆ
incisive,0.75,0.0,is ೇದಕ
metal-cutting,0.75,0.0,ಲೋಹ ಕತ್ತರಿಸುವುದು
bounden,0.875,0.0,ಬೌಂಡೆನ್
disenchanted,0.875,0.0,ಭ್ರಮನಿರಸನ
exportable,0.75,0.0,ರಫ್ತು ಮಾಡಬಹುದಾದ
enlightened,0.75,0.0,ಪ್ರಬುದ್ಧ
estimable,1.0,0.0,ಅಂದಾಜು
exchangeable,0.75,0.0,ವಿನಿಮಯ ಮಾಡಿಕೊಳ್ಳಬಹುದು
expendable,0.75,0.0,ಖರ್ಚು ಮಾಡಬಹುದಾದ
extricable,0.75,0.0,ಹೊರತೆಗೆಯಬಹುದಾದ
fit,0.75,0.0,ಫಿಟ್
pleasant-smelling,0.75,0.0,ಆಹ್ಲಾದಕರ-ವಾಸನೆ
goodish,0.75,0.0,ಒಳ್ಳೆಯ
goody-goody,0.875,0.0,ಒಳ್ಳೆಯದು-ಒಳ್ಳೆಯದು
white,0.75,0.0,ಬಿಳಿ
good-natured,0.75,0.0,ಒಳ್ಳೆಯ ಸ್ವಭಾವದ
gainly,0.875,0.0,ಲಾಭದಾಯಕ
bouncing,0.75,0.0,ಪುಟಿಯುವ
firm,0.875,0.0,ದೃ
hearty,0.75,0.0,ಹೃತ್ಪೂರ್ವಕ
well-preserved,0.75,0.0,ಚೆನ್ನಾಗಿ ಸಂರಕ್ಷಿಸಲಾಗಿದೆ
laureate,0.75,0.0,ಪ್ರಶಸ್ತಿ ವಿಜೇತ
droll,0.75,0.0,ಡ್ರಾಲ್
measurable,0.75,0.0,ಅಳೆಯಬಹುದಾದ
intellectual,0.875,0.0,ಬೌದ್ಧಿಕ
inviting,0.75,0.0,ಆಹ್ವಾನಿಸುತ್ತಿದೆ
gladsome,0.75,0.0,ಗ್ಲಾಡ್ಸೋಮ್
singable,0.75,0.0,ಹಾಡಬಲ್ಲ
moralistic,0.75,0.125,ನೈತಿಕತೆ
incorrupt,0.75,0.25,ತಪ್ಪಾಗಿದೆ
licit,0.75,0.0,ಬಿಡ್
incumbent,0.875,0.0,ಸ್ಥಾನಿಕ
unimpassioned,0.75,0.0,ಮನಸ್ಸಿಲ್ಲದ
finished,0.75,0.0,ಮುಗಿದಿದೆ
microscopic,0.75,0.0,ಸೂಕ್ಷ್ಮ
halal,0.75,0.0,ಕಾನೂನುಬದ್ಧ
kosher,0.75,0.0,ಕೋಶರ್
disarming,0.75,0.125,ನಿಶ್ಯಸ್ತ್ರಗೊಳಿಸುವಿಕೆ
white,0.75,0.125,ಬಿಳಿ
ladylike,0.75,0.0,ಲೇಡಿ ಲೈಕ್
unprintable,0.75,0.25,ಮುದ್ರಿಸಲಾಗದ
diffident,0.875,0.0,ಭಿನ್ನ
answerable,0.875,0.0,ಉತ್ತರಿಸಬಹುದಾದ
emancipative,0.75,0.125,ವಿಮೋಚನೆ
danceable,0.75,0.0,ನೃತ್ಯ ಮಾಡಬಹುದಾದ
opposite,0.75,0.125,ವಿರುದ್ದ
antiseptic,0.75,0.25,ನಂಜುನಿರೋಧಕ
shapely,0.75,0.0,ಆಕಾರ
well-proportioned,0.75,0.0,ಉತ್ತಮ ಪ್ರಮಾಣದಲ್ಲಿ
sound,0.75,0.0,ಧ್ವನಿ
straightarrow,0.875,0.125,ನೇರ
upper,0.75,0.0,ಮೇಲ್ಭಾಗ
banner,0.875,0.0,ಬ್ಯಾನರ್
gilt-edged,0.75,0.0,ಗಿಲ್ಟ್-ಅಂಚಿನ
premium,0.75,0.0,ಪ್ರೀಮಿಯಂ
shining,0.75,0.0,ಹೊಳೆಯುತ್ತಿದೆ
spiffing,0.875,0.0,ಸ್ಪಿಫಿಂಗ್
choice,0.75,0.125,ಆಯ್ಕೆ
serviceable,0.75,0.0,ಸೇವೆಗೆ ಯೋಗ್ಯವಾಗಿದೆ
sacred,0.75,0.0,ಪವಿತ್ರ
constitutional,0.75,0.0,ಸಾಂವಿಧಾನಿಕ
deliverable,0.75,0.0,ತಲುಪಿಸಬಹುದಾದ
ducal,0.75,0.0,ಡ್ಯುಕಲ್
masterstroke,0.75,0.0,ಮಾಸ್ಟರ್ ಸ್ಟ್ರೋಕ್
pleasantry,0.75,0.0,ಆಹ್ಲಾದಕರ
indignity,0.75,0.0,ಅಸಮಾಧಾನ
props,0.875,0.0,ರಂಗಪರಿಕರಗಳು
titillation,0.75,0.0,ಶೀರ್ಷಿಕೆ
beatification,0.75,0.0,ಸುಂದರೀಕರಣ
rambouillet,0.75,0.0,ರಾಂಬೌಲೆಟ್
character,0.875,0.0,ಪಾತ್ರ
drama,0.75,0.0,ನಾಟಕ
chirpiness,0.75,0.0,ಚಿಲಿಪಿಲಿ
vivacity,0.75,0.25,ಜೀವಂತಿಕೆ
mettlesomeness,0.75,0.0,mettlesomeness
bluffness,0.875,0.0,ಬ್ಲಫ್ನೆಸ್
picturesqueness,0.875,0.0,ಚಿತ್ರಕಲೆ
pleasingness,0.75,0.0,ಆಹ್ಲಾದಕರತೆ
attractiveness,0.75,0.0,ಆಕರ್ಷಣೆ
innateness,0.75,0.25,ಸಹಜತೆ
totality,0.75,0.0,ಒಟ್ಟು
looseness,0.75,0.25,ಸಡಿಲತೆ
wholesomeness,0.875,0.0,ಆರೋಗ್ಯ
healthfulness,0.875,0.0,ಆರೋಗ್ಯಕರ
trueness,0.75,0.0,ಸತ್ಯತೆ
tastefulness,0.875,0.0,ರುಚಿ
urbanity,0.875,0.0,ನಗರತೆ
conscientiousness,0.75,0.0,ಆತ್ಮಸಾಕ್ಷಿಯ ಮನೋಭಾವ
safeness,0.75,0.25,ಸುರಕ್ಷತೆ
scrupulousness,0.75,0.0,ಸೂಕ್ಷ್ಮತೆ
integrity,0.875,0.125,ಸಮಗ್ರತೆ
probity,0.75,0.0,ಸಂಭವನೀಯತೆ
artfulness,0.75,0.0,ಕಲಾತ್ಮಕತೆ
dedication,0.875,0.0,ಸಮರ್ಪಣೆ
urbanity,0.875,0.0,ನಗರತೆ
crispness,0.875,0.0,ಗರಿಗರಿಯಾದ
extremeness,0.75,0.25,ತೀವ್ರತೆ
reasonableness,0.75,0.0,ಸಮಂಜಸತೆ
affirmativeness,0.75,0.0,ದೃ ir ೀಕರಣ
importance,0.75,0.125,ಪ್ರಾಮುಖ್ಯತೆ
account,0.875,0.125,ಖಾತೆ
meaningfulness,0.75,0.125,ಅರ್ಥಪೂರ್ಣತೆ
shrillness,0.75,0.25,ಸಂಕೋಚನ
eye,0.75,0.0,ಕಣ್ಣು
logic,0.75,0.0,ತರ್ಕ
judiciousness,0.875,0.0,ನ್ಯಾಯಸಮ್ಮತತೆ
ear,0.75,0.0,ಕಿವಿ
balletomania,0.75,0.0,ಬ್ಯಾಲೆಟೋಮೇನಿಯಾ
mastering,0.75,0.0,ಮಾಸ್ಟರಿಂಗ್
principle,0.75,0.0,ತತ್ವ
hedonism,0.75,0.0,ಹೆಡೋನಿಸಂ
courtesy,0.75,0.0,ಸೌಜನ್ಯ
topper,0.75,0.0,ಟಾಪರ್
divination,0.875,0.0,ಭವಿಷ್ಯಜ್ಞಾನ
moralism,0.75,0.125,ನೈತಿಕತೆ
bonheur,0.875,0.0,ಸಂತೋಷ
beneficence,0.75,0.0,ಪ್ರಯೋಜನ
criollo,0.75,0.0,ಕ್ರಿಯೋಲ್
amoralist,0.75,0.0,ನೈತಿಕವಾದಿ
brick,0.75,0.0,ಇಟ್ಟಿಗೆ
first-rater,1.0,0.0,ಮೊದಲ-ರೇಟರ್
out-and-outer,0.75,0.0,ಹೊರ ಮತ್ತು ಹೊರ
pleaser,0.75,0.0,ಆಹ್ಲಾದಕರ
possible,0.75,0.0,ಸಾಧ್ಯ
serendipity,0.75,0.125,ಆಕಸ್ಮಿಕ
antithesis,0.75,0.0,ವಿರೋಧಾಭಾಸ
contrary,0.75,0.0,ಇದಕ್ಕೆ ವಿರುದ್ಧವಾಗಿ
algidity,0.75,0.25,ಆಲ್ಜಿಡಿಟಿ
pathology,0.75,0.125,ರೋಗಶಾಸ್ತ್ರ
character,0.875,0.0,ಪಾತ್ರ
fettle,0.75,0.0,ಭ್ರೂಣ
time,0.75,0.0,ಸಮಯ
simply,0.75,0.0,ಸುಮ್ಮನೆ
downright,0.75,0.0,ಸರಳ
recuperate,0.75,0.0,ಚೇತರಿಸಿಕೊಳ್ಳಿ
redound,0.75,0.0,ಮರುಹೊಂದಿಸಿ
enervate,0.75,0.0,ಉತ್ತೇಜಿಸಿ
delouse,0.75,0.0,ಡಿಲೌಸ್
think,0.75,0.0,ಯೋಚಿಸಿ
receive,0.75,0.0,ಸ್ವೀಕರಿಸಿ
consider,0.75,0.0,ಪರಿಗಣಿಸಿ
give,0.75,0.125,ನೀಡಿ
filigree,0.875,0.0,ಫಿಲಿಗ್ರೀ
stultify,0.75,0.125,stultify
see,0.75,0.0,ನೋಡಿ
vest,0.875,0.0,ವೆಸ್ಟ್
agree,0.875,0.0,ಒಪ್ಪುತ್ತೇನೆ
suit,0.875,0.0,ಸೂಟ್
belong,0.75,0.0,ಸೇರಿದ
make,0.875,0.0,ಮಾಡಿ
sensation,0.9,0.0,ಸಂವೇದನೆ
thriving,0.9,0.0,ಅಭಿವೃದ್ಧಿ ಹೊಂದುತ್ತಿದೆ
marvels,0.9,0.0,ಅದ್ಭುತಗಳು
vibrant,0.9,0.0,ರೋಮಾಂಚಕ
fragrant,0.9,0.0,ಪರಿಮಳಯುಕ್ತ
enthusiast,0.9,0.0,ಉತ್ಸಾಹಿ
successfully,0.9,0.0,ಯಶಸ್ವಿಯಾಗಿ
gifted,0.9,0.0,ಉಡುಗೊರೆ
unequivocal,0.9,0.0,ನಿಸ್ಸಂದಿಗ್ಧ
readily,0.9,0.0,ಕೂಡಲೇ
solicitously,0.9,0.0,ವಿಜ್ಞಾಪಿಸಿ
enchantingly,0.9,0.0,ಮೋಡಿಮಾಡುವಂತೆ
gold,0.9,0.0,ಚಿನ್ನ
comforting,0.9,0.0,ಸಾಂತ್ವನ
portable,0.9,0.0,ಪೋರ್ಟಬಲ್
sensations,0.9,0.0,ಸಂವೇದನೆಗಳು
truthful,0.9,0.0,ಸತ್ಯವಾದ
notably,0.9,0.0,ಗಮನಾರ್ಹವಾಗಿ
bonny,0.9,0.0,ಬನ್ನಿ
adulate,0.9,0.0,ಆರಾಧಿಸು
jolly,0.9,0.0,ಜಾಲಿ
supurb,0.9,0.0,ಸುಪರ್ಬ್
aspiration,0.9,0.0,ಆಕಾಂಕ್ಷೆ
venerate,0.9,0.0,ಪೂಜಿಸು
liking,0.9,0.0,ಇಷ್ಟ
sweeping,0.9,0.0,ಗುಡಿಸುವುದು
flexible,0.9,0.0,ಹೊಂದಿಕೊಳ್ಳುವ
liberty,0.9,0.0,ಸ್ವಾತಂತ್ರ್ಯ
refresh,0.9,0.0,ರಿಫ್ರೆಶ್ ಮಾಡಿ
vivacious,0.9,0.0,ಉತ್ಸಾಹಭರಿತ
gem,0.9,0.0,ರತ್ನ
impress,0.9,0.0,ಮೆಚ್ಚಿಸಿ
trumpet,0.9,0.0,ಕಹಳೆ
entrust,0.9,0.0,ಒಪ್ಪಿಸು
catchy,0.9,0.0,ಆಕರ್ಷಕ
talents,0.9,0.0,ಪ್ರತಿಭೆಗಳು
retractable,0.9,0.0,ಹಿಂತೆಗೆದುಕೊಳ್ಳಬಹುದಾದ
passionate,0.9,0.0,ಭಾವೋದ್ರಿಕ್ತ
triumph,0.9,0.0,ವಿಜಯ
afordable,0.9,0.0,ಮುಂದಕ್ಕೆ
congratulations,0.9,0.0,ಅಭಿನಂದನೆಗಳು
bargain,0.9,0.0,ಚೌಕಾಶಿ
glad,0.9,0.0,ಸಂತೋಷವಾಗಿದೆ
rejuvenated,0.9,0.0,ಪುನರ್ಯೌವನಗೊಳಿಸಲಾಯಿತು
top,0.9,0.0,ಟಾಪ್
gladden,0.9,0.0,ಸಂತೋಷವಾಗಿದೆ
energize,0.9,0.0,ಶಕ್ತಿ ತುಂಬು
humane,0.9,0.0,ಮಾನವೀಯ
swank,0.9,0.0,ಸ್ವಾಂಕ್
insightfully,0.9,0.0,ಒಳನೋಟದಿಂದ
courageousness,0.9,0.0,ಧೈರ್ಯ
fancinating,0.9,0.0,ಮೋಹಕ
maturity,0.9,0.0,ಮುಕ್ತಾಯ
energy-efficient,0.9,0.0,ಇಂಧನ ದಕ್ಷತೆ
calm,0.9,0.0,ಶಾಂತ
desirable,0.9,0.0,ಅಪೇಕ್ಷಣೀಯ
poeticize,0.9,0.0,ಕಾವ್ಯಾತ್ಮಕಗೊಳಿಸಿ
easiest,0.9,0.0,ಸುಲಭ
low-price,0.9,0.0,ಕಡಿಮೆ ಬೆಲೆ
striving,0.9,0.0,ಶ್ರಮಿಸುತ್ತಿದೆ
advantage,0.9,0.0,ಪ್ರಯೋಜನ
cheerful,0.9,0.0,ಹರ್ಷಚಿತ್ತದಿಂದ
ample,0.9,0.0,ಸಾಕಷ್ಟು
steady,0.9,0.0,ಸ್ಥಿರ
effortless,0.9,0.0,ಪ್ರಯತ್ನವಿಲ್ಲದ
innovation,0.9,0.0,ಆವಿಷ್ಕಾರದಲ್ಲಿ
fine-looking,0.9,0.0,ಉತ್ತಮವಾಗಿ ಕಾಣುತ್ತದೆ
wonders,0.9,0.0,ಅದ್ಭುತಗಳು
cashback,0.9,0.0,ಕ್ಯಾಶ್ಬ್ಯಾಕ್
quicker,0.9,0.0,ತ್ವರಿತವಾಗಿ
gleeful,0.9,0.0,ಸಂತೋಷದಾಯಕ
expertly,0.9,0.0,ಕೌಶಲ್ಯದಿಂದ
divine,0.9,0.0,ದೈವಿಕ
miraculously,0.9,0.0,ಅದ್ಭುತವಾಗಿ
daring,0.9,0.0,ಧೈರ್ಯಶಾಲಿ
pepped,0.9,0.0,pepped
cooperatively,0.9,0.0,ಸಹಕಾರದಿಂದ
gainful,0.9,0.0,ಲಾಭದಾಯಕ
rewarding,0.9,0.0,ಪುರಸ್ಕಾರ
magnificently,0.9,0.0,ಭವ್ಯವಾಗಿ
captivate,0.9,0.0,ಸೆರೆಹಿಡಿಯಿರಿ
exceeding,0.9,0.0,ಮೀರಿದೆ
ready,0.9,0.0,ಸಿದ್ಧ
invaluablely,0.9,0.0,ಅಮೂಲ್ಯವಾಗಿ
modesty,0.9,0.0,ನಮ್ರತೆ
innovative,0.9,0.0,ನವೀನ
rapturous,0.9,0.0,ರಾಪ್ಚುರಸ್
soulful,0.9,0.0,ಭಾವಪೂರ್ಣ
hard-working,0.9,0.0,ಕಷ್ಟಪಟ್ಟು ಕೆಲಸ ಮಾಡುವವರು
understandable,0.9,0.0,ಅರ್ಥವಾಗುವಂತಹದ್ದು
resourcefulness,0.9,0.0,ಸಂಪನ್ಮೂಲ
illumine,0.9,0.0,ಪ್ರಕಾಶಿತ
trusty,0.9,0.0,ವಿಶ್ವಾಸಾರ್ಹ
patriot,0.9,0.0,ದೇಶಭಕ್ತ
amply,0.9,0.0,ಸಾಕಷ್ಟು
appreciate,0.9,0.0,ಪ್ರಶಂಸಿಸುತ್ತೇವೆ
large-capacity,0.9,0.0,ದೊಡ್ಡ ಸಾಮರ್ಥ್ಯ
ardent,0.9,0.0,ಉತ್ಕಟ
inspiration,0.9,0.0,ಸ್ಫೂರ್ತಿ
topnotch,0.9,0.0,ಉನ್ನತ ದರ್ಜೆಯ
fluent,0.9,0.0,ನಿರರ್ಗಳವಾಗಿ
well-balanced,0.9,0.0,ಚೆನ್ನಾಗಿ ಸಮತೋಲಿತ
clear-cut,0.9,0.0,ಪರಿಶುದ್ಧ
lovely,0.9,0.0,ಸುಂದರ
frugal,0.9,0.0,ಮಿತವ್ಯಯದ
affirm,0.9,0.0,ದೃ irm ೀಕರಿಸಿ
idealize,0.9,0.0,ಆದರ್ಶೀಕರಿಸಿ
great,0.9,0.0,ಅದ್ಭುತವಾಗಿದೆ
profoundly,0.9,0.0,ಆಳವಾಗಿ
gumption,0.9,0.0,gumption
elation,0.9,0.0,ಉಲ್ಲಾಸ
stability,0.9,0.0,ಸ್ಥಿರತೆ
spellbound,0.9,0.0,ಕಾಗುಣಿತ
obsessions,0.9,0.0,ಗೀಳು
applaud,0.9,0.0,ಚಪ್ಪಾಳೆ
willing,0.9,0.0,ಸಿದ್ಧರಿದ್ದಾರೆ
well-bred,0.9,0.0,ಚೆನ್ನಾಗಿ ಬೆಳೆಸಲಾಗುತ್ತದೆ
cleanly,0.9,0.0,ಸ್ವಚ್ ly ವಾಗಿ
graciousness,0.9,0.0,ಕೃಪೆ
constructive,0.9,0.0,ರಚನಾತ್ಮಕ
pampers,0.9,0.0,pampers
hotcakes,0.9,0.0,ಹಾಟ್‌ಕೇಕ್‌ಗಳು
realistic,0.9,0.0,ವಾಸ್ತವಿಕ
nicely,0.9,0.0,ಚೆನ್ನಾಗಿ
unbiased,0.9,0.0,ಪಕ್ಷಪಾತವಿಲ್ಲದ
virtuously,0.9,0.0,ಸದ್ಗುಣವಾಗಿ
free,0.9,0.0,ಉಚಿತ
fairly,0.9,0.0,ತಕ್ಕಮಟ್ಟಿಗೆ
cushy,0.9,0.0,ಕುಶಿ
grand,0.9,0.0,ಎತ್ತರ
admirer,0.9,0.0,ಮೆಚ್ಚುಗೆ
peaceable,0.9,0.0,ಶಾಂತಿಯುತ
laud,0.9,0.0,ಟೇಬಲ್
renewed,0.9,0.0,ನವೀಕೃತ
inspire,0.9,0.0,ಸ್ಫೂರ್ತಿ
buoyant,0.9,0.0,ತೇಲುವ
humility,0.9,0.0,ನಮ್ರತೆ
stabilize,0.9,0.0,ಸ್ಥಿರಗೊಳಿಸಿ
hopeful,0.9,0.0,ಭರವಸೆಯ
staunchness,0.9,0.0,ದೃ .ತೆ
tenderly,0.9,0.0,ಮೃದುವಾಗಿ
amiabily,0.9,0.0,ಸೌಹಾರ್ದಯುತವಾಗಿ
liberation,0.9,0.0,ವಿಮೋಚನೆ
loveliness,0.9,0.0,ಸುಂದರತೆ
stunned,0.9,0.0,ದಿಗ್ಭ್ರಮೆಗೊಂಡ
seamless,0.9,0.0,ತಡೆರಹಿತ
supremely,0.9,0.0,ಅತ್ಯಂತ
capable,0.9,0.0,ಸಮರ್ಥ
firmer,0.9,0.0,ದೃ ir ವಾದ
overture,0.9,0.0,ಓವರ್ಚರ್
chivalrous,0.9,0.0,ಅಶ್ವದಳದ
ingeniously,0.9,0.0,ಚತುರತೆಯಿಂದ
freedom,0.9,0.0,ಸ್ವಾತಂತ್ರ್ಯ
well-positioned,0.9,0.0,ಉತ್ತಮ ಸ್ಥಾನದಲ್ಲಿದೆ
balanced,0.9,0.0,ಸಮತೋಲಿತ
refunded,0.9,0.0,ಮರುಪಾವತಿ ಮಾಡಲಾಗಿದೆ
triumphal,0.9,0.0,ವಿಜಯೋತ್ಸವ
angelic,0.9,0.0,ದೇವದೂತರ
matchless,0.9,0.0,ಸಾಟಿಯಿಲ್ಲದ
tenacious,0.9,0.0,ದೃ ac ವಾದ
successful,0.9,0.0,ಯಶಸ್ವಿಯಾಗಿದೆ
powerfully,0.9,0.0,ಶಕ್ತಿಯುತವಾಗಿ
uplifting,0.9,0.0,ಉನ್ನತಿಗೇರಿಸುವಿಕೆ
dynamic,0.9,0.0,ಡೈನಾಮಿಕ್
thankful,0.9,0.0,ಧನ್ಯವಾದಗಳು
cuteness,0.9,0.0,ಮುದ್ದುತನ
champ,0.9,0.0,ಕ್ಷೇತ್ರ
intriguingly,0.9,0.0,ಕುತೂಹಲದಿಂದ
sufficiently,0.9,0.0,ಸಾಕಷ್ಟು
pepping,0.9,0.0,ಪೆಪ್ಪಿಂಗ್
god-send,0.9,0.0,ದೇವರು ಕಳುಹಿಸು
mature,0.9,0.0,ಪ್ರಬುದ್ಧ
top-quality,0.9,0.0,ಉನ್ನತ-ಗುಣಮಟ್ಟದ
efficient,0.9,0.0,ದಕ್ಷ
easy-to-use,0.9,0.0,ಬಳಸಲು ಸುಲಭ
peppy,0.9,0.0,ಪೆಪ್ಪಿ
idol,0.9,0.0,ವಿಗ್ರಹ
elegantly,0.9,0.0,ಸೊಗಸಾಗಿ
glorious,0.9,0.0,ಖ್ಯಾತಿವೆತ್ತ
insightful,0.9,0.0,ಒಳನೋಟವುಳ್ಳ
economical,0.9,0.0,ಆರ್ಥಿಕ
reassurance,0.9,0.0,ಧೈರ್ಯ
premier,0.9,0.0,ಪ್ರಥಮ
redeem,0.9,0.0,ಉದ್ಧಾರ
pain-free,0.9,0.0,ನೋವು ಮುಕ್ತ
supporter,0.9,0.0,ಬೆಂಬಲಿಗ
rejoicingly,0.9,0.0,ಸಂತೋಷದಿಂದ
dawn,0.9,0.0,ಮುಂಜಾನೆ
gutsy,0.9,0.0,ಧೈರ್ಯಶಾಲಿ
terrifically,0.9,0.0,ಭಯಂಕರವಾಗಿ
imaculate,0.9,0.0,ಪರಿಶುದ್ಧ
appreciated,0.9,0.0,ಮೆಚ್ಚುಗೆ
strongest,0.9,0.0,ಪ್ರಬಲ
accomplish,0.9,0.0,ಸಾಧಿಸಿ
stimulate,0.9,0.0,ಉತ್ತೇಜಿಸಿ
distinguished,0.9,0.0,ವಿಶಿಷ್ಟ
joy,0.9,0.0,ಸಂತೋಷ
enjoyed,0.9,0.0,ಅನುಭವಿಸಿತು
elate,0.9,0.0,ಎಲೇಟ್
benefit,0.9,0.0,ಲಾಭ
openness,0.9,0.0,ಮುಕ್ತತೆ
achievement,0.9,0.0,ಸಾಧನೆ
honorable,0.9,0.0,ಗೌರವಾನ್ವಿತ
salute,0.9,0.0,ಆರೋಗ್ಯ
genuine,0.9,0.0,ನಿಜವಾದ
unbound,0.9,0.0,ಅನ್ಬೌಂಡ್
convienient,0.9,0.0,ಅನುಕೂಲಕರ
enlighten,0.9,0.0,ಜ್ಞಾನೋದಯ
dumbfounding,0.9,0.0,ಮೂಕವಿಸ್ಮಿತ
unabashed,0.9,0.0,ಕಳಚದ
rapturously,0.9,0.0,ತೀವ್ರವಾಗಿ
steadiness,0.9,0.0,ಸ್ಥಿರತೆ
sensationally,0.9,0.0,ಸಂವೇದನಾಶೀಲವಾಗಿ
clearer,0.9,0.0,ಸ್ಪಷ್ಟ
selective,0.9,0.0,ಆಯ್ದ
affirmative,0.9,0.0,ದೃ ir ೀಕರಣ
dirt-cheap,0.9,0.0,ಕೊಳಕು-ಅಗ್ಗ
trust,0.9,0.0,ನಂಬಿಕೆ
enthusiasm,0.9,0.0,ಉತ್ಸಾಹ
undaunted,0.9,0.0,ಭಯವಿಲ್ಲದ
courageously,0.9,0.0,ಧೈರ್ಯದಿಂದ
useful,0.9,0.0,ಉಪಯುಕ್ತ
adequate,0.9,0.0,ಸಾಕಷ್ಟು
jubilation,0.9,0.0,ಸಂತೋಷ
admirably,0.9,0.0,ಪ್ರಶಂಸನೀಯವಾಗಿ
phenomenally,0.9,0.0,ಅಸಾಧಾರಣವಾಗಿ
decisiveness,0.9,0.0,ನಿರ್ಣಾಯಕತೆ
cozy,0.9,0.0,ಸ್ನೇಹಶೀಲ
compassion,0.9,0.0,ಸಹಾನುಭೂತಿ
handier,0.9,0.0,ಹ್ಯಾಂಡಿಯರ್
clears,0.9,0.0,ತೆರವುಗೊಳಿಸುತ್ತದೆ
convincingly,0.9,0.0,ಮನವರಿಕೆಯಾಗುತ್ತದೆ
preferring,0.9,0.0,ಆದ್ಯತೆ
sagely,0.9,0.0,sagely
viewable,0.9,0.0,ವೀಕ್ಷಿಸಬಹುದಾಗಿದೆ
awesome,0.9,0.0,ಅದ್ಭುತವಾಗಿದೆ
abounds,0.9,0.0,ವಿಪುಲವಾಗಿದೆ
keenness,0.9,0.0,ಉತ್ಸಾಹ
awards,0.9,0.0,ಪ್ರಶಸ್ತಿಗಳು
supportive,0.9,0.0,ಬೆಂಬಲ
fine,0.9,0.0,ದಂಡ
pamperedness,0.9,0.0,ಮುದ್ದು
unrivaled,0.9,0.0,ಅಪ್ರತಿಮ
best-selling,0.9,0.0,ಅತಿ ಹೆಚ್ಚು ಮಾರಾಟವಾಗುವ
hearten,0.9,0.0,ಹೃತ್ಪೂರ್ವಕ
sturdier,0.9,0.0,ಗಟ್ಟಿಮುಟ್ಟಾದ
advantages,0.9,0.0,ಅನುಕೂಲಗಳು
panoramic,0.9,0.0,ವಿಹಂಗಮ
enhanced,0.9,0.0,ವರ್ಧಿಸಲಾಗಿದೆ
eulogize,0.9,0.0,ಶ್ಲಾಘಿಸು
lighter,0.9,0.0,ಹಗುರ
won,0.9,0.0,ಗೆದ್ದಿದೆ
comprehensive,0.9,0.0,ಸಮಗ್ರ
revival,0.9,0.0,ಪುನರುಜ್ಜೀವನ
skilled,0.9,0.0,ನುರಿತ
enticing,0.9,0.0,ಮೋಹಿಸುವ
tenacity,0.9,0.0,ಸ್ಥಿರತೆ
supporting,0.9,0.0,ಪೋಷಕ
greatest,0.9,0.0,ಶ್ರೇಷ್ಠ
fabulously,0.9,0.0,ಅಸಾಧಾರಣವಾಗಿ
altruistic,0.9,0.0,ಪರಹಿತಚಿಂತನೆ
enticingly,0.9,0.0,ಆಕರ್ಷಕವಾಗಿ
silent,0.9,0.0,ಮೂಕ
pleasant,0.9,0.0,ಆಹ್ಲಾದಕರ
fondness,0.9,0.0,ಒಲವು
upgradeable,0.9,0.0,ನವೀಕರಿಸಬಹುದಾದ
phenomenal,0.9,0.0,ಅಸಾಧಾರಣ
fans,0.9,0.0,ಅಭಿಮಾನಿಗಳು
state-of-the-art,0.9,0.0,ಅತ್ಯಾಧುನಿಕ
noble,0.9,0.0,ಉದಾತ್ತ
fast-growing,0.9,0.0,ವೇಗವಾಗಿ ಬೆಳೆಯುತ್ತಿದೆ
serene,0.9,0.0,ಪ್ರಶಾಂತ
handsomely,0.9,0.0,ಸುಂದರವಾಗಿ
nourish,0.9,0.0,ಪೋಷಿಸು
usable,0.9,0.0,ಬಳಸಬಹುದಾದ
spotless,0.9,0.0,ನಿಷ್ಕಳಂಕ
bless,0.9,0.0,ಆಶೀರ್ವದಿಸಿ
exemplar,0.9,0.0,ಅನುಕರಣೀಯ
poignant,0.9,0.0,ಕಟುವಾದ
ambitious,0.9,0.0,ಮಹತ್ವಾಕಾಂಕ್ಷೆಯ
worked,0.9,0.0,ಕೆಲಸ
proud,0.9,0.0,ಹೆಮ್ಮೆ
enrich,0.9,0.0,ಉತ್ಕೃಷ್ಟಗೊಳಿಸಲು
kindness,0.9,0.0,ದಯೆ
warmth,0.9,0.0,ಉಷ್ಣತೆ
excitement,0.9,0.0,ಉತ್ಸಾಹ
sweetly,0.9,0.0,ಸಿಹಿಯಾಗಿ
blithe,0.9,0.0,ಬ್ಲಿಟ್
contribution,0.9,0.0,ಕೊಡುಗೆ
rejuvenating,0.9,0.0,ಪುನರ್ಯೌವನಗೊಳಿಸುವುದು
intimacy,0.9,0.0,ಅನ್ಯೋನ್ಯತೆ
effectively,0.9,0.0,ಪರಿಣಾಮಕಾರಿಯಾಗಿ
wholesome,0.9,0.0,ಆರೋಗ್ಯಕರ
approve,0.9,0.0,ಅನುಮೋದಿಸಿ
truthfulness,0.9,0.0,ಸತ್ಯಸಂಧತೆ
handily,0.9,0.0,ಸುಲಭವಾಗಿ
staunchly,0.9,0.0,ದೃ .ವಾಗಿ
prominence,0.9,0.0,ಪ್ರಾಮುಖ್ಯತೆ
merciful,0.9,0.0,ಕರುಣಾಮಯಿ
stirringly,0.9,0.0,ಸ್ಫೂರ್ತಿದಾಯಕ
outdone,0.9,0.0,ಮೀರಿದೆ
overtake,0.9,0.0,ಹಿಂದಿಕ್ಕಿ
unbeatable,0.9,0.0,ಅಜೇಯ
sufficient,0.9,0.0,ಸಾಕಷ್ಟು
ardently,0.9,0.0,ಉತ್ಸಾಹದಿಂದ
classic,0.9,0.0,ಕ್ಲಾಸಿಕ್
civility,0.9,0.0,ನಾಗರಿಕತೆ
ingenuity,0.9,0.0,ಜಾಣ್ಮೆ
masterpiece,0.9,0.0,ಮೇರುಕೃತಿ
fidelity,0.9,0.0,ನಿಷ್ಠೆ
reliable,0.9,0.0,ವಿಶ್ವಾಸಾರ್ಹ
charisma,0.9,0.0,ವರ್ಚಸ್ಸು
readable,0.9,0.0,ಓದಬಲ್ಲದು
compatible,0.9,0.0,ಹೊಂದಬಲ್ಲ
fulfillment,0.9,0.0,ಈಡೇರಿದ
skillfully,0.9,0.0,ಕೌಶಲ್ಯದಿಂದ
tingle,0.9,0.0,ಜುಮ್ಮೆನಿಸುವಿಕೆ
excel,0.9,0.0,ಎಕ್ಸೆಲ್
enviously,0.9,0.0,ಅಸೂಯೆ ಪಟ್ಟ
swanky,0.9,0.0,ಸ್ವಾಂಕಿ
celebration,0.9,0.0,ಆಚರಣೆ
progress,0.9,0.0,ಪ್ರಗತಿ
empowerment,0.9,0.0,ಸಬಲೀಕರಣ
tranquility,0.9,0.0,ಶಾಂತಿ
led,0.9,0.0,ಎಲ್ ಇ ಡಿ
achievible,0.9,0.0,ಸಾಧಿಸಬಹುದಾದ
bright,0.9,0.0,ಪ್ರಕಾಶಮಾನವಾದ
appreciatively,0.9,0.0,ಮೆಚ್ಚುಗೆಯಿಂದ
inspirational,0.9,0.0,ಸ್ಪೂರ್ತಿದಾಯಕ
accessible,0.9,0.0,ಪ್ರವೇಶಿಸಬಹುದು
lionhearted,0.9,0.0,ಸಿಂಹ ಹೃದಯದ
refreshing,0.9,0.0,ರಿಫ್ರೆಶ್
splendidly,0.9,0.0,ಭವ್ಯವಾಗಿ
marvelous,0.9,0.0,ಅದ್ಭುತ
illustrious,0.9,0.0,ಪ್ರಸಿದ್ಧ
revives,0.9,0.0,ಪುನರುಜ್ಜೀವನಗೊಳಿಸುತ್ತದೆ
originality,0.9,0.0,ಸ್ವಂತಿಕೆ
gratification,0.9,0.0,ಸಂತೃಪ್ತಿ
motivated,0.9,0.0,ಪ್ರೇರಿತ
playfully,0.9,0.0,ತಮಾಷೆಯಾಗಿ
awe,0.9,0.0,ವಿಸ್ಮಯ
overtakes,0.9,0.0,ಹಿಂದಿಕ್ಕುತ್ತದೆ
eloquent,0.9,0.0,ನಿರರ್ಗಳ
proficient,0.9,0.0,ಪ್ರವೀಣ
cheapest,0.9,0.0,ಅಗ್ಗದ
intelligible,0.9,0.0,ಬುದ್ಧಿವಂತ
luxuriant,0.9,0.0,ಐಷಾರಾಮಿ
adaptable,0.9,0.0,ಹೊಂದಿಕೊಳ್ಳಬಲ್ಲ
enraptured,0.9,0.0,ಸುತ್ತುವರಿದಿದೆ
luckiest,0.9,0.0,ಅದೃಷ್ಟಶಾಲಿ
healthy,0.9,0.0,ಆರೋಗ್ಯಕರ
luster,0.9,0.0,ಹೊಳಪು
brotherly,0.9,0.0,ಸಹೋದರ
compliment,0.9,0.0,ಅಭಿನಂದನೆ
leading,0.9,0.0,ಪ್ರಮುಖ
fortunately,0.9,0.0,ಅದೃಷ್ಟವಶಾತ್
resplendent,0.9,0.0,ಉಲ್ಲಾಸ
obtainable,0.9,0.0,ಪಡೆಯಬಹುದಾಗಿದೆ
inventive,0.9,0.0,ಸೃಜನಶೀಲ
ardor,0.9,0.0,ಸುಡುವಿಕೆ
propitiously,0.9,0.0,ಪ್ರಶಂಸನೀಯವಾಗಿ
cost-effective,0.9,0.0,ವೆಚ್ಚ-ಪರಿಣಾಮಕಾರಿ
charismatic,0.9,0.0,ವರ್ಚಸ್ವಿ
merit,0.9,0.0,ಅರ್ಹತೆ
gusto,0.9,0.0,ಹುಮ್ಮಸ್ಸು
stimulates,0.9,0.0,ಉತ್ತೇಜಿಸುತ್ತದೆ
coherent,0.9,0.0,ಸುಸಂಬದ್ಧ
providence,0.9,0.0,ಪ್ರಾವಿಡೆನ್ಸ್
exaltedly,0.9,0.0,ಉದಾತ್ತವಾಗಿ
neatly,0.9,0.0,ಅಂದವಾಗಿ
affordable,0.9,0.0,ಕೈಗೆಟುಕುವ
effectiveness,0.9,0.0,ಪರಿಣಾಮಕಾರಿತ್ವ
monumental,0.9,0.0,ಸ್ಮಾರಕ
pleased,0.9,0.0,ಸಂತಸವಾಯಿತು
righteousness,0.9,0.0,ಸದಾಚಾರ
miracle,0.9,0.0,ಪವಾಡ
respectable,0.9,0.0,ಗೌರವಾನ್ವಿತ
upbeat,0.9,0.0,ಲವಲವಿಕೆಯ
winner,0.9,0.0,ವಿಜೇತ
laudably,0.9,0.0,ಶ್ಲಾಘನೀಯ
luckiness,0.9,0.0,ಅದೃಷ್ಟ
assurance,0.9,0.0,ವಿಮೆ
prestige,0.9,0.0,ಪ್ರತಿಷ್ಠೆ
qualified,0.9,0.0,ಅರ್ಹತೆ
fruitful,0.9,0.0,ಫಲಪ್ರದ
ilu,0.9,0.0,ಸೌಂದರ್ಯ
vivid,0.9,0.0,ಎದ್ದುಕಾಣುವ
spirited,0.9,0.0,ಉತ್ಸಾಹಭರಿತ
godsend,0.9,0.0,ಗಾಡ್ಸೆಂಡ್
mesmerizes,0.9,0.0,ಸಮ್ಮೋಹನಗೊಳಿಸುತ್ತದೆ
satisfying,0.9,0.0,ತೃಪ್ತಿಕರ
masterful,0.9,0.0,ಪ್ರವೀಣ
sublime,0.9,0.0,ಭವ್ಯವಾದ
mercy,0.9,0.0,ಕರುಣೆ
brilliantly,0.9,0.0,ಅದ್ಭುತವಾಗಿ
loving,0.9,0.0,ಪ್ರೀತಿಯ
entertaining,0.9,0.0,ಮನರಂಜನೆ
earnest,0.9,0.0,ಶ್ರದ್ಧೆಯಿಂದ
ergonomical,0.9,0.0,ದಕ್ಷತಾಶಾಸ್ತ್ರ
refinement,0.9,0.0,ಪರಿಷ್ಕರಣ
complementary,0.9,0.0,ಪೂರಕ
patient,0.9,0.0,ರೋಗಿ
inviolate,0.9,0.0,ಉಲ್ಲಂಘಿಸು
eagerness,0.9,0.0,ಉತ್ಸಾಹ
civilize,0.9,0.0,ನಾಗರಿಕ
well-mannered,0.9,0.0,ಉತ್ತಮ ನಡತೆ
dignity,0.9,0.0,ಘನತೆ
steadiest,0.9,0.0,ಸ್ಥಿರ
favorite,0.9,0.0,ನೆಚ್ಚಿನ
astutely,0.9,0.0,ಆಶ್ಚರ್ಯಕರವಾಗಿ
splendid,0.9,0.0,ಭವ್ಯವಾದ
subsidizing,0.9,0.0,ಸಹಾಯಧನ
plush,0.9,0.0,ಬೆಲೆಬಾಳುವ
marvelously,0.9,0.0,ಅದ್ಭುತ
adorer,0.9,0.0,ಪ್ರೀತಿ
happier,0.9,0.0,ಸಂತೋಷದಿಂದ
perseverance,0.9,0.0,ಪರಿಶ್ರಮ
sensational,0.9,0.0,ಸಂವೇದನಾಶೀಲ
nimble,0.9,0.0,ವೇಗವುಳ್ಳ
multi-purpose,0.9,0.0,ಬಹುಪಯೋಗಿ
affably,0.9,0.0,ಪ್ರೀತಿಯಿಂದ
astonish,0.9,0.0,ಆಶ್ಚರ್ಯ
lover,0.9,0.0,ಪ್ರೇಮಿ
nourishing,0.9,0.0,ಪೋಷಣೆ
upheld,0.9,0.0,ಎತ್ತಿಹಿಡಿದಿದೆ
exalt,0.9,0.0,ಉದಾತ್ತ
happy,0.9,0.0,ಸಂತೋಷ
prodigiously,0.9,0.0,ಅದ್ಭುತವಾಗಿ
humble,0.9,0.0,ವಿನಮ್ರ
proven,0.9,0.0,ಸಾಬೀತಾಗಿದೆ
resounding,0.9,0.0,ಮರುಕಳಿಸುವ
cashbacks,0.9,0.0,ಕ್ಯಾಶ್‌ಬ್ಯಾಕ್
visionary,0.9,0.0,ದೂರದೃಷ್ಟಿಯ
thoughtful,0.9,0.0,ಚಿಂತನಶೀಲ
smarter,0.9,0.0,ಚುರುಕಾದ
conciliate,0.9,0.0,ಸಮಾಲೋಚಿಸಿ
credible,0.9,0.0,ವಿಶ್ವಾಸಾರ್ಹ
dependable,0.9,0.0,ನಂಬಲರ್ಹ
saint,0.9,0.0,ಸಂತ
fairness,0.9,0.0,ಸೊಗಸು
victorious,0.9,0.0,ವಿಜಯಶಾಲಿ
excels,0.9,0.0,ಉತ್ಕೃಷ್ಟವಾಗಿದೆ
celebrated,0.9,0.0,ಆಚರಿಸಲಾಗುತ್ತದೆ
keenly,0.9,0.0,ತೀವ್ರವಾಗಿ
humorously,0.9,0.0,ಹಾಸ್ಯಮಯವಾಗಿ
effectual,0.9,0.0,ಪರಿಣಾಮಕಾರಿ
enchanting,0.9,0.0,ಮೋಡಿಮಾಡುವ
favour,0.9,0.0,ಪರವಾಗಿ
titillate,0.9,0.0,ಟೈಟಿಲೇಟ್
flexibility,0.9,0.0,ನಮ್ಯತೆ
mesmerize,0.9,0.0,ಸಮ್ಮೋಹನಗೊಳಿಸಿ
favorable,0.9,0.0,ಅನುಕೂಲಕರ
unwavering,0.9,0.0,ಅಚಲ
neat,0.9,0.0,ಅಚ್ಚುಕಟ್ಟಾಗಿ
generous,0.9,0.0,ಉದಾರ
satisfies,0.9,0.0,ತೃಪ್ತಿಪಡಿಸುತ್ತದೆ
consummate,0.9,0.0,ಪೂರ್ಣ
marvellous,0.9,0.0,ಅದ್ಭುತ
tempting,0.9,0.0,ಪ್ರಲೋಭನಗೊಳಿಸುವ
mastery,0.9,0.0,ಪಾಂಡಿತ್ಯ
peacefully,0.9,0.0,ಶಾಂತಿಯುತವಾಗಿ
improvements,0.9,0.0,ಅಭಿವೃದ್ಧಿಗಳು
amicability,0.9,0.0,ಸೌಹಾರ್ದತೆ
indebted,0.9,0.0,ted ಣಿಯಾಗಿದೆ
high-quality,0.9,0.0,ಉತ್ತಮ ಗುಣಮಟ್ಟದ
unfettered,0.9,0.0,ಅಸ್ಥಿರ
easing,0.9,0.0,ಸರಾಗಗೊಳಿಸುವ
exonerate,0.9,0.0,ವಿಮೋಚನೆ
enhance,0.9,0.0,ವರ್ಧಿಸಿ
evaluative,0.9,0.0,ಮೌಲ್ಯಮಾಪನ
fabulous,0.9,0.0,ಅದ್ಭುತ
mind-blowing,0.9,0.0,ಆಶ್ಚರ್ಯಕರ
well-educated,0.9,0.0,ಸುಶಿಕ್ಷಿತ
heroine,0.9,0.0,ನಾಯಕಿ
daringly,0.9,0.0,ಧೈರ್ಯದಿಂದ
lavish,0.9,0.0,ಅದ್ದೂರಿ
luxuriously,0.9,0.0,ಐಷಾರಾಮಿ
marvelousness,0.9,0.0,ಅದ್ಭುತ
classy,0.9,0.0,ಕ್ಲಾಸಿ
tickle,0.9,0.0,ಕೆರಳಿಸು
woo,0.9,0.0,ವೂ
low-cost,0.9,0.0,ಕಡಿಮೆ ವೆಚ್ಚ
restored,0.9,0.0,ಮರುಸ್ಥಾಪಿಸಲಾಗಿದೆ
romanticize,0.9,0.0,ರೊಮ್ಯಾಂಟಿಕ್ ಮಾಡಿ
rejoice,0.9,0.0,ಹಿಗ್ಗು
wholeheartedly,0.9,0.0,ಪೂರ್ಣ ಹೃದಯದಿಂದ
smitten,0.9,0.0,ಹೊಡೆದ
illuminating,0.9,0.0,ಪ್ರಕಾಶಿಸುವ
diligent,0.9,0.0,ಪರಿಶ್ರಮ
amazed,0.9,0.0,ಆಶ್ಚರ್ಯಚಕಿತರಾದರು
levity,0.9,0.0,ಲೆವಿಟಿ
reverently,0.9,0.0,ಗೌರವಯುತವಾಗಿ
courageous,0.9,0.0,ಧೈರ್ಯ
tantalizingly,0.9,0.0,ಪ್ರಲೋಭನೆಗೆ
aver,0.9,0.0,ಹೊಂದಿರುವ
congenial,0.9,0.0,ಜನ್ಮಜಾತ
pleases,0.9,0.0,ಸಂತೋಷವಾಗುತ್ತದೆ
toughest,0.9,0.0,ಕಠಿಣ
tender,0.9,0.0,ಕೋಮಲ
permissible,0.9,0.0,ಅನುಮತಿ
alluringly,0.9,0.0,ಆಕರ್ಷಕವಾಗಿ
astonishment,0.9,0.0,ಆಶ್ಚರ್ಯ
quiet,0.9,0.0,ಸ್ತಬ್ಧ
commitment,0.9,0.0,ಬದ್ಧತೆ
indulgence,0.9,0.0,ಭೋಗ
endorse,0.9,0.0,ಒಪ್ಪಿ
glowingly,0.9,0.0,ಹೊಳೆಯುವ
congratulate,0.9,0.0,ಅಭಿನಂದನೆಗಳು
peace,0.9,0.0,ಶಾಂತಿ
keen,0.9,0.0,ತೀಕ್ಷ್ಣ
breathlessness,0.9,0.0,ಉಸಿರಾಟ
sufficed,0.9,0.0,ಸಾಕು
humourous,0.9,0.0,ಹಾಸ್ಯಮಯ
unreal,0.9,0.0,ಅವಾಸ್ತವ
delicate,0.9,0.0,ಸೂಕ್ಷ್ಮ
flourish,0.9,0.0,ಏಳಿಗೆ
purify,0.9,0.0,ಶುದ್ಧೀಕರಿಸಿ
user-friendly,0.9,0.0,ಬಳಕೆದಾರ ಸ್ನೇಹಿ
intricate,0.9,0.0,ಸಂಕೀರ್ಣ
enjoyably,0.9,0.0,ಆನಂದದಾಯಕ
well-managed,0.9,0.0,ಉತ್ತಮವಾಗಿ ನಿರ್ವಹಿಸಲಾಗಿದೆ
perfectly,0.9,0.0,ಸಂಪೂರ್ಣವಾಗಿ
worthy,0.9,0.0,ಯೋಗ್ಯ
rightful,0.9,0.0,ನ್ಯಾಯಸಮ್ಮತ
fastest,0.9,0.0,ವೇಗವಾಗಿ
extoll,0.9,0.0,ಸ್ತುತಿಸು
defeated,0.9,0.0,ಸೋಲಿಸಲ್ಪಟ್ಟರು
radiance,0.9,0.0,ಕಾಂತಿ
flashy,0.9,0.0,ಅಲಂಕಾರಿಕ
generosity,0.9,0.0,er ದಾರ್ಯ
merry,0.9,0.0,ಮೆರ್ರಿ
groundbreaking,0.9,0.0,ನೆಲಮಾಳಿಗೆ
decisive,0.9,0.0,ನಿರ್ಣಾಯಕ
protection,0.9,0.0,ರಕ್ಷಣೆ
interesting,0.9,0.0,ಆಸಕ್ತಿದಾಯಕ
satisfactory,0.9,0.0,ತೃಪ್ತಿದಾಯಕ
ecenomical,0.9,0.0,ecenomical
prowess,0.9,0.0,ಪರಾಕ್ರಮ
adorable,0.9,0.0,ಆರಾಧ್ಯ
mesmerizing,0.9,0.0,ಸಮ್ಮೋಹನಗೊಳಿಸುವ
uncomplicated,0.9,0.0,ಜಟಿಲಗೊಂಡಿಲ್ಲ
entice,0.9,0.0,ಪ್ರಲೋಭನೆಗೊಳಿಸು
fun,0.9,0.0,ಮೋಜಿನ
best,0.9,0.0,ಅತ್ಯುತ್ತಮ
godlike,0.9,0.0,ದೇವರಂತೆ
attune,0.9,0.0,attune
toll-free,0.9,0.0,ಶುಲ್ಕರಹಿತ
regard,0.9,0.0,ಪರಿಗಣಿಸಿ
ameliorate,0.9,0.0,ಸುಧಾರಿಸಿ
useable,0.9,0.0,ಬಳಸಬಹುದಾದ
top-notch,0.9,0.0,ಉನ್ನತ ದರ್ಜೆಯ
astoundingly,0.9,0.0,ಆಶ್ಚರ್ಯಕರವಾಗಿ
celebrate,0.9,0.0,ಆಚರಿಸಿ
affable,0.9,0.0,ಒಳ್ಳೆ
flourishing,0.9,0.0,ಅಭಿವೃದ್ಧಿ ಹೊಂದುತ್ತಿದೆ
easiness,0.9,0.0,ಸರಾಗತೆ
well-behaved,0.9,0.0,ಚೆನ್ನಾಗಿ ವರ್ತಿಸಿದ
enjoyment,0.9,0.0,ಸಂತೋಷ
exultingly,0.9,0.0,ಸಂತೋಷದಿಂದ
popular,0.9,0.0,ಜನಪ್ರಿಯ
cornerstone,0.9,0.0,ಮೂಲಾಧಾರ
remedy,0.9,0.0,ಪರಿಹಾರ
greatness,0.9,0.0,ಶ್ರೇಷ್ಠತೆ
effusiveness,0.9,0.0,ಪರಿಣಾಮಕಾರಿತ್ವ
cool,0.9,0.0,ತಂಪಾದ
raptureously,0.9,0.0,ರ್ಯಾಪ್ಚರ್ ಆಗಿ
bolster,0.9,0.0,ವರ್ಧಕ
erudite,0.9,0.0,ಪ್ರಬುದ್ಧ
smoothest,0.9,0.0,ಸುಗಮ
examplar,0.9,0.0,ಉದಾಹರಣೆ
exciting,0.9,0.0,ಅತ್ಯಾಕರ್ಷಕ
apotheosis,0.9,0.0,ಅಪೊಥಿಯೋಸಿಸ್
convenience,0.9,0.0,ಅನುಕೂಲಕ್ಕಾಗಿ
impeccably,0.9,0.0,ನಿಷ್ಪಾಪ
kindliness,0.9,0.0,ದಯೆ
recover,0.9,0.0,ಗುಣಮುಖರಾಗಲು
standout,0.9,0.0,ಎದ್ದು ಕಾಣುವ
halcyon,0.9,0.0,ಹಾಲ್ಸಿಯಾನ್
satisfactorily,0.9,0.0,ತೃಪ್ತಿಕರವಾಗಿ
worth-while,0.9,0.0,ಉಪಯುಕ್ತ
well-being,0.9,0.0,ಯೋಗಕ್ಷೇಮ
thrill,0.9,0.0,ಥ್ರಿಲ್
rightly,0.9,0.0,ಸರಿಯಾಗಿ
entrancing,0.9,0.0,ಪ್ರವೇಶಿಸುವುದು
victory,0.9,0.0,ಗೆಲುವು
survivor,0.9,0.0,ಬದುಕುಳಿದವರು
dreamland,0.9,0.0,ಡ್ರೀಮ್ಲ್ಯಾಂಡ್
renaissance,0.9,0.0,ನವೋದಯ
radiant,0.9,0.0,ವಿಕಿರಣ
delicacy,0.9,0.0,ಸವಿಯಾದ
innocuous,0.9,0.0,ನಿರುಪದ್ರವಿ
enthral,0.9,0.0,ಎಂಥ್ರಾಲ್
comfort,0.9,0.0,ಆರಾಮ
sexy,0.9,0.0,ಮಾದಕ
champion,0.9,0.0,ಚಾಂಪಿಯನ್
amazes,0.9,0.0,ವಿಸ್ಮಯಗೊಳಿಸುತ್ತದೆ
enough,0.9,0.0,ಸಾಕು
effusively,0.9,0.0,ಪರಿಣಾಮಕಾರಿಯಾಗಿ
unquestionably,0.9,0.0,ನಿಸ್ಸಂದೇಹವಾಗಿ
regally,0.9,0.0,ನಿಯಮಿತವಾಗಿ
tough,0.9,0.0,ಕಠಿಣ
terrific,0.9,0.0,ಭಯಂಕರ
envious,0.9,0.0,ಅಸೂಯೆ ಪಟ್ಟ
soothe,0.9,0.0,ಶಮನಗೊಳಿಸಿ
astound,0.9,0.0,ಬೆರಗುಗೊಳಿಸುತ್ತದೆ
pleasingly,0.9,0.0,ಆಹ್ಲಾದಕರವಾಗಿ
agreeableness,0.9,0.0,ಸಮ್ಮತತೆ
marveled,0.9,0.0,ಆಶ್ಚರ್ಯಚಕಿತರಾದರು
assuredly,0.9,0.0,ಖಚಿತವಾಗಿ
chivalry,0.9,0.0,ಅಶ್ವದಳ
pleasurably,0.9,0.0,ಆಹ್ಲಾದಕರವಾಗಿ
hug,0.9,0.0,ಅಪ್ಪುಗೆ
sincere,0.9,0.0,ಪ್ರಾಮಾಣಿಕ
affectation,0.9,0.0,ನಿಯೋಜನೆ
exquisitely,0.9,0.0,ಸೊಗಸಾಗಿ
amaze,0.9,0.0,ವಿಸ್ಮಯಗೊಳಿಸಿ
fortuitous,0.9,0.0,ಅದೃಷ್ಟಶಾಲಿ
god-given,0.9,0.0,ದೇವರು ಕೊಟ್ಟ
shiny,0.9,0.0,ಹೊಳೆಯುವ
tolerable,0.9,0.0,ಸಹಿಸಿಕೊಳ್ಳಬಲ್ಲ
stunning,0.9,0.0,ಬೆರಗುಗೊಳಿಸುತ್ತದೆ
preeminent,0.9,0.0,ಪ್ರಮುಖ
protect,0.9,0.0,ರಕ್ಷಿಸಿ
masterpieces,0.9,0.0,ಮೇರುಕೃತಿಗಳು
merriness,0.9,0.0,ಸಂತೋಷ
sumptuousness,0.9,0.0,ರುಚಿಕರತೆ
exellent,0.9,0.0,ಶ್ರೇಷ್ಠ
defender,0.9,0.0,ರಕ್ಷಕ
responsibly,0.9,0.0,ಜವಾಬ್ದಾರಿಯುತವಾಗಿ
warmer,0.9,0.0,ಬೆಚ್ಚಗಿರುತ್ತದೆ
self-sufficiency,0.9,0.0,ಸ್ವಾವಲಂಬನೆ
snazzy,0.9,0.0,ಸ್ನ್ಯಾಜಿ
brighten,0.9,0.0,ಪ್ರಕಾಶಮಾನ
cleanliness,0.9,0.0,ಸ್ವಚ್ l ತೆ
saintliness,0.9,0.0,ಸಂತತೆ
heartwarming,0.9,0.0,ಹೃದಯಸ್ಪರ್ಶಿ
polished,0.9,0.0,ಹೊಳಪು
superiority,0.9,0.0,ಶ್ರೇಷ್ಠತೆ
goodly,0.9,0.0,ಚೆನ್ನಾಗಿ
inexpensive,0.9,0.0,ಅಗ್ಗದ
pluses,0.9,0.0,ಪ್ಲಸಸ್
valuable,0.9,0.0,ಬೆಲೆಬಾಳುವ
straightforward,0.9,0.0,ನೇರ
rewardingly,0.9,0.0,ಲಾಭದಾಯಕವಾಗಿ
chaste,0.9,0.0,ಪರಿಶುದ್ಧ
counter-attacks,0.9,0.0,ಪ್ರತಿದಾಳಿ
posh,0.9,0.0,ಐಷಾರಾಮಿ
meticulous,0.9,0.0,ಸೂಕ್ಷ್ಮ
empower,0.9,0.0,ಅಧಿಕಾರ
gained,0.9,0.0,ಗಳಿಸಿದೆ
modern,0.9,0.0,ಆಧುನಿಕ
handy,0.9,0.0,ಸೂಕ್ತವಾಗಿದೆ
heartfelt,0.9,0.0,ಹೃತ್ಪೂರ್ವಕ
encouraging,0.9,0.0,ಪ್ರೋತ್ಸಾಹಿಸುವ
ecstatic,0.9,0.0,ಭಾವಪರವಶ
creative,0.9,0.0,ಸೃಜನಶೀಲ
respectfully,0.9,0.0,ಗೌರವಯುತವಾಗಿ
avid,0.9,0.0,ಕಟ್ಟಾ
legendary,0.9,0.0,ಪೌರಾಣಿಕ
veritable,0.9,0.0,ನಿಜವಾದ
exceeded,0.9,0.0,ಮೀರಿದೆ
supple,0.9,0.0,ಪೂರಕ
tremendously,0.9,0.0,ಮಹತ್ತರವಾಗಿ
cherub,0.9,0.0,ಕೆರೂಬ್
winners,0.9,0.0,ವಿಜೇತರು
rockstars,0.9,0.0,ರಾಕ್‌ಸ್ಟಾರ್‌ಗಳು
serenity,0.9,0.0,ಪ್ರಶಾಂತತೆ
profound,0.9,0.0,ಆಳವಾದ
light-hearted,0.9,0.0,ಲಘು ಹೃದಯದ
enthusiastic,0.9,0.0,ಉತ್ಸಾಹ
joyous,0.9,0.0,ಸಂತೋಷದಾಯಕ
recommendations,0.9,0.0,ಶಿಫಾರಸುಗಳು
consistent,0.9,0.0,ಸ್ಥಿರ
exaltation,0.9,0.0,ಉದಾತ್ತತೆ
sweetness,0.9,0.0,ಮಾಧುರ್ಯ
winning,0.9,0.0,ವಿಜೇತ
peps,0.9,0.0,ಪೆಪ್ಸ್
razor-sharp,0.9,0.0,ರೇಜರ್-ತೀಕ್ಷ್ಣ
boom,0.9,0.0,ಬೂಮ್
enticed,0.9,0.0,ಮೋಹಿಸಿದೆ
revolutionary,0.9,0.0,ಕ್ರಾಂತಿಕಾರಿ
wonderful,0.9,0.0,ಅದ್ಭುತ
cure,0.9,0.0,ಗುಣಪಡಿಸುವುದು
devout,0.9,0.0,ಧರ್ಮನಿಷ್ಠ
diligence,0.9,0.0,ಪರಿಶ್ರಮ
worthiness,0.9,0.0,ಯೋಗ್ಯತೆ
twinkly,0.9,0.0,ಮಿನುಗುವಂತೆ
cheaper,0.9,0.0,ಅಗ್ಗವಾಗಿದೆ
exceled,0.9,0.0,ಶ್ರೇಷ್ಠ
abound,0.9,0.0,ವಿಪುಲವಾಗಿವೆ
opulent,0.9,0.0,ಭವ್ಯವಾದ
wealthy,0.9,0.0,ಶ್ರೀಮಂತ
blossom,0.9,0.0,ಹೂವು
optimism,0.9,0.0,ಆಶಾವಾದ
gladness,0.9,0.0,ಸಂತೋಷ
roomier,0.9,0.0,ರೂಮಿಯರ್
saintly,0.9,0.0,ಸಂತ
favored,0.9,0.0,ಒಲವು
lovable,0.9,0.0,ಪ್ರೀತಿಯ
unforgettable,0.9,0.0,ಮರೆಯಲಾಗದ
outshine,0.9,0.0,ಬೆಳಕು
restructuring,0.9,0.0,ಪುನರ್ರಚನೆ
prominent,0.9,0.0,ಪ್ರಮುಖ
altruistically,0.9,0.0,ಪರಹಿತಚಿಂತನೆಯಿಂದ
simpler,0.9,0.0,ಸರಳ
cute,0.9,0.0,ಮುದ್ದಾದ
well-run,0.9,0.0,ಚೆನ್ನಾಗಿ ಓಡಿ
bountiful,0.9,0.0,ಬೌಂಟಿಫುಲ್
speedily,0.9,0.0,ವೇಗವಾಗಿ
commendable,0.9,0.0,ಶ್ಲಾಘನೀಯ
restful,0.9,0.0,ವಿಶ್ರಾಂತಿ
captivating,0.9,0.0,ಮೋಡಿಮಾಡುವ
lovably,0.9,0.0,ಪ್ರೀತಿಯಿಂದ
energetic,0.9,0.0,ಶಕ್ತಿಯುತ
freedoms,0.9,0.0,ಸ್ವಾತಂತ್ರ್ಯಗಳು
sleek,0.9,0.0,ನಯವಾದ
lawful,0.9,0.0,ಕಾನೂನುಬದ್ಧ
crisp,0.9,0.0,ಗರಿಗರಿಯಾದ
foolproof,0.9,0.0,ಫೂಲ್ ಪ್ರೂಫ್
truthfully,0.9,0.0,ಸತ್ಯವಾಗಿ
sparkling,0.9,0.0,ಹೊಳೆಯುವ
beckoned,0.9,0.0,ಎಚ್ಚರಿಕೆ
resilient,0.9,0.0,ಸ್ಥಿತಿಸ್ಥಾಪಕ
faithful,0.9,0.0,ನಿಷ್ಠಾವಂತ
rejoicing,0.9,0.0,ಹಿಗ್ಗು
helping,0.9,0.0,ಸಹಾಯ
dazzling,0.9,0.0,ಬೆರಗುಗೊಳಿಸುವ
capability,0.9,0.0,ಸಾಮರ್ಥ್ಯ
affluent,0.9,0.0,ಶ್ರೀಮಂತ
exceed,0.9,0.0,ಮೀರಿದೆ
hero,0.9,0.0,ನಾಯಕ
steadfast,0.9,0.0,ಅಚಲ
a+,0.9,0.0,a +
irreproachable,0.9,0.0,ಸರಿಪಡಿಸಲಾಗದ
sociable,0.9,0.0,ಬೆರೆಯುವ
plusses,0.9,0.0,ಪ್ಲಸಸ್
praiseworthy,0.9,0.0,ಪ್ರಶಂಸನೀಯ
self-satisfaction,0.9,0.0,ಸ್ವಯಂ ತೃಪ್ತಿ
likable,0.9,0.0,ಇಷ್ಟ
rightfully,0.9,0.0,ನ್ಯಾಯಸಮ್ಮತವಾಗಿ
wins,0.9,0.0,ಗೆಲ್ಲುತ್ತದೆ
refined,0.9,0.0,ಸಂಸ್ಕರಿಸಿದ
charitable,0.9,0.0,ದತ್ತಿ
poise,0.9,0.0,ಸಮತೋಲನ
gooood,0.9,0.0,ಗೂಡ್
agreeable,0.9,0.0,ಒಪ್ಪಬಹುದಾದ
dexterous,0.9,0.0,ಕೌಶಲ್ಯಪೂರ್ಣ
well-established,0.9,0.0,ಸುಸ್ಥಾಪಿತ
amiable,0.9,0.0,ಸೌಹಾರ್ದಯುತ
brisk,0.9,0.0,ಚುರುಕಾದ
sincerity,0.9,0.0,ಪ್ರಾಮಾಣಿಕತೆ
beauty,0.9,0.0,ಸೌಂದರ್ಯ
advocates,0.9,0.0,ವಕೀಲರು
concise,0.9,0.0,ಸಂಕ್ಷಿಪ್ತ
prudently,0.9,0.0,ವಿವೇಕದಿಂದ
revelation,0.9,0.0,ಬಹಿರಂಗ
ultra-crisp,0.9,0.0,ಅಲ್ಟ್ರಾ-ಗರಿಗರಿಯಾದ
revitalize,0.9,0.0,ಪುನರುಜ್ಜೀವನಗೊಳಿಸಿ
talent,0.9,0.0,ಪ್ರತಿಭೆ
wondrous,0.9,0.0,ಅದ್ಭುತ
helpful,0.9,0.0,ಸಹಾಯಕವಾಗಿದೆ
fervor,0.9,0.0,ಉತ್ಸಾಹ
swankier,0.9,0.0,ಸ್ವಾಂಕಿಯರ್
graceful,0.9,0.0,ಸುಲಲಿತ
trustingly,0.9,0.0,ವಿಶ್ವಾಸಾರ್ಹವಾಗಿ
extraordinarily,0.9,0.0,ಅಸಾಧಾರಣ
deginified,0.9,0.0,deginified
attractive,0.9,0.0,ಆಕರ್ಷಕ
powerful,0.9,0.0,ಶಕ್ತಿಯುತ
stimulating,0.9,0.0,ಉತ್ತೇಜಿಸುವ
empathy,0.9,0.0,ಅನುಭೂತಿ
suitable,0.9,0.0,ಸೂಕ್ತವಾಗಿದೆ
eye-catch,0.9,0.0,ಕಣ್ಣಿನ ಹಿಡಿಯುವಿಕೆ
tempt,0.9,0.0,ಪ್ರಲೋಭನೆ
auspicious,0.9,0.0,ಶುಭ
enthralled,0.9,0.0,ಮೋಹಗೊಂಡ
triumphantly,0.9,0.0,ವಿಜಯಶಾಲಿಯಾಗಿ
beneficent,0.9,0.0,ಫಲಾನುಭವಿ
good,0.9,0.0,ಒಳ್ಳೆಯದು
exceptionally,0.9,0.0,ಅಸಾಧಾರಣವಾಗಿ
dexterously,0.9,0.0,ಕೌಶಲ್ಯದಿಂದ
survival,0.9,0.0,ಬದುಕುಳಿಯುವಿಕೆ
maturely,0.9,0.0,ಪ್ರಬುದ್ಧವಾಗಿ
impartiality,0.9,0.0,ನಿಷ್ಪಕ್ಷಪಾತತೆ
relief,0.9,0.0,ಪರಿಹಾರ
earnestness,0.9,0.0,ಶ್ರದ್ಧೆ
trusted,0.9,0.0,ವಿಶ್ವಾಸಾರ್ಹ
peacekeepers,0.9,0.0,ಶಾಂತಿಪಾಲಕರು
endorsed,0.9,0.0,ಅನುಮೋದಿಸಲಾಗಿದೆ
diligently,0.9,0.0,ಶ್ರದ್ಧೆಯಿಂದ
accomplished,0.9,0.0,ಸಾಧಿಸಲಾಗಿದೆ
entertain,0.9,0.0,ಮನರಂಜನೆ
tougher,0.9,0.0,ಕಠಿಣ
reforms,0.9,0.0,ಸುಧಾರಣೆಗಳು
wellbeing,0.9,0.0,ಯೋಗಕ್ಷೇಮ
guiltless,0.9,0.0,ತಪ್ಪಿತಸ್ಥ
stimulative,0.9,0.0,ಉತ್ತೇಜಕ
flawless,0.9,0.0,ದೋಷರಹಿತ
spacious,0.9,0.0,ವಿಶಾಲವಾದ
gracefully,0.9,0.0,ಮನೋಹರವಾಗಿ
surmount,0.9,0.0,ಸರ್ಮೌಂಟ್
poetic,0.9,0.0,ಕಾವ್ಯಾತ್ಮಕ
reaffirm,0.9,0.0,ಪುನಃ ದೃ irm ೀಕರಿಸಿ
productive,0.9,0.0,ಉತ್ಪಾದಕ
advantageously,0.9,0.0,ಅನುಕೂಲಕರವಾಗಿ
better,0.9,0.0,ಉತ್ತಮ
temptingly,0.9,0.0,ಪ್ರಲೋಭನಕಾರಿ
passionately,0.9,0.0,ಉತ್ಸಾಹದಿಂದ
rational,0.9,0.0,ತರ್ಕಬದ್ಧ
breathtakingly,0.9,0.0,ಉಸಿರುಕಟ್ಟುವ ರೀತಿಯಲ್ಲಿ
unquestionable,0.9,0.0,ಪ್ರಶ್ನಾತೀತ
fashionable,0.9,0.0,ಫ್ಯಾಶನ್
uplift,0.9,0.0,ಉನ್ನತಿ
sharpest,0.9,0.0,ತೀಕ್ಷ್ಣವಾದ
charming,0.9,0.0,ಆಕರ್ಷಕ
agile,0.9,0.0,ಚುರುಕುಬುದ್ಧಿಯ
elated,0.9,0.0,ಉಲ್ಲಾಸಗೊಂಡಿದೆ
enrichment,0.9,0.0,ಪುಷ್ಟೀಕರಣ
considerate,0.9,0.0,ಪರಿಗಣಿಸಲಾಗಿದೆ
cleverly,0.9,0.0,ಜಾಣತನದಿಂದ
prefer,0.9,0.0,ಆದ್ಯತೆ ನೀಡಿ
privilege,0.9,0.0,ಸವಲತ್ತು
astounded,0.9,0.0,ಬೆರಗಾದ
trophy,0.9,0.0,ಟ್ರೋಫಿ
exceeds,0.9,0.0,ಮೀರಿದೆ
cheery,0.9,0.0,ಹರ್ಷಚಿತ್ತದಿಂದ
acclaimed,0.9,0.0,ಮೆಚ್ಚುಗೆ
geekier,0.9,0.0,ಗೀಕಿಯರ್
charm,0.9,0.0,ಮೋಡಿ
smiling,0.9,0.0,ನಗುತ್ತಿರುವ
glitter,0.9,0.0,ಮಿನುಗು
admiring,0.9,0.0,ಮೆಚ್ಚುವ
invaluable,0.9,0.0,ಅಮೂಲ್ಯ
magic,0.9,0.0,ಮ್ಯಾಜಿಕ್
fastest-growing,0.9,0.0,ವೇಗವಾಗಿ ಬೆಳೆಯುತ್ತಿದೆ
easier,0.9,0.0,ಸುಲಭ
revive,0.9,0.0,ಪುನರುಜ್ಜೀವನಗೊಳಿಸಿ
commend,0.9,0.0,ಪ್ರಶಂಸಿಸಿ
prodigy,0.9,0.0,ಪ್ರಾಡಿಜಿ
fearless,0.9,0.0,ನಿರ್ಭೀತ
convient,0.9,0.0,ಸೂಕ್ತವಾಗಿದೆ
savings,0.9,0.0,ಉಳಿತಾಯ
appreciates,0.9,0.0,ಮೆಚ್ಚುತ್ತದೆ
hardier,0.9,0.0,ಕಠಿಣ
zippy,0.9,0.0,ipp ಿಪ್ಪಿ
ebullient,0.9,0.0,ಎಬುಲಿಯಂಟ್
examplary,0.9,0.0,ಪರೀಕ್ಷಾ
prolific,0.9,0.0,ಸಮೃದ್ಧ
gallantly,0.9,0.0,ಧೈರ್ಯದಿಂದ
manageable,0.9,0.0,ನಿರ್ವಹಿಸಬಲ್ಲ
protective,0.9,0.0,ರಕ್ಷಣಾತ್ಮಕ
politeness,0.9,0.0,ಸಭ್ಯತೆ
optimistic,0.9,0.0,ಆಶಾವಾದಿ
sane,0.9,0.0,ವಿವೇಕ
fortunate,0.9,0.0,ಅದೃಷ್ಟ
doubtless,0.9,0.0,ನಿಸ್ಸಂದೇಹವಾಗಿ
conscientious,0.9,0.0,ಆತ್ಮಸಾಕ್ಷಿಯ
invincible,0.9,0.0,ಅಜೇಯ
restructured,0.9,0.0,ಪುನರ್ರಚಿಸಲಾಗಿದೆ
fiery,0.9,0.0,ಉರಿಯುತ್ತಿರುವ
irresistibly,0.9,0.0,ತಡೆಯಲಾಗದೆ
welcome,0.9,0.0,ಸ್ವಾಗತ
smilingly,0.9,0.0,ನಗುತ್ತಾ
rapture,0.9,0.0,ರ್ಯಾಪ್ಚರ್
tantalizing,0.9,0.0,ಪ್ರಲೋಭನೆ
inspiring,0.9,0.0,ಸ್ಪೂರ್ತಿದಾಯಕ
luminous,0.9,0.0,ಪ್ರಕಾಶಕ
luck,0.9,0.0,ಅದೃಷ್ಟ
efficiently,0.9,0.0,ಪರಿಣಾಮಕಾರಿಯಾಗಿ
recomend,0.9,0.0,ಮರು ಶಿಫಾರಸು ಮಾಡಿ
beneficial,0.9,0.0,ಪ್ರಯೋಜನಕಾರಿ
spontaneous,0.9,0.0,ಸ್ವಯಂಪ್ರೇರಿತ
feasible,0.9,0.0,ಕಾರ್ಯಸಾಧ್ಯ
cheer,0.9,0.0,ಮೆರಗು
strong,0.9,0.0,ಬಲವಾದ
variety,0.9,0.0,ವೈವಿಧ್ಯ
prudence,0.9,0.0,ಎಚ್ಚರಿಕೆ
romantic,0.9,0.0,ರೋಮ್ಯಾಂಟಿಕ್
marvel,0.9,0.0,ಅದ್ಭುತ
upgradable,0.9,0.0,ನವೀಕರಿಸಬಹುದಾದ
likes,0.9,0.0,ಇಷ್ಟಗಳು
cooperative,0.9,0.0,ಸಹಕಾರಿ
idolized,0.9,0.0,ವಿಗ್ರಹಾರಾಧನೆ
positively,0.9,0.0,ಧನಾತ್ಮಕವಾಗಿ
gain,0.9,0.0,ಲಾಭ
eyecatch,0.9,0.0,ಐಕಾಚ್
flatteringly,0.9,0.0,ಹೊಗಳುವಂತೆ
heroic,0.9,0.0,ವೀರ
zest,0.9,0.0,ರುಚಿಕಾರಕ
attentive,0.9,0.0,ಗಮನ
glorify,0.9,0.0,ವೈಭವೀಕರಿಸು
prosperity,0.9,0.0,ಸಮೃದ್ಧಿ
smoothly,0.9,0.0,ಸರಾಗವಾಗಿ
authoritative,0.9,0.0,ಅಧಿಕೃತ
meticulously,0.9,0.0,ನಿಖರವಾಗಿ
principled,0.9,0.0,ತತ್ವಬದ್ಧ
dignify,0.9,0.0,ಘನತೆ
eyecatching,0.9,0.0,ಕಣ್ಣುಗುಡ್ಡೆ
excelent,0.9,0.0,ಅತ್ಯುತ್ತಮ
vibrantly,0.9,0.0,ರೋಮಾಂಚಕವಾಗಿ
advocated,0.9,0.0,ಪ್ರತಿಪಾದಿಸಿದರು
desirous,0.9,0.0,ಅಪೇಕ್ಷಿತ
excite,0.9,0.0,ಪ್ರಚೋದಿಸಿ
proves,0.9,0.0,ಸಾಬೀತುಪಡಿಸುತ್ತದೆ
trouble-free,0.9,0.0,ತೊಂದರೆ ಮುಕ್ತ
exuberant,0.9,0.0,ಉತ್ಸಾಹಭರಿತ
promised,0.9,0.0,ಭರವಸೆ
noteworthy,0.9,0.0,ಗಮನಾರ್ಹ
upliftment,0.9,0.0,ಉನ್ನತಿ
wisdom,0.9,0.0,ಬುದ್ಧಿವಂತಿಕೆ
judicious,0.9,0.0,ನ್ಯಾಯಯುತ
personages,0.9,0.0,ಅಕ್ಷರಗಳು
blissful,0.9,0.0,ಆನಂದಮಯ
rosy,0.9,0.0,ಗುಲಾಬಿ
stately,0.9,0.0,ಹಳ್ಳಿಗಾಡಿನ
fancier,0.9,0.0,ಅಭಿಮಾನಿ
finely,0.9,0.0,ನುಣ್ಣಗೆ
intelligent,0.9,0.0,ಬುದ್ಧಿವಂತ
lush,0.9,0.0,ಸೊಂಪಾದ
thoughtfulness,0.9,0.0,ಚಿಂತನಶೀಲತೆ
feature-rich,0.9,0.0,ವೈಶಿಷ್ಟ್ಯ-ಸಮೃದ್ಧ
rock-stars,0.9,0.0,ರಾಕ್-ಸ್ಟಾರ್ಸ್
morality,0.9,0.0,ನೈತಿಕತೆ
qualify,0.9,0.0,ಅರ್ಹತೆ
durable,0.9,0.0,ಬಾಳಿಕೆ ಬರುವ
realizable,0.9,0.0,ನಿಜವಾದ
glistening,0.9,0.0,ಹೊಳೆಯುವ
upscale,0.9,0.0,ದುಬಾರಿ
well-regarded,0.9,0.0,ಚೆನ್ನಾಗಿ ಪರಿಗಣಿಸಲ್ಪಟ್ಟಿದೆ
fantastically,0.9,0.0,ಅದ್ಭುತ
thinner,0.9,0.0,ತೆಳ್ಳಗೆ
lead,0.9,0.0,ಸೀಸ
profuse,0.9,0.0,ಸಮೃದ್ಧ
jaw-droping,0.9,0.0,ದವಡೆ ಬೀಳುವಿಕೆ
reliably,0.9,0.0,ವಿಶ್ವಾಸಾರ್ಹವಾಗಿ
clarity,0.9,0.0,ಸ್ಪಷ್ಟತೆ
award,0.9,0.0,ಪ್ರಶಸ್ತಿ
relish,0.9,0.0,ಆನಂದಿಸಿ
wonderously,0.9,0.0,ಅದ್ಭುತ
faithfulness,0.9,0.0,ನಿಷ್ಠೆ
invigorating,0.9,0.0,ಉತ್ತೇಜಕ
believeable,0.9,0.0,ನಂಬಲರ್ಹ
breakthrough,0.9,0.0,ಪ್ರಗತಿ
master,0.9,0.0,ಮಾಸ್ಟರ್
boost,0.9,0.0,ವರ್ಧಕ
flutter,0.9,0.0,ಬೀಸು
illuminati,0.9,0.0,ಪ್ರಕಾಶಮಾನ
dominated,0.9,0.0,ಪ್ರಾಬಲ್ಯ
inviolable,0.9,0.0,ಉಲ್ಲಂಘಿಸಲಾಗದ
delightfully,0.9,0.0,ಸಂತೋಷದಿಂದ
ethical,0.9,0.0,ನೈತಿಕ
precious,0.9,0.0,ಅತ್ಯಮೂಲ್ಯ
dazzled,0.9,0.0,ಬೆರಗುಗೊಳಿಸಿದ
fast,0.9,0.0,ವೇಗವಾಗಿ
tantalize,0.9,0.0,ಪ್ರಲೋಭನೆಗೊಳಿಸು
respect,0.9,0.0,ಗೌರವ
reputation,0.9,0.0,ಖ್ಯಾತಿ
precise,0.9,0.0,ನಿಖರ
credence,0.9,0.0,ವಿಶ್ವಾಸಾರ್ಹತೆ
divinely,0.9,0.0,ದೈವಿಕವಾಗಿ
benefits,0.9,0.0,ಪ್ರಯೋಜನಗಳು
eye-catching,0.9,0.0,ಕಣ್ಣಿಗೆ ಕಟ್ಟುವ
adventuresome,0.9,0.0,ಸಾಹಸಮಯ
impressive,0.9,0.0,ಪ್ರಭಾವಶಾಲಿ
facilitate,0.9,0.0,ಸುಗಮಗೊಳಿಸಿ
well,0.9,0.0,ಚೆನ್ನಾಗಿ
immense,0.9,0.0,ಅಪಾರ
inestimably,0.9,0.0,ಅನಿವಾರ್ಯವಾಗಿ
well-connected,0.9,0.0,ಉತ್ತಮವಾಗಿ ಸಂಪರ್ಕ ಹೊಂದಿದೆ
convenient,0.9,0.0,ಅನುಕೂಲಕರ
solidarity,0.9,0.0,ಒಗ್ಗಟ್ಟು
affirmation,0.9,0.0,ದೃ ir ೀಕರಣ
hospitable,0.9,0.0,ಆತಿಥ್ಯ
commendably,0.9,0.0,ಶ್ಲಾಘನೀಯ
exemplary,0.9,0.0,ಅನುಕರಣೀಯ
thumb-up,0.9,0.0,ಹೆಬ್ಬೆರಳು
thrifty,0.9,0.0,ಮಿತವ್ಯಯ
patience,0.9,0.0,ತಾಳ್ಮೆ
pep,0.9,0.0,ಪೆಪ್
defeat,0.9,0.0,ಸೋಲು
trustworthy,0.9,0.0,ವಿಶ್ವಾಸಾರ್ಹ
affability,0.9,0.0,ಸಾಮರ್ಥ್ಯ
prosper,0.9,0.0,ಏಳಿಗೆ
sharp,0.9,0.0,ತೀಕ್ಷ್ಣವಾದ
traction,0.9,0.0,ಎಳೆತ
elevate,0.9,0.0,ಎತ್ತರಿಸಿ
festive,0.9,0.0,ಹಬ್ಬ
superbly,0.9,0.0,ಅದ್ಭುತವಾಗಿ
upgraded,0.9,0.0,ನವೀಕರಿಸಲಾಗಿದೆ
glamorous,0.9,0.0,ಮನಮೋಹಕ
lively,0.9,0.0,ಉತ್ಸಾಹಭರಿತ
peerless,0.9,0.0,ಪೀರ್ಲೆಸ್
bliss,0.9,0.0,ಆನಂದ
revere,0.9,0.0,ಪೂಜ್ಯ
affectionate,0.9,0.0,ಪ್ರೀತಿಯ
brilliant,0.9,0.0,ಅದ್ಭುತ
shine,0.9,0.0,ಹೊಳೆಯಿರಿ
idolize,0.9,0.0,ಆರಾಧಿಸು
self-respect,0.9,0.0,ಸ್ವಯಂ ಗೌರವ
suffice,0.9,0.0,ಸಾಕು
exhilaration,0.9,0.0,ಉಲ್ಲಾಸ
fancy,0.9,0.0,ಅಲಂಕಾರಿಕ
purposeful,0.9,0.0,ಉದ್ದೇಶಪೂರ್ವಕ
wow,0.9,0.0,ಅದ್ಭುತ
diversified,0.9,0.0,ವೈವಿಧ್ಯಮಯ
famous,0.9,0.0,ಖ್ಯಾತ
assurances,0.9,0.0,ವಿಮೆ
slammin,0.9,0.0,ಸ್ಲ್ಯಾಮ್ಮಿನ್
love,0.9,0.0,ಪ್ರೀತಿ
unlimited,0.9,0.0,ಅನಿಯಮಿತ
benefactor,0.9,0.0,ಫಲಾನುಭವಿ
navigable,0.9,0.0,ಸಂಚರಿಸಬಹುದಾದ
satisfied,0.9,0.0,ತೃಪ್ತಿ
gush,0.9,0.0,ಗುಶ್
delightfulness,0.9,0.0,ಸಂತೋಷಕರ
fascinatingly,0.9,0.0,ಆಕರ್ಷಕವಾಗಿ
leads,0.9,0.0,ಲೀಡ್ಸ್
expeditiously,0.9,0.0,ತ್ವರಿತವಾಗಿ
humour,0.9,0.0,ಹಾಸ್ಯ
reputable,0.9,0.0,ಪ್ರತಿಷ್ಠಿತ
shimmeringly,0.9,0.0,ಮಿನುಗುವಂತೆ
genius,0.9,0.0,ಪ್ರತಿಭೆ
streamlined,0.9,0.0,ಸುವ್ಯವಸ್ಥಿತವಾಗಿದೆ
unmatched,0.9,0.0,ಸಾಟಿಯಿಲ್ಲದ
boundless,0.9,0.0,ಮಿತಿಯಿಲ್ಲದ
effortlessly,0.9,0.0,ಸಲೀಸಾಗಿ
lyrical,0.9,0.0,ಭಾವಗೀತಾತ್ಮಕ
reconciliation,0.9,0.0,ಸಾಮರಸ್ಯ
proper,0.9,0.0,ಸರಿಯಾದ
amuse,0.9,0.0,ವಿನೋದಮಯ
infallible,0.9,0.0,ದೋಷರಹಿತ
immaculately,0.9,0.0,ಪರಿಶುದ್ಧವಾಗಿ
spellbindingly,0.9,0.0,ಕಾಗುಣಿತ
cohesive,0.9,0.0,ಸಂಘಟನೆಯಿಂದ
sweet,0.9,0.0,ಸಿಹಿ
dominates,0.9,0.0,ಪ್ರಾಬಲ್ಯ
exceptional,0.9,0.0,ಅಸಾಧಾರಣ
productively,0.9,0.0,ಉತ್ಪಾದಕವಾಗಿ
successes,0.9,0.0,ಯಶಸ್ಸು
pampered,0.9,0.0,ಮುದ್ದು
beneficiary,0.9,0.0,ಫಲಾನುಭವಿ
supreme,0.9,0.0,ಸರ್ವೋಚ್ಚ
foresight,0.9,0.0,ದೂರದೃಷ್ಟಿ
pleasantly,0.9,0.0,ಆಹ್ಲಾದಕರವಾಗಿ
conciliatory,0.9,0.0,ಸಮಾಲೋಚನೆ
endorsement,0.9,0.0,ಅನುಮೋದನೆ
outperforming,0.9,0.0,ಮೀರಿಸುವಿಕೆ
assure,0.9,0.0,ಭರವಸೆ
mighty,0.9,0.0,ಪ್ರಬಲ
deserving,0.9,0.0,ಅರ್ಹರು
colorful,0.9,0.0,ವರ್ಣರಂಜಿತ
enjoys,0.9,0.0,ಆನಂದಿಸುತ್ತದೆ
sustainability,0.9,0.0,ಸುಸ್ಥಿರತೆ
everlasting,0.9,0.0,ಶಾಶ್ವತ
mesmerized,0.9,0.0,ಸಮ್ಮೋಹನಗೊಂಡಿದೆ
praise,0.9,0.0,ಮೆಚ್ಚುಗೆ
togetherness,0.9,0.0,ಒಗ್ಗೂಡಿಸುವಿಕೆ
delight,0.9,0.0,ಸಂತೋಷ
vigilance,0.9,0.0,ಜಾಗರೂಕತೆ
adjustable,0.9,0.0,ಹೊಂದಾಣಿಕೆ
extraordinary,0.9,0.0,ಅಸಾಮಾನ್ಯ
memorable,0.9,0.0,ಸ್ಮರಣೀಯ
enlightenment,0.9,0.0,ಜ್ಞಾನೋದಯ
swiftness,0.9,0.0,ವೇಗ
enchanted,0.9,0.0,ಮೋಡಿಮಾಡಿದ
acumen,0.9,0.0,ಕುಶಾಗ್ರಮತಿ
unabashedly,0.9,0.0,ನಿರ್ಭಯವಾಗಿ
fresher,0.9,0.0,ಹೊಸತು
joyously,0.9,0.0,ಸಂತೋಷದಿಂದ
adroit,0.9,0.0,ಕೌಶಲ್ಯಪೂರ್ಣ
receptive,0.9,0.0,ಗ್ರಹಿಸುವ
calming,0.9,0.0,ಶಾಂತಗೊಳಿಸುವ
gallant,0.9,0.0,ಧೀರ
renowned,0.9,0.0,ಹೆಸರಾಂತ
fervent,0.9,0.0,ಉತ್ಸಾಹಭರಿತ
painless,0.9,0.0,ನೋವುರಹಿತ
rapport,0.9,0.0,ವರದಿ
expansive,0.9,0.0,ವಿಸ್ತಾರವಾದ
raptureous,0.9,0.0,ರ್ಯಾಪ್ಚರ್
optimal,0.9,0.0,ಸೂಕ್ತ
heroize,0.9,0.0,ವೀರರಸ
thrillingly,0.9,0.0,ರೋಮಾಂಚನಕಾರಿ
remarkably,0.9,0.0,ಗಮನಾರ್ಹವಾಗಿ
eases,0.9,0.0,ಸರಾಗಗೊಳಿಸುತ್ತದೆ
smart,0.9,0.0,ಸ್ಮಾರ್ಟ್
amenable,0.9,0.0,ಅನುಕೂಲಕರ
dummy-proof,0.9,0.0,ಡಮ್ಮಿ-ಪ್ರೂಫ್
overtook,0.9,0.0,ಹಿಂದಿಕ್ಕಿದೆ
astounding,0.9,0.0,ಬೆರಗುಗೊಳಿಸುವ
congratulatory,0.9,0.0,ಅಭಿನಂದನಾ
glowing,0.9,0.0,ಪ್ರಜ್ವಲಿಸುವ
simplified,0.9,0.0,ಸರಳೀಕರಿಸಲಾಗಿದೆ
honor,0.9,0.0,ಗೌರವ
detachable,0.9,0.0,ಡಿಟ್ಯಾಚೇಬಲ್
evocative,0.9,0.0,ಎಬ್ಬಿಸುವ
secure,0.9,0.0,ಸುರಕ್ಷಿತ
envy,0.9,0.0,ಅಸೂಯೆ
darling,0.9,0.0,ಪ್ರಿಯತಮೆ
playful,0.9,0.0,ತಮಾಷೆಯ
wonderous,0.9,0.0,ಅದ್ಭುತ
paradise,0.9,0.0,ಸ್ವರ್ಗ
lucid,0.9,0.0,ಸ್ಪಷ್ಟ
reachable,0.9,0.0,ತಲುಪಬಹುದು
gratifies,0.9,0.0,ಸಂತೋಷಪಡಿಸುತ್ತದೆ
exult,0.9,0.0,ಸಂತೋಷ
splendor,0.9,0.0,ವೈಭವ
outshone,0.9,0.0,ಹೊರಗಡೆ
refreshed,0.9,0.0,ರಿಫ್ರೆಶ್ ಆಗಿದೆ
revel,0.9,0.0,ರಿವೆಲ್
revolutionize,0.9,0.0,ಕ್ರಾಂತಿಗೊಳಿಸು
brighter,0.9,0.0,ಪ್ರಕಾಶಮಾನವಾಗಿದೆ
celebratory,0.9,0.0,ಸಂಭ್ರಮಾಚರಣೆ
crisper,0.9,0.0,ಗರಿಗರಿಯಾದ
consistently,0.9,0.0,ಸ್ಥಿರವಾಗಿ
encouragement,0.9,0.0,ಪ್ರೋತ್ಸಾಹ
workable,0.9,0.0,ಕಾರ್ಯಸಾಧ್ಯ
pleasure,0.9,0.0,ಸಂತೋಷ
uphold,0.9,0.0,ಎತ್ತಿಹಿಡಿಯಲು
decency,0.9,0.0,ಸಭ್ಯತೆ
trendy,0.9,0.0,ಟ್ರೆಂಡಿ
exaltingly,0.9,0.0,ಉದಾತ್ತವಾಗಿ
preferable,0.9,0.0,ಯೋಗ್ಯವಾಗಿದೆ
problem-free,0.9,0.0,ಸಮಸ್ಯೆ ಮುಕ್ತ
accurate,0.9,0.0,ನಿಖರವಾದ
ingenuously,0.9,0.0,ಚತುರತೆಯಿಂದ
jovial,0.9,0.0,ಖುಷಿ
enthusiastically,0.9,0.0,ಉತ್ಸಾಹದಿಂದ
positive,0.9,0.0,ಧನಾತ್ಮಕ
dumbfounded,0.9,0.0,ಮೂಕ
immaculate,0.9,0.0,ಪರಿಶುದ್ಧ
gratefully,0.9,0.0,ಕೃತಜ್ಞತೆಯಿಂದ
pure,0.9,0.0,ಶುದ್ಧ
benevolence,0.9,0.0,ಉಪಕಾರ
grateful,0.9,0.0,ಕೃತಜ್ಞರಾಗಿರಬೇಕು
magnanimous,0.9,0.0,ದೊಡ್ಡದು
audible,0.9,0.0,ಶ್ರವ್ಯ
fantastic,0.9,0.0,ಅದ್ಭುತ
honoring,0.9,0.0,ಗೌರವ
exhilarate,0.9,0.0,ಉಲ್ಲಾಸ
savvy,0.9,0.0,ಬುದ್ಧಿವಂತ
well-rounded,0.9,0.0,ಚೆನ್ನಾಗಿ ದುಂಡಾದ
luxuriate,0.9,0.0,ಐಷಾರಾಮಿ
long-lasting,0.9,0.0,ದೀರ್ಘಾವಧಿ
straighten,0.9,0.0,ನೇರಗೊಳಿಸಿ
friendliness,0.9,0.0,ಸ್ನೇಹಪರತೆ
courage,0.9,0.0,ಧೈರ್ಯ
ennoble,0.9,0.0,ennoble
agilely,0.9,0.0,ಚುರುಕಾಗಿ
authentic,0.9,0.0,ಅಧಿಕೃತ
smoother,0.9,0.0,ಸುಗಮ
miracles,0.9,0.0,ಪವಾಡಗಳು
destiny,0.9,0.0,ಡೆಸ್ಟಿನಿ
influential,0.9,0.0,ಪ್ರಭಾವಶಾಲಿ
reconcile,0.9,0.0,ರಾಜಿ
fav,0.9,0.0,fav
enrapture,0.9,0.0,ಎನ್ರಾಪ್ಚರ್
eager,0.9,0.0,ಉತ್ಸಾಹಿ
entertains,0.9,0.0,ಮನರಂಜನೆ
integral,0.9,0.0,ಅವಿಭಾಜ್ಯ
majesty,0.9,0.0,ಮಹಿಮೆ
comfortably,0.9,0.0,ಆರಾಮವಾಗಿ
vouch,0.9,0.0,ಚೀಟಿ
precisely,0.9,0.0,ನಿಖರವಾಗಿ
excitedness,0.9,0.0,ಉತ್ಸಾಹ
personalized,0.9,0.0,ವೈಯಕ್ತೀಕರಿಸಲಾಗಿದೆ
faultless,0.9,0.0,ದೋಷರಹಿತ
better-than-expected,0.9,0.0,ನಿರೀಕ್ಷೆಗಿಂತ ಉತ್ತಮವಾಗಿದೆ
faster,0.9,0.0,ವೇಗವಾಗಿ
trusting,0.9,0.0,ನಂಬಿಕೆ
comfortable,0.9,0.0,ಆರಾಮದಾಯಕ
respite,0.9,0.0,ಬಿಡುವು
elite,0.9,0.0,ಗಣ್ಯರು
respectful,0.9,0.0,ಗೌರವಾನ್ವಿತ
rock-star,0.9,0.0,ರಾಕ್ ಸ್ಟಾರ್
stylish,0.9,0.0,ಸೊಗಸಾದ
endorses,0.9,0.0,ಅನುಮೋದಿಸುತ್ತದೆ
whooa,0.9,0.0,ಓಹ್
modest,0.9,0.0,ಸಾಧಾರಣ
gentlest,0.9,0.0,ಶಾಂತ
swift,0.9,0.0,ಸ್ವಿಫ್ಟ್
skillful,0.9,0.0,ಕೌಶಲ್ಯಪೂರ್ಣ
individualized,0.9,0.0,ವೈಯಕ್ತಿಕಗೊಳಿಸಲಾಗಿದೆ
remunerate,0.9,0.0,ಸಂಭಾವನೆ
advanced,0.9,0.0,ಸುಧಾರಿತ
contentment,0.9,0.0,ಸಂತೃಪ್ತಿ
feisty,0.9,0.0,ಉದ್ರಿಕ್ತ
clear,0.9,0.0,ಸ್ಪಷ್ಟ
problem-solver,0.9,0.0,ಸಮಸ್ಯೆ-ಪರಿಹಾರಕ
cleared,0.9,0.0,ತೆರವುಗೊಳಿಸಲಾಗಿದೆ
solace,0.9,0.0,ಸಾಂತ್ವನ
abundance,0.9,0.0,ಸಮೃದ್ಧಿ
bullish,0.9,0.0,ಬುಲಿಷ್
fascinate,0.9,0.0,ಮೋಹಿಸು
positives,0.9,0.0,ಧನಾತ್ಮಕ
plentiful,0.9,0.0,ಹೇರಳವಾಗಿದೆ
effusive,0.9,0.0,ಎಫ್ಯೂಸಿವ್
loved,0.9,0.0,ಪ್ರೀತಿಪಾತ್ರ
entranced,0.9,0.0,ಪ್ರವೇಶಿಸಲಾಗಿದೆ
gentle,0.9,0.0,ಸೌಮ್ಯ
brilliance,0.9,0.0,ತೇಜಸ್ಸು
stupendously,0.9,0.0,ಅತ್ಯದ್ಭುತವಾಗಿ
intelligence,0.9,0.0,ಬುದ್ಧಿವಂತಿಕೆ
rockstar,0.9,0.0,ರಾಕ್ ಸ್ಟಾರ್
proficiently,0.9,0.0,ಪ್ರವೀಣ
enthuse,0.9,0.0,ಉತ್ಸಾಹ
luxurious,0.9,0.0,ಐಷಾರಾಮಿ
adaptive,0.9,0.0,ಹೊಂದಾಣಿಕೆಯ
complement,0.9,0.0,ಪೂರಕ
mercifully,0.9,0.0,ಕರುಣಾಮಯಿ
lean,0.9,0.0,ನೇರ
intimate,0.9,0.0,ನಿಕಟ
beutifully,0.9,0.0,ಸುಂದರವಾಗಿ
cleaner,0.9,0.0,ಕ್ಲೀನರ್
freed,0.9,0.0,ಬಿಡುಗಡೆ
gratified,0.9,0.0,ತೃಪ್ತಿಪಡಿಸಲಾಗಿದೆ
ideal,0.9,0.0,ಆದರ್ಶ
vouchsafe,0.9,0.0,vouchsafe
ebulliently,0.9,0.0,ಚತುರವಾಗಿ
redemption,0.9,0.0,ವಿಮೋಚನೆ
cherish,0.9,0.0,ಪಾಲಿಸು
whoooa,0.9,0.0,ಹೂ
stunningly,0.9,0.0,ಬೆರಗುಗೊಳಿಸುತ್ತದೆ
gladly,0.9,0.0,ಸಂತೋಷದಿಂದ
triumphant,0.9,0.0,ವಿಜಯಶಾಲಿ
dead-cheap,0.9,0.0,ಸತ್ತ-ಅಗ್ಗದ
illuminate,0.9,0.0,ಬೆಳಗಿಸು
promising,0.9,0.0,ಭರವಸೆಯ
abundant,0.9,0.0,ಹೇರಳವಾಗಿದೆ
rejuvenate,0.9,0.0,ಪುನರ್ಯೌವನಗೊಳಿಸಿ
righten,0.9,0.0,ಬಲ
diplomatic,0.9,0.0,ರಾಜತಾಂತ್ರಿಕ
exhilaratingly,0.9,0.0,ಆಹ್ಲಾದಕರವಾಗಿ
resound,0.9,0.0,ಮರುಕಳಿಸುವಿಕೆ
glimmer,0.9,0.0,ಮಿನುಗು
hooray,0.9,0.0,ಹುರ್ರೇ
faith,0.9,0.0,ನಂಬಿಕೆ
foremost,0.9,0.0,ಅಗ್ರಗಣ್ಯ
heros,0.9,0.0,ಹೀರೋಸ್
richness,0.9,0.0,ಶ್ರೀಮಂತಿಕೆ
sumptuous,0.9,0.0,ರುಚಿಕರವಾದ
excitedly,0.9,0.0,ಉತ್ಸಾಹದಿಂದ
adulation,0.9,0.0,ಮೆಚ್ಚುಗೆ
lavishly,0.9,0.0,ಅದ್ದೂರಿಯಾಗಿ
irresistible,0.9,0.0,ಎದುರಿಸಲಾಗದ
valiantly,0.9,0.0,ಧೀರ
noiseless,0.9,0.0,ಶಬ್ದವಿಲ್ಲದ
record-setting,0.9,0.0,ರೆಕಾರ್ಡ್-ಸೆಟ್ಟಿಂಗ್
openly,0.9,0.0,ಬಹಿರಂಗವಾಗಿ
idyllic,0.9,0.0,ಐಡಿಲಿಕ್
coolest,0.9,0.0,ತಂಪಾದ
justly,0.9,0.0,ನ್ಯಾಯಯುತವಾಗಿ
clean,0.9,0.0,ಸ್ವಚ್ .ಗೊಳಿಸಿ
feat,0.9,0.0,ಸಾಧನೆ
excites,0.9,0.0,ಪ್ರಚೋದಿಸುತ್ತದೆ
fond,0.9,0.0,ಹಿನ್ನೆಲೆ
harmony,0.9,0.0,ಸಾಮರಸ್ಯ
recommend,0.9,0.0,ಶಿಫಾರಸು ಮಾಡಿ
goodwill,0.9,0.0,ಸದ್ಭಾವನೆ
excellant,0.9,0.0,ಶ್ರೇಷ್ಠ
pardon,0.9,0.0,ಕ್ಷಮೆ
richer,0.9,0.0,ಶ್ರೀಮಂತ
smiles,0.9,0.0,ಸ್ಮೈಲ್ಸ್
indulgent,0.9,0.0,ಭೋಗ
suave,0.9,0.0,ಮೃದು
progressive,0.9,0.0,ಪ್ರಗತಿಪರ
outsmart,0.9,0.0,ಹೊರಗುತ್ತಿಗೆ
conveniently,0.9,0.0,ಅನುಕೂಲಕರವಾಗಿ
gratify,0.9,0.0,ಕೃತಜ್ಞತೆ
steadfastness,0.9,0.0,ಅಚಲತೆ
rectify,0.9,0.0,ಸರಿಪಡಿಸಿ
pros,0.9,0.0,ಪರ
trump,0.9,0.0,ಟ್ರಂಪ್
exultation,0.9,0.0,ಸಂತೋಷ
thrive,0.9,0.0,ಅಭಿವೃದ್ಧಿ ಹೊಂದುತ್ತದೆ
generously,0.9,0.0,ಉದಾರವಾಗಿ
nourishment,0.9,0.0,ಪೋಷಣೆ
momentous,0.9,0.0,ಮಹತ್ವದ
fortitude,0.9,0.0,ಧೈರ್ಯ
verifiable,0.9,0.0,ಪರಿಶೀಲಿಸಬಹುದಾದ
supports,0.9,0.0,ಬೆಂಬಲಿಸುತ್ತದೆ
happily,0.9,0.0,ಸಂತೋಷದಿಂದ
adoring,0.9,0.0,ಆರಾಧಿಸುವುದು
stainless,0.9,0.0,ಸ್ಟೇನ್ಲೆಸ್
treasure,0.9,0.0,ನಿಧಿ
endear,0.9,0.0,ಪ್ರೀತಿಯ
enjoying,0.9,0.0,ಆನಂದಿಸುತ್ತಿದೆ
articulate,0.9,0.0,ಉಚ್ಚರಿಸು
beautify,0.9,0.0,ಸುಂದರಗೊಳಿಸಿ
palatial,0.9,0.0,ಅರಮನೆ
win,0.9,0.0,ಗೆಲುವು
sincerely,0.9,0.0,ಪ್ರಾ ಮ ಣಿ ಕ ತೆ
loyalty,0.9,0.0,ನಿಷ್ಠೆ
strikingly,0.9,0.0,ಗಮನಾರ್ಹವಾಗಿ
rapid,0.9,0.0,ಕ್ಷಿಪ್ರ
fortuitously,0.9,0.0,ಅದೃಷ್ಟವಶಾತ್
recommended,0.9,0.0,ಶಿಫಾರಸು ಮಾಡಲಾಗಿದೆ
sharper,0.9,0.0,ತೀಕ್ಷ್ಣವಾದ
deft,0.9,0.0,ಚತುರ
pre-eminent,0.9,0.0,ಪೂರ್ವಭಾವಿ
reasonable,0.9,0.0,ಸಮಂಜಸವಾದ
nifty,0.9,0.0,ನಿಫ್ಟಿ
warm,0.9,0.0,ಬೆಚ್ಚಗಿರುತ್ತದೆ
counter-attack,0.9,0.0,ಪ್ರತಿದಾಳಿ
cajole,0.9,0.0,ಕಾಜೋಲ್
imaginative,0.9,0.0,ಕಾಲ್ಪನಿಕ
thrilling,0.9,0.0,ರೋಮಾಂಚಕ
issue-free,0.9,0.0,ಸಂಚಿಕೆ ರಹಿತ
adore,0.9,0.0,ಆರಾಧಿಸು
improves,0.9,0.0,ಸುಧಾರಿಸುತ್ತದೆ
wise,0.9,0.0,ಬುದ್ಧಿವಂತ
defeats,0.9,0.0,ಸೋಲುಗಳು
smartly,0.9,0.0,ಅಚ್ಚುಕಟ್ಟಾಗಿ
proactive,0.9,0.0,ಪೂರ್ವಭಾವಿಯಾಗಿ
yay,0.9,0.0,ಬಿಲ್ಲು
non-violence,0.9,0.0,ಅಹಿಂಸೆ
majestic,0.9,0.0,ಭವ್ಯ
worthwhile,0.9,0.0,ಉಪಯುಕ್ತ
euphoria,0.9,0.0,ಯೂಫೋರಿಯಾ
glow,0.9,0.0,ಹೊಳಪು
perfection,0.9,0.0,ಪರಿಪೂರ್ಣತೆ
brightest,0.9,0.0,ಪ್ರಕಾಶಮಾನವಾದ
evenly,0.9,0.0,ಸಮವಾಗಿ
excellent,0.9,0.0,ಅತ್ಯುತ್ತಮ
witty,0.9,0.0,ಹಾಸ್ಯದ
glitz,0.9,0.0,ಗ್ಲಿಟ್ಜ್
leverage,0.9,0.0,ಹತೋಟಿ
prospros,0.9,0.0,ಪ್ರಾಸ್ಪ್ರೊಸ್
fame,0.9,0.0,ಖ್ಯಾತಿ
golden,0.9,0.0,ಗೋಲ್ಡನ್
substantive,0.9,0.0,ಸಬ್ಸ್ಟಾಂಟಿವ್
accurately,0.9,0.0,ನಿಖರವಾಗಿ
seasoned,0.9,0.0,ಮಸಾಲೆ
stupendous,0.9,0.0,ಅದ್ಭುತ
inestimable,0.9,0.0,ಅಮೂಲ್ಯ
propitious,0.9,0.0,ಪ್ರಶಂಸನೀಯ
fashionably,0.9,0.0,ಸೊಗಸಾಗಿ
regal,0.9,0.0,ರೆಗಲ್
persevere,0.9,0.0,ಸತತ ಪ್ರಯತ್ನ
well-informed,0.9,0.0,ಸುಶಿಕ್ಷಿತ
intrigue,0.9,0.0,ಒಳಸಂಚು
jubilant,0.9,0.0,ಸಂತೋಷದಾಯಕ
euphorically,0.9,0.0,ಉತ್ಸಾಹದಿಂದ
amiability,0.9,0.0,ಸ್ನೇಹಶೀಲತೆ
suavely,0.9,0.0,suavely
galore,0.9,0.0,ಸಮೃದ್ಧ
sturdy,0.9,0.0,ಗಟ್ಟಿಮುಟ್ಟಾದ
transparent,0.9,0.0,ಪಾರದರ್ಶಕ
undamaged,0.9,0.0,ಹಾನಿಗೊಳಗಾಗದ
cohere,0.9,0.0,ಸುಸಂಬದ್ಧ
danke,0.9,0.0,ಧನ್ಯವಾದ
elatedly,0.9,0.0,ಉಲ್ಲಾಸದಿಂದ
benifits,0.9,0.0,ಬೆನಿಫಿಟ್‌ಗಳು
achievements,0.9,0.0,ಸಾಧನೆಗಳು
shimmering,0.9,0.0,ಹೊಳೆಯುವ
preferes,0.9,0.0,ಆದ್ಯತೆ
impartial,0.9,0.0,ನಿಷ್ಪಕ್ಷಪಾತ
promise,0.9,0.0,ಭರವಸೆ
spectacular,0.9,0.0,ಅದ್ಭುತ
efficacious,0.9,0.0,ಪರಿಣಾಮಕಾರಿ
passion,0.9,0.0,ಉತ್ಸಾಹ
enhances,0.9,0.0,ಹೆಚ್ಚಿಸುತ್ತದೆ
beckoning,0.9,0.0,ಎಚ್ಚರಿಕೆ
earnestly,0.9,0.0,ಶ್ರದ್ಧೆಯಿಂದ
right,0.9,0.0,ಸರಿ
mightily,0.9,0.0,ಪ್ರಬಲವಾಗಿ
favor,0.9,0.0,ಪರವಾಗಿ
ingenious,0.9,0.0,ಕುಶಲ
exuberantly,0.9,0.0,ಉತ್ಸಾಹದಿಂದ
exuberance,0.9,0.0,ಉತ್ಸಾಹ
magnificence,0.9,0.0,ಭವ್ಯತೆ
cleanest,0.9,0.0,ಸ್ವಚ್ est
gaining,0.9,0.0,ಗಳಿಸುತ್ತಿದೆ
fascinating,0.9,0.0,ಆಕರ್ಷಕ
support,0.9,0.0,ಬೆಂಬಲ
soothingly,0.9,0.0,ಹಿತವಾದ
flattering,0.9,0.0,ಹೊಗಳುವ
orderly,0.9,0.0,ಕ್ರಮಬದ್ಧ
wonderfully,0.9,0.0,ಅತ್ಯದ್ಭುತವಾಗಿ
equitable,0.9,0.0,ಸಮಾನ
first-class,0.9,0.0,ಪ್ರಥಮ ದರ್ಜೆ
honored,0.9,0.0,ಗೌರವಿಸಲಾಯಿತು
sparkle,0.9,0.0,ಪ್ರಕಾಶ
adored,0.9,0.0,ಆರಾಧಿಸಲಾಗಿದೆ
ease,0.9,0.0,ಸರಾಗ
enthrall,0.9,0.0,ಎಂಥ್ರಾಲ್
available,0.9,0.0,ಲಭ್ಯವಿದೆ
enliven,0.9,0.0,ಜೀವಂತ
impressed,0.9,0.0,ಪ್ರಭಾವಿತ
supported,0.9,0.0,ಬೆಂಬಲಿತವಾಗಿದೆ
pleasing,0.9,0.0,ಆಹ್ಲಾದಕರ
versatile,0.9,0.0,ಬಹುಮುಖ
warmly,0.9,0.0,ಉತ್ಸಾಹದಿಂದ
marvelled,0.9,0.0,ಆಶ್ಚರ್ಯಚಕಿತರಾದರು
pretty,0.9,0.0,ಸುಂದರ
sprightly,0.9,0.0,ಭಯಂಕರವಾಗಿ
fascination,0.9,0.0,ಮೋಹ
fave,0.9,0.0,fave
reasonably,0.9,0.0,ಸಮಂಜಸವಾಗಿ
ovation,0.9,0.0,ಗೌರವ
speedy,0.9,0.0,ವೇಗವಾದ
satisfy,0.9,0.0,ಪೂರೈಸು
super,0.9,0.0,ಚೆನ್ನಾಗಿದೆ
privileged,0.9,0.0,ಸವಲತ್ತು
jaw-dropping,0.9,0.0,ದವಡೆ ಬೀಳುವಿಕೆ
better-known,0.9,0.0,ಹೆಚ್ಚು ಪ್ರಸಿದ್ಧವಾಗಿದೆ
accomplishments,0.9,0.0,ಸಾಧನೆಗಳು
breakthroughs,0.9,0.0,ಪ್ರಗತಿಗಳು
hilarious,0.9,0.0,ಉಲ್ಲಾಸದ
pride,0.9,0.0,ಹೆಮ್ಮೆಯ
hail,0.9,0.0,ಆಲಿಕಲ್ಲು
gains,0.9,0.0,ಲಾಭಗಳು
rectification,0.9,0.0,ಸರಿಪಡಿಸುವಿಕೆ
kudos,0.9,0.0,ವೈಭವ
like,0.9,0.0,ಹಾಗೆ
masters,0.9,0.0,ಮಾಸ್ಟರ್ಸ್
appreciable,0.9,0.0,ಪ್ರಶಂಸನೀಯ
nicest,0.9,0.0,ಉತ್ತಮ
frolic,0.9,0.0,ಉಲ್ಲಾಸ
safely,0.9,0.0,ಸುರಕ್ಷಿತವಾಗಿ
instrumental,0.9,0.0,ವಾದ್ಯ
spectacularly,0.9,0.0,ಅದ್ಭುತ
harmless,0.9,0.0,ನಿರುಪದ್ರವ
unity,0.9,0.0,ಏಕತೆ
fast-paced,0.9,0.0,ವೇಗದ ಗತಿಯ
ecstasy,0.9,0.0,ಭಾವಪರವಶತೆ
enjoy,0.9,0.0,ಆನಂದಿಸಿ
enhancement,0.9,0.0,ವರ್ಧನೆ
assuring,0.9,0.0,ಭರವಸೆ
work,0.9,0.0,ಕೆಲಸ
edify,0.9,0.0,ಸಂಪಾದಿಸಿ
formidable,0.9,0.0,ಅಸಾಧಾರಣ
instantly,0.9,0.0,ತಕ್ಷಣ
righteously,0.9,0.0,ನ್ಯಾಯಯುತವಾಗಿ
painlessly,0.9,0.0,ನೋವುರಹಿತವಾಗಿ
comfy,0.9,0.0,ಆರಾಮ
fervidly,0.9,0.0,ಉತ್ಸಾಹದಿಂದ
approval,0.9,0.0,ಅನುಮೋದನೆ
fertile,0.9,0.0,ಫಲವತ್ತಾದ
easygoing,0.9,0.0,ಸುಲಭ
admiration,0.9,0.0,ಮೆಚ್ಚುಗೆ
reward,0.9,0.0,ಬಹುಮಾನ
promoter,0.9,0.0,ಪ್ರವರ್ತಕ
responsive,0.9,0.0,ಸ್ಪಂದಿಸುವ
rapt,0.9,0.0,ರಾಪ್ಟ್
wowing,0.9,0.0,wowing
promptly,0.9,0.0,ಕೂಡಲೇ
awestruck,0.9,0.0,awestruck
joyful,0.9,0.0,ಸಂತೋಷದಾಯಕ
dominate,0.9,0.0,ಪ್ರಾಬಲ್ಯ
capably,0.9,0.0,ಸಮರ್ಥವಾಗಿ
virtue,0.9,0.0,ಸದ್ಗುಣ
prompt,0.9,0.0,ಪ್ರಾಂಪ್ಟ್
willingly,0.9,0.0,ಸ್ವಇಚ್ಛೆಯಿಂದ
magical,0.9,0.0,ಮಾಂತ್ರಿಕ
famed,0.9,0.0,ಪ್ರಸಿದ್ಧ
angel,0.9,0.0,ದೇವತೆ
masterfully,0.9,0.0,ಕೌಶಲ್ಯದಿಂದ
amazing,0.9,0.0,ಅದ್ಭುತ
convincing,0.9,0.0,ಮನವೊಲಿಸುವ
awsome,0.9,0.0,ಭೀಕರ
reforming,0.9,0.0,ಸುಧಾರಣೆ
clever,0.9,0.0,ಚತುರ
fervently,0.9,0.0,ಉತ್ಸಾಹದಿಂದ
harmoniously,0.9,0.0,ಸಾಮರಸ್ಯದಿಂದ
compact,0.9,0.0,ಕಾಂಪ್ಯಾಕ್ಟ್
enterprising,0.9,0.0,ಉದ್ಯಮಶೀಲ
intriguing,0.9,0.0,ಆಸಕ್ತಿದಾಯಕ
aspire,0.9,0.0,ಆಕಾಂಕ್ಷೆ
elegance,0.9,0.0,ಸೊಬಗು
delightful,0.9,0.0,ಸಂತೋಷಕರ
maneuverable,0.9,0.0,ಕುಶಲ
friendly,0.9,0.0,ಸ್ನೇಹಪರ
gainfully,0.9,0.0,ಲಾಭದಾಯಕ
ideally,0.9,0.0,ಆದರ್ಶಪ್ರಾಯವಾಗಿ
complements,0.9,0.0,ಪೂರಕವಾಗಿದೆ
hardy,0.9,0.0,ಹಾರ್ಡಿ
unconditional,0.9,0.0,ಬೇಷರತ್ತಾದ
homage,0.9,0.0,ಗೌರವಾರ್ಪಣೆ
talented,0.9,0.0,ಪ್ರತಿಭಾವಂತ
stellarly,0.9,0.0,ನಾಕ್ಷತ್ರಿಕ
futurestic,0.9,0.0,ಭವಿಷ್ಯದ
congratulation,0.9,0.0,ಅಭಿನಂದನೆಗಳು
soft,0.9,0.0,ಮೃದು
glory,0.9,0.0,ವೈಭವ
encouragingly,0.9,0.0,ಪ್ರೋತ್ಸಾಹಕವಾಗಿ
stylishly,0.9,0.0,ಸೊಗಸಾಗಿ
afford,0.9,0.0,ನಿಭಾಯಿಸು
jollify,0.9,0.0,jollify
skill,0.9,0.0,ಕೌಶಲ್ಯ
reasoned,0.9,0.0,ತಾರ್ಕಿಕ
piety,0.9,0.0,ಧರ್ಮನಿಷ್ಠೆ
peaceful,0.9,0.0,ಶಾಂತಿಯುತ
warmhearted,0.9,0.0,ಆತ್ಮೀಯರು
endorsing,0.9,0.0,ಅನುಮೋದನೆ
impressively,0.9,0.0,ಪ್ರಭಾವಶಾಲಿಯಾಗಿ
bravo,0.9,0.0,ಬ್ರಾವೋ
improvement,0.9,0.0,ಸುಧಾರಣೆ
sumptuously,0.9,0.0,ರುಚಿಕರವಾಗಿ
pamper,0.9,0.0,ಮುದ್ದು
avidly,0.9,0.0,ಉತ್ಸಾಹದಿಂದ
profusion,0.9,0.0,ಸಮೃದ್ಧಿ
tenaciously,0.9,0.0,ದೃ ac ವಾಗಿ
glisten,0.9,0.0,ಹೊಳಪು
famously,0.9,0.0,ಪ್ರಸಿದ್ಧವಾಗಿ
timely,0.9,0.0,ಸಮಯೋಚಿತ
well-known,0.9,0.0,ಪ್ರಸಿದ್ಧ
tranquil,0.9,0.0,ನೆಮ್ಮದಿ
carefree,0.9,0.0,ನಿರಾತಂಕ
healthful,0.9,0.0,ಆರೋಗ್ಯಕರ
dignified,0.9,0.0,ಘನತೆ
elegant,0.9,0.0,ಸೊಗಸಾದ
easy,0.9,0.0,ಸುಲಭ
excitingly,0.9,0.0,ಅತ್ಯಾಕರ್ಷಕವಾಗಿ
well-received,0.9,0.0,ಉತ್ತಮ ಪ್ರತಿಕ್ರಿಯೆ
impressiveness,0.9,0.0,ಪ್ರಭಾವಶಾಲಿ
simplifies,0.9,0.0,ಸರಳಗೊಳಿಸುತ್ತದೆ
thrift,0.9,0.0,ಮಿತವ್ಯಯ
willingness,0.9,0.0,ಇಚ್ ness ೆ
virtuous,0.9,0.0,ಸದ್ಗುಣಶೀಲ
outperforms,0.9,0.0,ಮೀರಿಸುತ್ತದೆ
adroitly,0.9,0.0,adroitly
believable,0.9,0.0,ನಂಬಲರ್ಹ
ecstasies,0.9,0.0,ಭಾವಪರವಶತೆ
glimmering,0.9,0.0,ಮಿನುಗುವ
continuity,0.9,0.0,ನಿರಂತರತೆ
unaffected,0.9,0.0,ಪರಿಣಾಮ ಬೀರುವುದಿಲ್ಲ
neatest,0.9,0.0,ಅಚ್ಚುಕಟ್ಟಾಗಿ
prefered,0.9,0.0,ಆದ್ಯತೆ
attraction,0.9,0.0,ಆಕರ್ಷಣೆ
kindly,0.9,0.0,ದಯೆಯಿಂದ
breeze,0.9,0.0,ತಂಗಾಳಿ
amicable,0.9,0.0,ಸೌಹಾರ್ದಯುತ
flatter,0.9,0.0,ಹೊಗಳುವುದು
knowledgeable,0.9,0.0,ಜ್ಞಾನವುಳ್ಳವನು
first-in-class,0.9,0.0,ಪ್ರಥಮ ದರ್ಜೆ
gratifyingly,0.9,0.0,ಸಂತೋಷದಿಂದ
windfall,0.9,0.0,ಗಾಳಿ ಬೀಳುವಿಕೆ
nicer,0.9,0.0,ಒಳ್ಳೆಯದು
dedicated,0.9,0.0,ಮೀಸಲಾದ
well-intentioned,0.9,0.0,ಸದುದ್ದೇಶ
autonomous,0.9,0.0,ಸ್ವಾಯತ್ತ
awed,0.9,0.0,ವಿಸ್ಮಯ
promises,0.9,0.0,ಭರವಸೆಗಳು
lucrative,0.9,0.0,ಲಾಭದಾಯಕ
compassionate,0.9,0.0,ಸಹಾನುಭೂತಿ
dependably,0.9,0.0,ವಿಶ್ವಾಸಾರ್ಹವಾಗಿ
handsome,0.9,0.0,ಸುಂದರ
chic,0.9,0.0,ಚಿಕ್
excited,0.9,0.0,ಉತ್ಸುಕನಾಗಿದ್ದಾನೆ
infallibly,0.9,0.0,ತಪ್ಪಾಗಿ
proving,0.9,0.0,ಸಾಬೀತುಪಡಿಸುವುದು
impresses,0.9,0.0,ಪ್ರಭಾವ ಬೀರುತ್ತದೆ
interests,0.9,0.0,ಆಸಕ್ತಿಗಳು
enviably,0.9,0.0,ಅಸೂಯೆಯಿಂದ
dotingly,0.9,0.0,ಚುಕ್ಕೆ
superior,0.9,0.0,ಉನ್ನತ
pleasurable,0.9,0.0,ಆಹ್ಲಾದಕರ
industrious,0.9,0.0,ಶ್ರಮಶೀಲ
polite,0.9,0.0,ಸಭ್ಯ
slick,0.9,0.0,ನುಣುಪಾದ
compliant,0.9,0.0,ಕಂಪ್ಲೈಂಟ್
smile,0.9,0.0,ಸ್ಮೈಲ್
agreeably,0.9,0.0,ಒಪ್ಪುವಂತೆ
miraculousness,0.9,0.0,ಪವಾಡಸದೃತ್ವ
works,0.9,0.0,ಕೆಲಸ ಮಾಡುತ್ತದೆ
reverent,0.9,0.0,ಪೂಜ್ಯ
graciously,0.9,0.0,ಮನೋಹರವಾಗಿ
pinnacle,0.9,0.0,ಪರಾಕಾಷ್ಠೆ
risk-free,0.9,0.0,ಅಪಾಯ ಮುಕ್ತ
empathize,0.9,0.0,ಅನುಭೂತಿ
righteous,0.9,0.0,ನೀತಿವಂತ
subsidize,0.9,0.0,ಸಬ್ಸಿಡಿ
effusion,0.9,0.0,ಎಫ್ಯೂಷನ್
unfazed,0.9,0.0,ಅಜಾಗರೂಕ
awarded,0.9,0.0,ಪ್ರಶಸ್ತಿ ನೀಡಲಾಗಿದೆ
excelled,0.9,0.0,ಉತ್ತಮವಾಗಿದೆ
beckon,0.9,0.0,ಬೇಕನ್
well-backlit,0.9,0.0,ಚೆನ್ನಾಗಿ ಬ್ಯಾಕ್ಲಿಟ್
law-abiding,0.9,0.0,ಕಾನೂನು ಪಾಲಿಸುವ
eased,0.9,0.0,ಸರಾಗವಾಯಿತು
amusingly,0.9,0.0,ವಿನೋದಮಯವಾಗಿ
sensible,0.9,0.0,ಸಂವೇದನಾಶೀಲ
impeccable,0.9,0.0,ನಿಷ್ಪಾಪ
awesomely,0.9,0.0,ಅದ್ಭುತ
competitive,0.9,0.0,ಸ್ಪರ್ಧಾತ್ಮಕ
bravery,0.9,0.0,ಧೈರ್ಯ
distinction,0.9,0.0,ವ್ಯತ್ಯಾಸ
sagacity,0.9,0.0,ಚತುರತೆ
goood,0.9,0.0,ಗೂಡ್
properly,0.9,0.0,ಸರಿಯಾಗಿ
bloom,0.9,0.0,ಅರಳುತ್ತವೆ
freshest,0.9,0.0,ಫ್ರೆಶೆಸ್ಟ್
richly,0.9,0.0,ಸಮೃದ್ಧವಾಗಿ
well-wishers,0.9,0.0,ಹಿತೈಷಿಗಳು
flawlessly,0.9,0.0,ದೋಷರಹಿತವಾಗಿ
quaint,0.9,0.0,ವಿಲಕ್ಷಣ
smartest,0.9,0.0,ಸ್ಮಾರ್ಟೆಸ್ಟ್
gracious,0.9,0.0,ಕೃಪೆ
youthful,0.9,0.0,ಯುವಕ
revolutionizes,0.9,0.0,ಕ್ರಾಂತಿಯುಂಟುಮಾಡುತ್ತದೆ
eloquently,0.9,0.0,ನಿರರ್ಗಳವಾಗಿ
beautiful,0.9,0.0,ಸುಂದರ
feasibly,0.9,0.0,ಕಾರ್ಯಸಾಧ್ಯವಾಗಿ
relaxed,0.9,0.0,ಶಾಂತ
succes,0.9,0.0,ಯಶಸ್ಸು
incredible,0.9,0.0,ನಂಬಲಾಗದ
recovery,0.9,0.0,ಚೇತರಿಕೆ
wisely,0.9,0.0,ಬುದ್ಧಿವಂತಿಕೆಯಿಂದ
effective,0.9,0.0,ಪರಿಣಾಮಕಾರಿ
merriment,0.9,0.0,ಸಂತೋಷ
low-risk,0.9,0.0,ಕಡಿಮೆ ಅಪಾಯ
affluence,0.9,0.0,ಶ್ರೀಮಂತಿಕೆ
admirable,0.9,0.0,ಪ್ರಶಂಸನೀಯ
inpressed,0.9,0.0,ಪ್ರಭಾವಿತ
wows,0.9,0.0,ವಾಹ್ಸ್
refine,0.9,0.0,ಪರಿಷ್ಕರಿಸಿ
brave,0.9,0.0,ಧೈರ್ಯಶಾಲಿ
amity,0.9,0.0,ಸೌಹಾರ್ದತೆ
benevolent,0.9,0.0,ಪರೋಪಕಾರಿ
securely,0.9,0.0,ಸುರಕ್ಷಿತವಾಗಿ
improved,0.9,0.0,ಸುಧಾರಿಸಲಾಗಿದೆ
desiring,0.9,0.0,ಅಪೇಕ್ಷೆ
reform,0.9,0.0,ಸುಧಾರಣೆ
romantically,0.9,0.0,ರೋಮ್ಯಾಂಟಿಕ್
sporty,0.9,0.0,ಸ್ಪೋರ್ಟಿ
reverence,0.9,0.0,ಪೂಜ್ಯ
invigorate,0.9,0.0,ಉತ್ತೇಜಿಸಿ
outstanding,0.9,0.0,ಬಾಕಿ ಉಳಿದಿದೆ
prefers,0.9,0.0,ಆದ್ಯತೆ ನೀಡುತ್ತದೆ
magnificent,0.9,0.0,ಭವ್ಯವಾದ
outperformed,0.9,0.0,ಮೀರಿಸಿದೆ
eminence,0.9,0.0,ಶ್ರೇಷ್ಠತೆ
satisified,0.9,0.0,ತೃಪ್ತಿ
enviousness,0.9,0.0,ಅಸೂಯೆ
overjoyed,0.9,0.0,ಸಂತೋಷದಿಂದ
sophisticated,0.9,0.0,ಅತ್ಯಾಧುನಿಕ
extol,0.9,0.0,extol
astonishingly,0.9,0.0,ಆಶ್ಚರ್ಯಕರವಾಗಿ
world-famous,0.9,0.0,ಜಗತ್ಪ್ರಸಿದ್ಧ
gratitude,0.9,0.0,ಕೃತಜ್ಞತೆ
deservedly,0.9,0.0,ಅರ್ಹವಾಗಿ
mesmerizingly,0.9,0.0,ಸಮ್ಮೋಹನಗೊಳಿಸುವಂತೆ
unparalleled,0.9,0.0,ಸಾಟಿಯಿಲ್ಲದ
gorgeously,0.9,0.0,ಬಹುಕಾಂತೀಯವಾಗಿ
genial,0.9,0.0,ಅದ್ಭುತವಾಗಿದೆ
succeed,0.9,0.0,ಯಶಸ್ವಿಯಾಗು
beautifullly,0.9,0.0,ಸುಂದರವಾಗಿ
faithfully,0.9,0.0,ನಿಷ್ಠೆಯಿಂದ
priceless,0.9,0.0,ಅಮೂಲ್ಯವಾದ
exultant,0.9,0.0,ನೃತ್ಯ
thank,0.9,0.0,ಧನ್ಯವಾದಗಳು
thumbs-up,0.9,0.0,ಥಂಬ್ಸ್-ಅಪ್
titillating,0.9,0.0,ಶೀರ್ಷಿಕೆ
preferably,0.9,0.0,ಮೇಲಾಗಿ
wonder,0.9,0.0,ಆಶ್ಚರ್ಯ
jubilate,0.9,0.0,ಸಂತೋಷ
finest,0.9,0.0,ಅತ್ಯುತ್ತಮ
recommendation,0.9,0.0,ಶಿಫಾರಸು
astonishing,0.9,0.0,ಬೆರಗುಗೊಳಿಸುವ
enrapt,0.9,0.0,ಎನ್ರಾಪ್ಟ್
honesty,0.9,0.0,ಪ್ರಾಮಾಣಿಕತೆ
luxury,0.9,0.0,ಐಷಾರಾಮಿ
futuristic,0.9,0.0,ಭವಿಷ್ಯದ
important,0.9,0.0,ಮುಖ್ಯ
gaily,0.9,0.0,ಸಂತೋಷ
smooth,0.9,0.0,ನಯವಾದ
stronger,0.9,0.0,ಬಲವಾದ
high-spirited,0.9,0.0,ಉನ್ನತ ಮನೋಭಾವದ
succeeding,0.9,0.0,ಯಶಸ್ವಿಯಾಗಿದೆ
beloved,0.9,0.0,ಪ್ರಿಯ
beautifully,0.9,0.0,ಸುಂದರವಾಗಿ
sustainable,0.9,0.0,ಸುಸ್ಥಿರ
staunch,0.9,0.0,ದೃ .ವಾದ
nice,0.9,0.0,Sundara
acclamation,0.9,0.0,ಮೆಚ್ಚುಗೆ
stellar,0.9,0.0,ನಾಕ್ಷತ್ರಿಕ
favorited,0.9,0.0,ಮೆಚ್ಚಿನವು
zenith,0.9,0.0,ಉತ್ತುಂಗ
courteous,0.9,0.0,ವಿನಯಶೀಲ
heroically,0.9,0.0,ವೀರೋಚಿತವಾಗಿ
lucky,0.9,0.0,ಅದೃಷ್ಟ
correctly,0.9,0.0,ಸರಿಯಾಗಿ
prudent,0.9,0.0,ವಿವೇಕಯುತ
success,0.9,0.0,ಯಶಸ್ಸು
lustrous,0.9,0.0,ಹೊಳಪು
non-violent,0.9,0.0,ಅಹಿಂಸಾತ್ಮಕ
fervid,0.9,0.0,ಉತ್ಸಾಹಭರಿತ
gratifying,0.9,0.0,ಸಂತೋಷಕರ
statuesque,0.9,0.0,ಪ್ರತಿಮೆ
heartening,0.9,0.0,ಹೃದಯ ತುಂಬುವ
unequivocally,0.9,0.0,ನಿಸ್ಸಂದಿಗ್ಧವಾಗಿ
brand-new,0.9,0.0,ಹೊಚ್ಚಹೊಸ
blockbuster,0.9,0.0,ಬ್ಲಾಕ್ಬಸ್ಟರ್
breathtaking,0.9,0.0,ಉಸಿರು
remission,0.9,0.0,ಉಪಶಮನ
heal,0.9,0.0,ಗುಣಪಡಿಸು
accomodative,0.9,0.0,ವಸತಿ
ebullience,0.9,0.0,ebullience
rightness,0.9,0.0,ಸರಿಯಾದತೆ
nobly,0.9,0.0,ಉದಾತ್ತ
finer,0.9,0.0,ಸೂಕ್ಷ್ಮ
gaiety,0.9,0.0,ಸಂತೋಷ
eagerly,0.9,0.0,ಕಾತುರದಿಂದ
accessable,0.9,0.0,ಪ್ರವೇಶಿಸಬಹುದಾಗಿದೆ
acclaim,0.9,0.0,ಮೆಚ್ಚುಗೆ
self-sufficient,0.9,0.0,ಸ್ವಾವಲಂಬಿ
adulatory,0.9,0.0,ಸಂಯೋಜನೆ
roomy,0.9,0.0,ರೂಮಿ
harmonious,0.9,0.0,ಸಾಮರಸ್ಯ
ecstatically,0.9,0.0,ಭಾವಪರವಶವಾಗಿ
relent,0.9,0.0,ಪಶ್ಚಾತ್ತಾಪ
impassioned,0.9,0.0,ಭಾವೋದ್ರಿಕ್ತ
rectifying,0.9,0.0,ಸರಿಪಡಿಸುವುದು
prize,0.9,0.0,ಬಹುಮಾನ
beauteous,0.9,0.0,ಸುಂದರವಾದ
confidence,0.9,0.0,ವಿಶ್ವಾಸ
cherished,0.9,0.0,ಪಾಲಿಸಬೇಕಾದ
outstrip,0.9,0.0,ಹೊರಗಡೆ
wieldy,0.9,0.0,ಸಮರ್ಥ
picturesque,0.9,0.0,ಆಕರ್ಷಕ
educated,0.9,0.0,ವಿದ್ಯಾವಂತರು
dauntless,0.9,0.0,ಬೆದರಿಸದ
embolden,0.9,0.0,ಧೈರ್ಯಶಾಲಿ
reaffirmation,0.9,0.0,ಪುನರ್ ದೃ mation ೀಕರಣ
cost-saving,0.9,0.0,ವೆಚ್ಚ ಉಳಿತಾಯ
brainy,0.9,0.0,ಬುದ್ದಿವಂತ
unencumbered,0.9,0.0,ಲೆಕ್ಕವಿಲ್ಲ
amenity,0.9,0.0,ಸೌಕರ್ಯ
valor,0.9,0.0,ಮೌಲ್ಯ
convience,0.9,0.0,ಆತ್ಮವಿಶ್ವಾಸ
err-free,0.9,0.0,ದೋಷ ಮುಕ್ತ
hotcake,0.9,0.0,ಹಾಟ್ಕೇಕ್
delighted,0.9,0.0,ಸಂತೋಷವಾಯಿತು
prestigious,0.9,0.0,ಪ್ರತಿಷ್ಠಿತ
amazingly,0.9,0.0,ಆಶ್ಚರ್ಯಕರವಾಗಿ
encourage,0.9,0.0,ಪ್ರೋತ್ಸಾಹಿಸಲು
liked,0.9,0.0,ಇಷ್ಟಪಟ್ಟಿದ್ದಾರೆ
correct,0.9,0.0,ಸರಿಯಾದ
outdo,0.9,0.0,ಹೊರಗಡೆ
helped,0.9,0.0,ಸಹಾಯ ಮಾಡಿದೆ
accolade,0.9,0.0,ಪುರಸ್ಕಾರ
invulnerable,0.9,0.0,ಅವೇಧನೀಯ
defeating,0.9,0.0,ಸೋಲಿಸುವುದು
gems,0.9,0.0,ರತ್ನಗಳು
low-priced,0.9,0.0,ಕಡಿಮೆ ಬೆಲೆಯ
patiently,0.9,0.0,ತಾಳ್ಮೆಯಿಂದ
dazzle,0.9,0.0,ಬೆರಗುಗೊಳಿಸುತ್ತದೆ
enviable,0.9,0.0,ಅಪೇಕ್ಷಣೀಯ
engaging,0.9,0.0,ಆಕರ್ಷಕವಾಗಿ
ingenuous,0.9,0.0,ಚತುರ
peach,0.9,0.0,ಪೀಚ್
gleefully,0.9,0.0,ಸಂತೋಷದಿಂದ
supurbly,0.9,0.0,ಮೇಲ್ನೋಟಕ್ಕೆ
refund,0.9,0.0,ಮರುಪಾವತಿ
lower-priced,0.9,0.0,ಕಡಿಮೆ ಬೆಲೆಯ
patriotic,0.9,0.0,ದೇಶಭಕ್ತಿ
calmness,0.9,0.0,ಶಾಂತತೆ
irreplaceable,0.9,0.0,ಭರಿಸಲಾಗದ
fearlessly,0.9,0.0,ನಿರ್ಭಯವಾಗಿ
steadfastly,0.9,0.0,ಸ್ಥಿರವಾಗಿ
exalting,0.9,0.0,ಉದಾತ್ತತೆ
trustworthiness,0.9,0.0,ವಿಶ್ವಾಸಾರ್ಹತೆ
accommodative,0.9,0.0,ವಸತಿ
unrestricted,0.9,0.0,ಅನಿಯಂತ್ರಿತ
affordably,0.9,0.0,ಕೈಗೆಟುಕುವ
appeal,0.9,0.0,ಮನವಿಯನ್ನು
integrated,0.9,0.0,ಸಂಯೋಜಿತ
dead-on,0.9,0.0,ಡೆಡ್-ಆನ್
remarkable,0.9,0.0,ಗಮನಾರ್ಹ
brainiest,0.9,0.0,ಬುದ್ದಿವಂತ
time-honored,0.9,0.0,ಸಮಯ-ಗೌರವ
savior,0.9,0.0,ಸಂರಕ್ಷಕ
backbone,0.9,0.0,ಬೆನ್ನೆಲುಬು
outstandingly,0.9,0.0,ಅತ್ಯುತ್ತಮವಾಗಿ
amazement,0.9,0.0,ಬೆರಗು
replaceable,0.9,0.0,ಬದಲಾಯಿಸಬಹುದಾದ
swankiest,0.9,0.0,ಸ್ವಾಂಕಿಯೆಸ್ಟ್
energy-saving,0.9,0.0,ಇಂಧನ ಉಳಿತಾಯ
prodigious,0.9,0.0,ಅದ್ಭುತ
amicably,0.9,0.0,ಸೌಹಾರ್ದಯುತವಾಗಿ
guarantee,0.9,0.0,ಖಾತರಿ
simplifying,0.9,0.0,ಸರಳೀಕರಿಸುವುದು
supremacy,0.9,0.0,ಪ್ರಾಬಲ್ಯ
softer,0.9,0.0,ಮೃದುವಾದ
honest,0.9,0.0,ಪ್ರಾಮಾಣಿಕ
covenant,0.9,0.0,ಒಡಂಬಡಿಕೆ
striking,0.9,0.0,ಹೊಡೆಯುವ
sensitive,0.9,0.0,ಸೂಕ್ಷ್ಮ
attractively,0.9,0.0,ಆಕರ್ಷಕವಾಗಿ
electrify,0.9,0.0,ವಿದ್ಯುದ್ದೀಕರಿಸಿ
best-performing,0.9,0.0,ಉತ್ತಮ ಪ್ರದರ್ಶನ
simplify,0.9,0.0,ಸರಳಗೊಳಿಸುವ
spellbinding,0.9,0.0,ಕಾಗುಣಿತ
cure-all,0.9,0.0,ಗುಣಪಡಿಸು-ಎಲ್ಲಾ
hands-down,0.9,0.0,ಕೈ ಕೆಳಗೆ
soundly,0.9,0.0,ಉತ್ತಮವಾಗಿ
snappy,0.9,0.0,ಸಿಡುಕುವ
exquisite,0.9,0.0,ಸೊಗಸಾದ
reassure,0.9,0.0,ಧೈರ್ಯ
brilliances,0.9,0.0,ತೇಜಸ್ಸು
paramount,0.9,0.0,ಪ್ಯಾರಾಮೌಂಟ್
dextrous,0.9,0.0,ಡೆಕ್ಸ್ಟ್ರಸ್
lucidly,0.9,0.0,ಸ್ಪಷ್ಟವಾಗಿ
contrasty,0.9,0.0,ವ್ಯತಿರಿಕ್ತ
accomplishment,0.9,0.0,ಸಾಧನೆ
humorous,0.9,0.0,ಹಾಸ್ಯಮಯ
appropriate,0.9,0.0,ಸೂಕ್ತ
undisputably,0.9,0.0,ನಿರ್ವಿವಾದವಾಗಿ
clearly,0.9,0.0,ಸ್ಪಷ್ಟವಾಗಿ
admiringly,0.9,0.0,ಮೆಚ್ಚುಗೆಯಿಂದ
eventful,0.9,0.0,ಘಟನಾತ್ಮಕ
guidance,0.9,0.0,ಮಾರ್ಗದರ್ಶನ
hallowed,0.9,0.0,ಪವಿತ್ರ
liberate,0.9,0.0,ವಿಮೋಚನೆ
reclaim,0.9,0.0,ಪುನಃ ಪಡೆದುಕೊಳ್ಳಿ
outperform,0.9,0.0,ಮೀರಿಸು
valiant,0.9,0.0,ಧೀರ
magnanimously,0.9,0.0,ದೊಡ್ಡದಾಗಿ
upliftingly,0.9,0.0,ಉನ್ನತಿಗೇರಿಸುವಂತೆ
heaven,0.9,0.0,ಸ್ವರ್ಗ
robust,0.9,0.0,ದೃ ust ವಾದ
blameless,0.9,0.0,ನಿಷ್ಕಳಂಕ
spellbind,0.9,0.0,ಕಾಗುಣಿತ
meritorious,0.9,0.0,ಪ್ರಶಂಸನೀಯ
self-determination,0.9,0.0,ಸ್ವ-ನಿರ್ಣಯ
happiness,0.9,0.0,ಸಂತೋಷ
enjoyable,0.9,0.0,ಆಹ್ಲಾದಿಸಬಹುದಾದ
subsidizes,0.9,0.0,ಸಬ್ಸಿಡಿಗಳು
nurturing,0.9,0.0,ಪೋಷಣೆ
eminent,0.9,0.0,ಶ್ರೇಷ್ಠ
heavenly,0.9,0.0,ಸ್ವರ್ಗೀಯ
engrossing,0.9,0.0,ಮುಳುಗುವಿಕೆ
rich,0.9,0.0,ಶ್ರೀಮಂತ
humor,0.9,0.0,ಹಾಸ್ಯ
first-rate,0.9,0.0,ಮೊದಲ ದರ
unselfish,0.9,0.0,ನಿಸ್ವಾರ್ಥ
oasis,0.9,0.0,ಓಯಸಿಸ್
poised,0.9,0.0,ಪೋಯ್ಸ್ಡ್
kid-friendly,0.9,0.0,ಮಗು ಸ್ನೇಹಿ
harmonize,0.9,0.0,ಸಾಮರಸ್ಯ
vigilant,0.9,0.0,ಜಾಗರೂಕ
outwit,0.9,0.0,ಮೀರಿಸು
adoringly,0.9,0.0,ಆರಾಧ್ಯವಾಗಿ
quieter,0.9,0.0,ನಿಶ್ಯಬ್ದ
fondly,0.9,0.0,ಪ್ರೀತಿಯಿಂದ
instructive,0.9,0.0,ಬೋಧಪ್ರದ
complemented,0.9,0.0,ಪೂರಕವಾಗಿದೆ
all-around,0.9,0.0,ಸುತ್ತಮುತ್ತಲೂ
hallmarks,0.9,0.0,ಲಕ್ಷಣಗಳು
soundness,0.9,0.0,ಉತ್ತಮತೆ
dashing,0.9,0.0,ಡ್ಯಾಶಿಂಗ್
overtaken,0.9,0.0,ಹಿಂದಿಕ್ಕಿದೆ
grace,0.9,0.0,ಅನುಗ್ರಹ
advocate,0.9,0.0,ವಕೀಲ
fanfare,0.9,0.0,ಅಭಿಮಾನಿಗಳ ಸಂಖ್ಯೆ
jubilantly,0.9,0.0,ಸಂತೋಷದಿಂದ
praising,0.9,0.0,ಹೊಗಳಿಕೆ
tops,0.9,0.0,ಮೇಲ್ಭಾಗಗಳು
succeeds,0.9,0.0,ಯಶಸ್ವಿಯಾಗುತ್ತದೆ
astonished,0.9,0.0,ಆಶ್ಚರ್ಯಚಕಿತರಾದರು
danken,0.9,0.0,ಧನ್ಯವಾದ ತಿಳಿಸಲು
affection,0.9,0.0,ವಾತ್ಸಲ್ಯ
geeky,0.9,0.0,ಗೀಕಿ
hot,0.9,0.0,ಬಿಸಿ
advantageous,0.9,0.0,ಅನುಕೂಲಕರ
improve,0.9,0.0,ಸುಧಾರಿಸಿ
sweetheart,0.9,0.0,ಪ್ರಿಯತಮೆ
eloquence,0.9,0.0,ವಾಕ್ಚಾತುರ್ಯ
audibly,0.9,0.0,ಶ್ರವ್ಯವಾಗಿ
charmingly,0.9,0.0,ಆಕರ್ಷಕವಾಗಿ
incredibly,0.9,0.0,ನಂಬಲಾಗದಷ್ಟು
solicitous,0.9,0.0,ವಿಜ್ಞಾಪನೆ
well-made,0.9,0.0,ಚೆನ್ನಾಗಿ ಮಾಡಿದ
logical,0.9,0.0,ತಾರ್ಕಿಕ
zeal,0.9,0.0,ಹುರುಪು
thoughtfully,0.9,0.0,ಚಿಂತನಶೀಲವಾಗಿ
solid,0.9,0.0,ಘನ
deference,0.9,0.0,ಗೌರವ
intuitive,0.9,0.0,ಅರ್ಥಗರ್ಭಿತ
punctual,0.9,0.0,ಸಮಯಪ್ರಜ್ಞೆ
hallmark,0.9,0.0,ಮುದ್ರೆ
redeeming,0.9,0.0,ಉದ್ಧಾರ
safe,0.9,0.0,ಸುರಕ್ಷಿತ
excallent,0.9,0.0,ಉತ್ಕೃಷ್ಟ
fortune,0.9,0.0,ಅದೃಷ್ಟ
grin,0.9,0.0,ಗ್ರಿನ್
awesomeness,0.9,0.0,ಅದ್ಭುತ
succeeded,0.9,0.0,ಯಶಸ್ವಿಯಾಗಿದೆ
beckons,0.9,0.0,ಬೇಕನ್ಸ್
pamperedly,0.9,0.0,ಮುದ್ದು
appreciative,0.9,0.0,ಮೆಚ್ಚುಗೆ
thrilled,0.9,0.0,ರೋಮಾಂಚನ
loyal,0.9,0.0,ನಿಷ್ಠಾವಂತ
adventurous,0.9,0.0,ಸಾಹಸ
booming,0.9,0.0,ಪ್ರವರ್ಧಮಾನಕ್ಕೆ ಬರುತ್ತಿದೆ
renown,0.9,0.0,ಹೆಸರುವಾಸಿಯಾಗಿದೆ
dote,0.9,0.0,ವರದಕ್ಷಿಣೆ
reformed,0.9,0.0,ಸುಧಾರಿಸಲಾಗಿದೆ
excellently,0.9,0.0,ಅತ್ಯುತ್ತಮವಾಗಿ
fresh,0.9,0.0,ತಾಜಾ
exceedingly,0.9,0.0,ಹೆಚ್ಚು
undisputable,0.9,0.0,ನಿರ್ವಿವಾದ
distinctive,0.9,0.0,ವಿಶಿಷ್ಟ
hale,0.9,0.0,ಹೇಲ್
gloriously,0.9,0.0,ವೈಭವಯುತವಾಗಿ
elan,0.9,0.0,ಪ್ರಕಟಣೆ
stylized,0.9,0.0,ಶೈಲೀಕೃತ
sweeten,0.9,0.0,ಸಿಹಿಗೊಳಿಸಿ
alluring,0.9,0.0,ಆಕರ್ಷಕವಾಗಿ
fecilitous,0.9,0.0,ಫೆಸಿಲಿಟಸ್
overtaking,0.9,0.0,ಹಿಂದಿಕ್ಕುವುದು
saver,0.9,0.0,ಸೇವರ್
ftw,0.9,0.0,ftw
laudable,0.9,0.0,ಶ್ಲಾಘನೀಯ
euphoric,0.9,0.0,ಯೂಫೋರಿಕ್
impartially,0.9,0.0,ನಿಷ್ಪಕ್ಷಪಾತವಾಗಿ
lifesaver,0.9,0.0,ಲೈಫ್ ಸೇವರ್
simplest,0.9,0.0,ಸರಳ
excellency,0.9,0.0,ಶ್ರೇಷ್ಠತೆ
agility,0.9,0.0,ಚುರುಕುತನ
blessing,0.9,0.0,ಆಶೀರ್ವಾದ
winnable,0.9,0.0,ಗೆಲ್ಲಲು ಸಾಧ್ಯ
fair,0.9,0.0,ನ್ಯಾಯೋಚಿತ
monumentally,0.9,0.0,ಸ್ಮಾರಕವಾಗಿ
felicity,0.9,0.0,ಶುಭಾಶಯ
hottest,0.9,0.0,ಅತ್ಯಂತ
courtly,0.9,0.0,ನ್ಯಾಯಾಲಯ
headway,0.9,0.0,ಹೆಡ್ವೇ
bonuses,0.9,0.0,ಬೋನಸ್
best-known,0.9,0.0,ಸುಪರಿಚಿತವಾಗಿರುವ
significant,0.9,0.0,ಗಮನಾರ್ಹ
smoothes,0.9,0.0,ಸುಗಮಗೊಳಿಸುತ್ತದೆ
prettily,0.9,0.0,ಸುಂದರವಾಗಿ
affinity,0.9,0.0,ಸಂಬಂಧ
meaningful,0.9,0.0,ಅರ್ಥಪೂರ್ಣ
prosperous,0.9,0.0,ಶ್ರೀಮಂತ
ambitiously,0.9,0.0,ಮಹತ್ವಾಕಾಂಕ್ಷೆಯಿಂದ
versatility,0.9,0.0,ಬಹುಮುಖತೆ
lawfully,0.9,0.0,ಕಾನೂನುಬದ್ಧವಾಗಿ
resourceful,0.9,0.0,ತಾರಕ್
endearing,0.9,0.0,ಪ್ರೀತಿಯ
felicitate,0.9,0.0,ಒಳ್ಳೆಯದಾಗಲಿ
heartily,0.9,0.0,ಹೃತ್ಪೂರ್ವಕವಾಗಿ
admire,0.9,0.0,ಮೆಚ್ಚುಗೆ
suffices,0.9,0.0,ಸಾಕು
aspirations,0.9,0.0,ಆಕಾಂಕ್ಷೆಗಳು
infallibility,0.9,0.0,ದೋಷರಹಿತತೆ
surpass,0.9,0.0,ಮೀರಿಸು
delicious,0.9,0.0,ರುಚಿಕರವಾದ
complimentary,0.9,0.0,ಪೂರಕ
novelty,0.9,0.0,ನವೀನತೆ
coherence,0.9,0.0,ಸುಸಂಬದ್ಧತೆ
subsidized,0.9,0.0,ಸಬ್ಸಿಡಿ
surreal,0.9,0.0,ಅತಿವಾಸ್ತವಿಕವಾದ
spiritual,0.9,0.0,ಆಧ್ಯಾತ್ಮಿಕ
grandeur,0.9,0.0,ಶ್ರೇಷ್ಠತೆ
improving,0.9,0.0,ಸುಧಾರಿಸುವುದು
goodness,0.9,0.0,ಒಳ್ಳೆಯತನ
bonus,0.9,0.0,ಬೋನಸ್
amusing,0.9,0.0,ಮನರಂಜಿಸುವ
confident,0.9,0.0,ಆತ್ಮವಿಶ್ವಾಸ
felicitous,0.9,0.0,ಶುಭಾಶಯಗಳು
compactly,0.9,0.0,ಸಂಕ್ಷಿಪ್ತವಾಗಿ
trivially,0.9,0.0,ಕ್ಷುಲ್ಲಕವಾಗಿ
achievable,0.9,0.0,ಸಾಧಿಸಬಹುದಾದ
merrily,0.9,0.0,ಸಂತೋಷದಿಂದ
exhilarating,0.9,0.0,ಆಹ್ಲಾದಕರ
thrills,0.9,0.0,ರೋಚಕತೆ
tidy,0.9,0.0,ಅಚ್ಚುಕಟ್ಟಾದ
jubiliant,0.9,0.0,ಮಹೋತ್ಸವ
sensibly,0.9,0.0,ಸಂವೇದನಾಶೀಲವಾಗಿ
restructure,0.9,0.0,ಪುನರ್ರಚನೆ
miraculous,0.9,0.0,ಅದ್ಭುತ
glee,0.9,0.0,ಹಿಗ್ಗು
whoa,0.9,0.0,ಓಹ್
superb,0.9,0.0,ಅದ್ಭುತ
obsession,0.9,0.0,ಗೀಳು
joyfully,0.9,0.0,ಸಂತೋಷದಿಂದ
undisputed,0.9,0.0,ನಿರ್ವಿವಾದ
comely,0.9,0.0,ಸುಂದರ
gorgeous,0.9,0.0,ಬಹುಕಾಂತೀಯ
luckier,0.9,0.0,ಅದೃಷ್ಟಶಾಲಿ
worth,0.9,0.0,ಮೌಲ್ಯದ
beneficially,0.9,0.0,ಪ್ರಯೋಜನಕಾರಿಯಾಗಿ
user-replaceable,0.9,0.0,ಬಳಕೆದಾರ-ಬದಲಾಯಿಸಬಹುದಾದ
decent,0.9,0.0,ಸಭ್ಯ
blissfully,0.9,0.0,ಆನಂದದಿಂದ
salutary,0.9,0.0,ನಮಸ್ಕಾರ
commodious,0.9,0.0,ಸರಕು
stable,0.9,0.0,ಅಚಲವಾದ
scenic,0.9,0.0,ರಮಣೀಯ
unassailable,0.9,0.0,ಅಲಭ್ಯ
holy,0.9,0.0,ಪವಿತ್ರ
invincibility,0.9,0.0,ಅಜೇಯತೆ
enchant,0.9,0.0,ಮೋಡಿಮಾಡು
appealing,0.9,0.0,ಆಕರ್ಷಕವಾಗಿ
resolute,0.9,0.0,ದೃ ute ನಿಶ್ಚಯ
titillatingly,0.9,0.0,ಶೀರ್ಷಿಕೆಯೊಂದಿಗೆ
excellence,0.9,0.0,ಶ್ರೇಷ್ಠತೆ
perfect,0.9,0.0,ಪರಿಪೂರ್ಣ
revolutionized,0.9,0.0,ಕ್ರಾಂತಿಕಾರಿಯಾದ
exalted,0.9,0.0,ಉದಾತ್ತ
loves,0.9,0.0,ಪ್ರೀತಿಸುತ್ತಾನೆ
accolades,0.9,0.0,ಪುರಸ್ಕಾರಗಳು
delectable,0.9,0.0,ರುಚಿಕರವಾದ
wowed,0.9,0.0,ವಾಹ್
